Time_s,GPS_X,GPS_Y,GPS_Z
0,-0.785120482919207,-0.172307456913718,0.838082371283462
0.1,-2.60405695668611,-0.154869563199242,0.570658896424155
0.2,-1.6291806848984,-0.26127401982846,4.22387463638652
0.3,-0.821007835502726,1.51581528712225,3.94209042264888
0.4,1.57813098879994,2.50512953380275,3.59297436676552
0.5,1.08195291912502,-1.48154143512956,6.64585369473905
0.6,1.94681860007128,0.617950787805215,4.48190774967669
0.7,2.32131310672835,-2.93825997043958,9.08171420549066
0.8,1.28023138925495,-2.22679931503334,6.64807804863452
0.9,-0.3764934067072,0.635004757834571,10.6941565861019
1,-0.979211328641004,-1.20951045482432,9.50198925444771
1.1,1.31709134461304,-0.39632549606164,10.2468481785131
1.2,3.15782496695346,-1.81830563058406,13.8835189409564
1.3,-4.32825350193047,0.242144868688373,9.13846174196217
1.4,2.46501113061121,-4.13442442250064,13.6041086501153
1.5,-3.1928494502818,0.0436865669135921,12.7957441351993
1.6,-3.33448713459193,-3.13608094818549,12.6411714995543
1.7,2.57319062613251,-2.52967217346594,13.4561068538842
1.8,0.127035948066777,0.0463364032890239,15.2197389431612
1.9,-3.46698220469274,-3.70434301599978,16.2253463146915
2,-3.28186448483964,0.993830664418622,20.2830406999401
2.1,-1.21374531327613,0.767617473940696,16.6238238849476
2.2,-3.03395530533914,-1.98528521290245,21.3841459811675
2.3,1.04969362479845,-1.82782312995425,22.2618731304223
2.4,1.84478999011304,0.317610930434649,21.3526627065168
2.5,3.37389536785945,-1.0838684222805,22.6844509541078
2.6,-0.124970758191704,4.32599219058757,21.537404212585
2.7,0.570172912855295,-2.60099413797085,22.7243008787978
2.8,-2.92317263826547,-0.677925471570109,23.9439143837877
2.9,0.0976389918546237,-3.56928195997396,24.9324601103471
3,0.538928442801532,-1.9293651231278,26.7542957585401
3.1,-2.51065125867001,-2.57766965253433,24.658744290394
3.2,-3.31469037718913,2.54393959901354,25.736916083885
3.3,-2.05139414306802,-0.424339791219361,31.6684375444273
3.4,-2.57438541144578,0.78764076507553,31.7143848190209
3.5,0.108467109888018,-3.97058245874366,31.3629148456035
3.6,-0.650233514367648,-1.24145315435519,30.7851524871629
3.7,-3.39495351209433,0.0154723672686643,28.6178919433271
3.8,-4.95274261228329,2.07753943117651,32.3946162407484
3.9,0.734005145104192,-0.452381482059202,38.9361183405398
4,-1.84467605162452,-1.9754134260858,41.1268998153626
4.1,-1.79658106769831,0.709212908995296,38.4062964572668
4.2,-1.64309961225327,-3.36706268656119,38.986896839957
4.3,-0.493439808437001,-3.53878933179961,39.3705567627395
4.4,-1.37514187165141,-2.16958090946602,36.9003862071039
4.5,-3.36898986841268,-0.363842643711026,37.8101212106076
4.6,-1.96579946177821,0.912445947476255,43.7538083739974
4.7,-2.55272809974794,-2.14089553217538,43.7329417047863
4.8,-0.709006275229804,-0.992957244165252,42.7292956063193
4.9,-5.43553441560484,-3.62564006725017,46.7490615317343
5,-3.73573921910909,-0.297025106257488,48.0895353149833
5.1,-4.90922850775382,-5.13324919227956,46.2784158357621
5.2,-3.13426634553367,-3.99113758885221,49.704846356642
5.3,-7.31846799384871,-0.787725044143771,49.4683083537886
5.4,-4.17892508136909,-2.52640911176918,51.1476909364485
5.5,-4.50173994502445,-2.39842767125737,58.7510039685534
5.6,-5.87827041794224,-0.407176317298975,54.8626463771083
5.7,-3.49178645409185,-4.32854844194957,57.33201576862
5.8,-6.91966266083442,-3.85018645283154,55.7374807676252
5.9,-3.44291337944942,-1.27923234199844,55.3508819466934
6,-2.80560034851469,-4.22582913527668,56.3280390393515
6.1,-2.17763976680543,-0.229476078892418,62.0220748627751
6.2,-4.95556653182449,-0.308279633575011,58.6619955676052
6.3,-1.32363804612026,-2.14450615176267,60.577045546633
6.4,-1.57829221798375,-1.8622267612129,61.5968155622416
6.5,-1.90073988372512,0.0644405983307124,60.9308548186577
6.6,-1.51205137800912,1.73462894902693,61.7294382537771
6.7,-4.59789610122058,-1.31337969808793,61.4713842830283
6.8,-5.72560616250639,-5.81395666908852,63.2917707782728
6.9,-2.72396089771514,-4.36682943968175,65.7616080820049
7,-6.70036180318534,-3.33130538677562,64.1878733507377
7.1,-4.7268544536568,-2.65402181866478,63.5860416585705
7.2,-4.37135388385717,-3.88187113090359,67.611073153662
7.3,-6.93651571302369,-2.97541502532837,65.1465492314477
7.4,-5.95500868526648,-1.88476597616457,70.3430410648558
7.5,-5.1442442516547,-4.0860036168449,69.7450760550857
7.6,-1.30073828917941,-1.16458835486715,70.8632466147554
7.7,-5.51956266003054,0.464197070028913,72.2559921863532
7.8,-1.27438286395812,-3.08195739418278,72.5248275310006
7.9,-7.09510964481517,-1.28180375434544,71.4898907306406
8,-6.3326711167575,-4.91396705431197,72.7597565252612
8.1,-5.8717812462779,-5.45266722235793,76.2182385058253
8.2,-7.82012916864975,-2.22437257797264,75.1351829754536
8.3,-6.91918300706426,-2.64969775768395,77.5417660190087
8.4,-6.06494774663354,-2.29615538149637,76.2297102178563
8.5,-6.75873847997406,-4.32470457654125,77.5406564270198
8.6,-6.10196034943303,-3.38956596269635,76.8600559305697
8.7,-4.71525064762769,-3.24733214046512,79.8822403517053
8.8,-4.45995626757894,-0.486820488972282,79.6483893025679
8.9,-5.39876023090407,-0.388237658956275,78.8956578056372
9,-3.23144582542025,-3.98533357191383,78.3227479467848
9.1,-2.15669653488282,-2.58615652087055,81.0262789873172
9.2,-1.10156670729767,-1.108902141864,79.8551873295064
9.3,-5.01118982492154,-0.499008059137215,79.7350429850297
9.4,-7.67135878747156,-6.33954209955662,84.6738894791527
9.5,-4.19089849342352,-4.163535776654,86.2413481997675
9.6,-6.64593857481516,-3.88739744851603,81.7331783840529
9.7,-4.99425726387265,-1.46755678214735,81.8839209767599
9.8,-4.27546759147636,-3.03411981604943,82.3833867718899
9.9,-2.91311921243868,-2.39853114894194,83.6353502809724
10,-6.57072429180381,-2.98687837810507,81.102309757735
10.1,-6.74973112683042,-5.20245989614218,82.9132115477041
10.2,-5.92180104850801,-0.927811428184934,87.5087824681623
10.3,-5.11276421592665,-6.12432151196884,83.0315153898549
10.4,-6.87722599317128,-4.20644049386472,88.570797177358
10.5,-1.02174093170472,-1.57668069464677,87.405510719601
10.6,-1.90030330880732,-4.43382757415989,86.266132364318
10.7,-6.0345035408826,-2.83605218112287,85.9133342955307
10.8,-2.76554146015514,0.230287624874753,92.2147651021569
10.9,-4.29633612778534,-1.88022017006513,87.8178257058929
11,-4.43023684307943,-1.36928283254392,86.4657858520047
11.1,-1.03875333353619,-6.99572789331657,88.4847387383911
11.2,-1.08796157038233,-3.06539285908752,83.1348178309558
11.3,2.31110748015876,-1.96133527688328,88.7056272536561
11.4,-5.18233516187076,-1.24493415248198,87.1945427601082
11.5,-0.79081314600509,-5.05323559272653,88.186802474532
11.6,-1.19903122538122,-5.15553213020322,90.0647820037658
11.7,-2.06956546145433,-3.14585399432863,88.1730680471273
11.8,0.0697952684619876,-2.84953037186461,88.1535716729046
11.9,1.42975756887347,-2.87383220515801,90.5607654137724
12,1.37015669501541,0.121939136295815,89.738311641413
12.1,-2.74571741472491,-3.07500039964554,88.7158406651254
12.2,5.42840218929596,-1.65018506152005,90.1777131207712
12.3,5.22434002471431,-6.9269878102594,91.4385818987319
12.4,2.56003178165977,-5.25448016985044,90.9888067777332
12.5,2.39154653354638,-5.84602023757282,89.6993553588274
12.6,2.42291039271608,-5.32897124927136,90.0359503087109
12.7,3.83323482152986,-3.89851729933198,90.9724884364193
12.8,1.61364178272426,-4.72349030513393,89.1835977948021
12.9,3.74423634816405,-4.39250289201789,88.8370548463236
13,5.69126938621484,-5.6845806839818,88.7764556290719
13.1,5.13272460065768,-1.57096347660166,87.7497436378601
13.2,9.01541731610252,-3.48530628224614,87.2731427566468
13.3,10.1163917220462,-4.31695698944194,91.0415869309047
13.4,7.38175309936959,-3.76451304066332,87.0898818862938
13.5,8.99856563557609,-0.877277908385945,86.8076074464151
13.6,10.7023655119036,-4.9164333228814,92.3792423422405
13.7,11.217274861769,-0.624417679246615,88.2465609655277
13.8,11.2358201706676,-2.14933003838974,90.9560138045369
13.9,6.08748170021616,-3.82413232939399,93.2561959272691
14,14.3252774731042,-0.111323552318193,89.8458292344624
14.1,9.67098834253773,-4.63565183156375,91.5029968425664
14.2,12.9614918077702,-3.90816219059806,89.24006917322
14.3,12.680631954584,-8.7337017634969,87.5513348159198
14.4,12.4241954060819,-2.72947947996775,90.9627904001787
14.5,14.2803425483942,-3.9009385950821,89.7869885145845
14.6,15.8811599464432,-4.64925223541468,93.0165443816586
14.7,14.4931645493813,-1.74196090111292,88.2110423687427
14.8,16.52173166707,-5.80498334347937,86.6584715481676
14.9,14.8002781636488,-4.22696309519129,90.5129726784161
15,18.1568209311405,-2.13667778673501,87.6212258486721
15.1,19.2768960495364,-2.24140577481843,89.5354965056999
15.2,24.1139281532662,-5.29211772901804,90.8794315063524
15.3,20.4459560418648,-2.51753940940371,93.0981188337889
15.4,22.6900461338443,-3.16703270812648,89.5096350506858
15.5,19.8145093806663,-4.98158800214462,92.2274557222852
15.6,22.6489233390076,-3.00471023296098,91.7323990843046
15.7,25.4133982574779,-1.22267668934255,94.5544130074141
15.8,22.575888438885,-4.06448704025333,86.6335514648329
15.9,25.500068834222,-3.2555764215624,87.4731401814332
16,27.8054601356451,-1.87388188922724,91.4991966873954
16.1,26.7143411814192,-0.531253061780599,91.0729050260477
16.2,29.2609610318317,-4.52981552676811,90.535494575655
16.3,28.5221936662764,-3.41076539137112,89.9016299937448
16.4,29.0909355555954,-3.6973580615596,94.5262126644403
16.5,28.3261588712681,-5.07704848543175,85.1411495909755
16.6,31.1216296470309,-5.94804945094092,90.9133515303457
16.7,32.6197515036702,-4.56363793855685,89.8216872416683
16.8,31.3602833042659,-5.7137664783591,90.5914746297047
16.9,34.1837667155306,-4.31007318135407,91.0830248629309
17,37.4361457811394,-9.45822767419783,91.5192730569248
17.1,32.9718626513465,-4.66787463479199,91.9460334309659
17.2,35.8312351396055,-5.63690414532985,93.8440789340592
17.3,37.8891336270641,-4.72602628781121,92.5770123202874
17.4,38.7025766750728,-2.21624429662721,90.4225973929116
17.5,37.5273472354809,-6.23258775980439,92.9652454524662
17.6,38.7395604997515,-3.75096336418871,91.0022883844257
17.7,41.7029539939174,-4.19212270623991,92.9613527270901
17.8,39.4988431986589,-2.50051495318645,92.5546267661654
17.9,41.2996746859184,-2.49573685589271,89.4558823183164
18,44.0994426228235,-2.78673565862771,91.1146934518419
18.1,41.2450583724235,-4.32824652430735,89.3260610763191
18.2,45.3079405494197,-3.95788954767716,89.1705010761943
18.3,45.5392773948639,-5.15388457118248,93.0156781735939
18.4,44.8050311197986,-5.67178378312464,88.6018379170099
18.5,43.8629290651632,-4.78307753481307,84.9464781327483
18.6,45.0342503614465,-5.18678572657264,89.5383120260269
18.7,45.4851164824058,-1.09927631761274,93.3949014414281
18.8,43.9010990834705,0.555448465459041,89.0380520797181
18.9,48.8098538929599,-6.60595448849166,85.3041022630223
19,48.9111670439878,-7.56213050457512,87.3177492979409
19.1,53.4241111466615,-5.42698908230386,88.0283012909835
19.2,50.6132168943706,-7.48018253248497,90.9427671315147
19.3,50.0719102494701,-5.07199074798396,90.8490453550179
19.4,53.1395525067963,-3.97655774060184,87.0878233541315
19.5,51.3924565275375,-5.34829870767426,86.8221864720825
19.6,51.0670637519077,-8.69828294088625,89.1230967798007
19.7,52.7670849155611,-7.28668015755729,87.1887874778574
19.8,50.9347977968999,-3.93907497590075,91.4095792518071
19.9,53.2832816398778,-5.09949534464419,89.5747964003547
20,55.0207660076221,-6.51489551475181,89.2126572222862
20.1,52.1030661406375,-1.45095654816673,92.6936323310653
20.2,55.355107005023,-4.6764395399843,90.6113286414337
20.3,54.7528975963154,-4.65462134179056,87.9904711049754
20.4,55.8406186981914,-5.18309178027289,92.1848797451334
20.5,55.7025090207605,-7.8600508939021,87.9593509131014
20.6,55.5550920463088,-3.98886404749619,92.2928898954582
20.7,54.5808721042811,-6.98492612814108,90.1599725385576
20.8,49.4380274802922,-4.6761598909722,92.7342835787795
20.9,58.6892462281109,-4.33229628903864,91.2519727094358
21,57.1918904007514,-3.49072153061619,93.0724515735273
21.1,57.235170940756,-4.39160873561254,91.6903808910937
21.2,57.0039495210729,-5.15756627221606,93.0952748290916
21.3,59.822436981426,-8.34820817736587,95.2560474696902
21.4,56.1537255678996,-6.36096496775826,91.968096236675
21.5,56.3158928813533,-6.55751626189577,94.0816031579649
21.6,58.1887732993031,-7.11649483022976,94.5542860144389
21.7,58.1742165047856,-4.69937238342447,95.4375020516064
21.8,57.363159708706,-6.51166589524398,94.9947899214586
21.9,58.0466178333464,-5.00209730111738,97.0267220680833
22,57.8850793884961,-6.86752885804035,97.8786091203687
22.1,61.0680411662727,-9.51264290955203,91.3816512162787
22.2,56.2019268414724,-3.30115287030267,99.4347072420172
22.3,58.1626497406342,-8.17166526348127,98.6785237093969
22.4,58.996664013996,-3.06931873480355,100.597246787317
22.5,58.4198964518509,-3.98475016096647,97.1534706462736
22.6,58.8145811260682,-7.37682484908974,103.923577398376
22.7,59.9611836330779,-8.41294167388468,101.158376953604
22.8,58.9853823996815,-10.2121943038265,101.92272263419
22.9,56.8100938345633,-6.26873116243761,104.742346935755
23,60.1818619148188,-5.99469220324519,101.077428415411
23.1,61.6270806000446,-6.32141555657006,106.453041735109
23.2,59.9644171932361,-6.87434194883721,101.363638451326
23.3,59.1233054310395,-5.77529420580053,104.637862147587
23.4,58.5075889423602,-5.66590479823966,106.349291420345
23.5,62.3485916532113,-7.29301139248397,100.727270122951
23.6,60.2344449915841,-4.35980162931126,106.549325290178
23.7,59.4295479932905,-5.36285974707118,107.009882854095
23.8,62.2120121583926,-2.94047144873736,107.315520347994
23.9,61.3555765377498,-7.2041415368951,111.020153059413
24,65.4397254568775,-3.2099974574509,109.400827640455
24.1,66.3057615282818,-5.40582660171287,108.356277260504
24.2,61.2477376241833,-7.51257999086968,112.766487162542
24.3,64.3756030449849,-6.985953051438,111.990772015428
24.4,63.2708697095392,-6.63376618356503,110.340367751428
24.5,62.145557789071,-7.66704774008045,114.25443178189
24.6,62.3147511479817,-3.91152620490304,115.774524188488
24.7,63.9032115967485,-8.26002570440663,112.943945695411
24.8,62.51575325954,-7.1666250696693,110.063744950603
24.9,65.6231658577803,-5.34151371560543,112.392009538995
25,59.236172212461,-8.12869194508007,116.503587265002
25.1,66.0025375304949,-7.10010955533361,117.863762361351
25.2,62.6215058721702,-10.6622184139046,119.846823412716
25.3,61.4779350321767,-4.8692035050149,117.152097619161
25.4,65.8504471684348,-7.48679360753564,119.482623000486
25.5,64.6962383089175,-6.05978839912654,123.451269549884
25.6,64.5373357743194,-7.57612218880001,121.19817246727
25.7,64.8290956239839,-7.2677583322342,124.786057859442
25.8,63.4145253990824,-7.27334691783388,123.306113592111
25.9,68.8296185404351,-6.02294542078365,126.970591153015
26,63.9083220865563,-6.07566679609774,129.855280437451
26.1,68.2209472816342,-9.72739690404629,127.813128964615
26.2,64.7877459464636,-7.95077146327936,128.22893166604
26.3,66.3415358933444,-5.03732271189453,130.183590311575
26.4,65.277622482735,-6.89869923341499,130.879205586531
26.5,68.9490137153242,-4.27259326527109,130.089053951643
26.6,62.6887292228525,-6.55781954639717,135.15638905671
26.7,69.5892391378275,-8.3848971133666,132.814034630284
26.8,68.1507330013046,-5.04492004068952,131.598477506941
26.9,65.4507909991593,-2.62661611396174,132.058226970902
27,62.7727453910231,-8.20999392300394,136.359810173784
27.1,68.3150363717956,-5.93872427600836,133.054547270827
27.2,68.7792489140283,-5.71021370310613,133.210576542114
27.3,69.2758949832591,-5.71161279677683,135.977014265635
27.4,67.950874775055,-11.1128338389736,134.962504765259
27.5,69.6522603418944,-7.68174871951073,138.264994803718
27.6,71.8610362301868,-9.97956586903709,139.533786928477
27.7,70.0190276203881,-3.5220795761593,144.272453005836
27.8,70.5854368291036,-9.92842511815953,138.909719430658
27.9,68.590555193107,-6.96348039159149,138.769202245905
28,68.5496835925025,-7.49312190071404,143.869391648268
28.1,66.7852209616933,-7.29720459093854,138.861537770885
28.2,67.5008635865845,-6.75869884039967,145.257090758773
28.3,69.4459572459681,-6.79074163416326,144.119094398238
28.4,70.182802724083,-6.39379162519978,145.354092372339
28.5,67.2294119719642,-6.50367707451052,149.479793681548
28.6,73.4673968156837,-8.26961804324902,145.021281657647
28.7,69.834834691815,-2.95801074290639,146.406368751326
28.8,71.5518523875171,-8.86150491065446,149.119140598923
28.9,70.2605849773652,-7.73025410407303,148.73472279542
29,73.216046591752,-7.30336855144812,149.854986508362
29.1,70.2685474984654,-9.6364669917185,149.430566053892
29.2,73.3038695614336,-7.36645175974526,155.790153501267
29.3,72.4111146108966,-9.75878040224428,153.028373557892
29.4,69.2161690996782,-9.21468166310885,150.306664424095
29.5,67.2500159313874,-7.21496258045533,155.128257009324
29.6,71.1374775445228,-8.08057981016611,156.922926209218
29.7,70.9586565278456,-8.20634893206445,154.969601562736
29.8,72.0395340628436,-7.03211666264102,156.304419115719
29.9,73.9322735341392,-7.30187190748325,158.043691180981
30,69.7706038804147,-10.5233778144135,156.130176933853
30.1,70.9427361604685,-7.8279774103544,159.91352011245
30.2,72.312005382371,-8.28907122368824,160.81355037315
30.3,68.1084378766851,-10.5108400117806,156.80196157338
30.4,68.915727676022,-10.3937816973063,161.521346029757
30.5,70.9005340048785,-8.6679771473363,161.736769363131
30.6,69.7196135508782,-8.80323451897905,163.347367707963
30.7,70.4300679022063,-9.8873248928564,162.417907169123
30.8,73.1891767859272,-6.5029738477862,165.516536365201
30.9,71.4051806398177,-9.47780702197021,169.757211095732
31,72.8024406448952,-7.81675533619052,167.582842688938
31.1,72.27420364665,-8.9794031333465,165.491433172222
31.2,74.8350875594795,-9.77481135274074,166.462581794248
31.3,74.3375840345136,-8.53402039075258,169.921678072356
31.4,71.9415804282821,-6.73779682936041,171.054296171348
31.5,71.6007083452641,-6.77776095989031,173.093385931303
31.6,72.8257166903513,-8.18059421009831,172.313965479466
31.7,66.7629746857508,-4.27981479277995,169.13633500371
31.8,67.2646628518341,-9.88318508184836,172.681044809265
31.9,73.0580828329573,-6.99466185779693,173.831132280496
32,73.2418163567059,-4.40172430429196,175.32118957262
32.1,73.0660749102258,-8.48747613272087,177.199867906968
32.2,71.6922954883495,-7.74705081188114,177.700432691375
32.3,69.7936333342286,-10.225255328749,176.039252206149
32.4,70.8555042162995,-8.88559776510783,179.143498612661
32.5,73.4648335079151,-7.91342070589028,178.979885034438
32.6,70.733718549162,-7.72053600098143,179.001093992442
32.7,68.353005550728,-9.39314088039276,180.289316634808
32.8,69.6352497323142,-10.3803615782117,179.516701614095
32.9,69.7659825615541,-9.15056182618532,181.761347512424
33,73.1951641565605,-10.6377009824948,184.754905502251
33.1,70.8249911975454,-7.78652362405999,184.724259296119
33.2,72.2407483131003,-8.85733857758617,182.335883215238
33.3,72.7122523461449,-9.98623051638846,187.651439940213
33.4,70.358709932206,-10.2095860007614,187.441053889358
33.5,68.4707228074234,-8.18153391653258,188.127812573971
33.6,70.3642134758549,-6.61625537347705,188.588261944068
33.7,74.2296364507254,-6.89143809822334,190.966767553502
33.8,69.9080082265949,-8.44254691391463,190.394085563304
33.9,74.2569100912433,-7.93238641209774,191.24478944239
34,69.9061043290508,-9.10501184645618,192.253523129738
34.1,71.66010241252,-8.8262744140251,191.969111518842
34.2,67.5791761422707,-9.05296148818253,191.653192089222
34.3,69.4882597162166,-9.5569306043452,194.450422878848
34.4,71.511749750015,-8.50559784351115,192.636734776369
34.5,70.6202971717689,-10.6150844344136,194.113793906679
34.6,72.7781836290322,-8.4031339365069,196.169794018353
34.7,73.4238266578498,-9.26657584752063,196.150856292701
34.8,72.0260291649041,-7.26661559771859,198.457808846476
34.9,70.3904968377409,-7.07972313637386,200.263683862662
35,67.457980577893,-7.6466766196724,202.977759912951
35.1,67.5822886729365,-7.45884668426373,202.897606070285
35.2,69.5716193383694,-9.47488142937127,201.539697764499
35.3,67.4560072132845,-7.12974118776785,200.060418576393
35.4,67.4688363531214,-9.12412202461115,201.864461133527
35.5,73.9598443590711,-8.47415541124413,202.231392354784
35.6,67.8916966523236,-6.90318153396902,202.982927278009
35.7,68.2309726148237,-9.66980013396529,205.755055834482
35.8,70.460189992428,-12.239244189504,206.322448546702
35.9,69.9826719952735,-12.7775652744105,207.425132175388
36,73.5142814299371,-13.2570357504059,206.537484461363
36.1,68.5005512266893,-10.1224900904635,209.441406936567
36.2,73.1018675143787,-12.0358481648767,206.624056221628
36.3,68.8575749116183,-8.96764740741159,207.614376446319
36.4,71.7460015213716,-10.3604567425665,207.595015745294
36.5,68.663397565502,-9.31000464094353,209.131782386314
36.6,69.1136751351679,-9.87085107820913,207.301337465073
36.7,68.3317574773666,-10.4675283499566,209.383806462349
36.8,68.0630752554085,-9.65435152291298,211.977855900762
36.9,75.4075263862869,-10.2931390735513,214.916798298513
37,68.3054989526517,-4.61986600108363,210.573928358893
37.1,71.6036205502454,-9.30656039072147,216.263623079077
37.2,73.9168317822237,-8.59531552468915,213.766604517333
37.3,66.4850549617324,-10.4378765889981,214.798411536902
37.4,69.7350256776458,-8.082865534394,218.139455552041
37.5,69.6108213600073,-10.7890439626475,217.937168200523
37.6,71.063472629308,-6.30951549886798,214.483848936103
37.7,68.9177580507318,-9.59741933418095,218.537699665716
37.8,67.5478845662338,-7.97414627474221,217.737792754978
37.9,70.6253824559773,-11.4790827780678,221.220319223658
38,70.9532282243346,-9.76270548704597,216.577303072138
38.1,71.7464854286842,-7.22233183411461,222.029923410445
38.2,70.1769163648609,-11.0691432648141,223.740737413363
38.3,68.6906416842212,-9.58270012491497,217.545091596444
38.4,72.5410044691168,-9.90634614227859,221.893939353295
38.5,74.3744899658942,-7.75262522674081,224.901335242492
38.6,70.5118008464262,-10.4132837557488,222.638571516961
38.7,69.7109334045468,-9.34637160997043,224.5600815939
38.8,67.6526423666401,-10.7485862802116,225.928257123055
38.9,69.1814092112875,-9.77129884717694,226.936092831403
39,70.5533085606745,-10.198171281007,224.912169970915
39.1,68.3895858194062,-10.3674879995697,223.915212538554
39.2,67.3511932413626,-7.18129266995066,226.498801494232
39.3,67.8979723896401,-7.12705904146309,228.571375012836
39.4,64.8569879157643,-11.6215512509581,228.810026959065
39.5,66.7348748654492,-12.68443945713,230.794000721286
39.6,71.1341919391804,-11.951363419699,231.163762636898
39.7,68.3190477683182,-11.9958990154534,230.756214217241
39.8,67.44276517258,-7.29220547016675,229.404575404884
39.9,69.5051085657254,-12.0699003911407,233.636074190149
40,68.12397570827,-6.99841358674748,231.476495874077
40.1,69.7628321149329,-9.91707144774266,233.663994804558
40.2,66.6611929313038,-10.8544526843601,232.402643561587
40.3,71.9543117703448,-7.75671498149255,237.148590555883
40.4,71.2059694752404,-13.6147413344018,242.272039290355
40.5,70.5629820772732,-10.9365548229485,233.982658586936
40.6,73.7029535811842,-10.5354984281796,234.022150813905
40.7,68.1032009823378,-7.21047656656557,235.905742890164
40.8,68.5814390519283,-10.3381913479852,233.89782183722
40.9,68.2726393868885,-8.98855605107559,237.601904816087
41,71.7978164796315,-8.57078684584449,238.017479103573
41.1,69.1269858871046,-11.7951141439688,238.253038145215
41.2,71.6423762250711,-12.8082738026398,236.608166812095
41.3,67.6960618339063,-9.85934005162795,236.214105115703
41.4,67.7431666769186,-9.22965750287666,236.101404958136
41.5,69.149742715354,-12.0327950447009,245.858727849748
41.6,69.5374266027792,-10.7608094462176,241.478269667332
41.7,71.6362333082661,-11.6007316849391,240.329996783674
41.8,66.9068872900708,-9.11037665818276,241.71819829656
41.9,61.4848470817932,-13.9590915751836,237.742353385037
42,68.1071569078292,-10.0158200587454,238.826937060771
42.1,67.9562496285636,-11.924111676983,240.760953685019
42.2,68.0937823851097,-13.3325366657088,241.579981338989
42.3,67.1947791350057,-11.2610984036931,243.689973281829
42.4,65.2145198339551,-10.0188391138167,244.051486366325
42.5,63.3651191447953,-11.5322104828758,243.736609910573
42.6,65.4179963033531,-12.2283637714702,244.310178105826
42.7,66.6073793581515,-10.2061188041452,244.221234754229
42.8,64.22490995097,-12.4647500157832,244.97535723297
42.9,62.7134621364835,-11.4020656945494,242.720854161311
43,66.1502370273059,-10.6362797009842,248.327617840259
43.1,62.4172697768161,-9.44148040974743,243.573373704413
43.2,62.8977325303825,-11.9158086166629,241.629245129128
43.3,60.6241928849323,-8.66407158357937,248.437734473794
43.4,60.9767899253174,-11.7909194617209,244.139019803961
43.5,59.9028471993945,-8.96104369499513,244.738100645675
43.6,61.3879201649971,-11.0316096538901,243.014970665136
43.7,57.6329794333544,-7.89019258789575,245.250823129873
43.8,57.8454415581402,-7.00593765372209,242.455444150457
43.9,60.7168492515709,-10.8969192052093,244.663459693294
44,59.3115610564881,-11.9031797948668,244.598817587999
44.1,59.2264543268118,-10.5653338847526,246.771077003035
44.2,59.8165494194032,-9.20780478241032,244.121926689579
44.3,55.4441075016218,-6.50656690817391,245.88516365483
44.4,55.5220642752434,-6.11846837884024,246.077864900783
44.5,55.7284964734052,-7.68110303813196,245.089568750159
44.6,57.6365985725459,-10.4543739606744,246.032932259172
44.7,50.8133208289652,-7.55192740581173,244.452053281184
44.8,56.0189489273487,-9.5913903279615,245.938465353949
44.9,54.6000286828624,-6.67039794011762,244.12587321107
45,50.7162082033261,-12.3437388477846,243.028883081123
45.1,48.9274798804454,-9.44979171071346,246.584181117578
45.2,52.1342424003674,-8.63624652486818,244.402471502378
45.3,52.8570031636649,-9.71850177659751,247.802680005031
45.4,52.1774141792221,-6.88285321604397,241.755332295545
45.5,48.0361978114626,-7.98392850921475,244.147755573828
45.6,47.6811893395586,-9.6403208591589,243.933897576188
45.7,47.221714810332,-6.54847766720579,242.069827055403
45.8,45.2329316338232,-3.4901233877225,242.666573406923
45.9,46.0024608614763,-7.09436092860293,243.845795830211
46,45.7635981437454,-8.99028971716023,247.550119749953
46.1,40.759493852985,-7.226474547106,247.722451982173
46.2,43.5999351357,-10.3514264754826,245.735928376587
46.3,43.3300192426534,-10.1308368034303,245.843744497523
46.4,43.3430744320073,-10.7105110571027,242.360021859055
46.5,37.8411861431038,-9.67029631310462,245.357273880167
46.6,39.6716411855741,-9.40418915937833,244.677709951094
46.7,42.248157683595,-10.164034138675,246.2583730557
46.8,36.2117882482087,-8.48212479676927,242.401629013909
46.9,35.8736624058195,-8.38489037977516,246.734131449938
47,36.6074964735603,-7.02492202380469,242.51682294052
47.1,39.4937606606699,-8.64013170911526,244.691417470002
47.2,34.4114886120091,-7.33089432156258,240.993417263817
47.3,34.0782814291408,-10.8316806455723,241.47477814008
47.4,33.6578116409336,-8.19658443346174,244.906115653256
47.5,33.5225610625943,-10.9996683482336,244.601027616569
47.6,29.1802343694335,-8.53075839492618,240.183412390577
47.7,31.4323911734757,-8.36718416422113,245.031266781969
47.8,27.5831040830448,-6.70920370614788,246.34028098049
47.9,27.8838431723511,-10.5803151011297,247.131862685582
48,25.4649408502856,-8.39951245113552,245.384454641651
48.1,25.4212773216641,-4.28191747676672,241.220981744948
48.2,24.2254751894078,-9.3918674825601,245.489409650588
48.3,26.2414900844283,-10.2527566036004,244.954567983861
48.4,19.5539938215698,-8.80022532689745,237.570171988011
48.5,23.2558110588087,-9.25046699800397,244.373683054498
48.6,22.0950874386057,-8.63762618868268,248.098796665794
48.7,21.5189523086677,-9.15865431608514,244.113290285747
48.8,21.7739365858457,-7.49956923671055,243.428830389011
48.9,16.7687827977719,-3.88565433930804,243.856339690591
49,21.4317575315192,-12.475397998808,241.283184578595
49.1,18.2837477326297,-5.5726339736699,236.405040980403
49.2,20.7238428777909,-6.68185303644865,241.266660027284
49.3,15.2939644309332,-7.70447086164123,242.148444980673
49.4,15.1146246700537,-7.63197170602951,246.638139371316
49.5,13.4372832337228,-8.88780059030197,243.256770858323
49.6,15.4667750647924,-9.17923710016711,240.815712630228
49.7,11.8797866813637,-10.4746143080898,242.738726030593
49.8,10.2405406524006,-6.80813500645468,240.309222437988
49.9,14.5257072650249,-9.37000280275695,244.318887378287
50,10.7307727347137,-4.82319638208999,239.660667699436
50.1,12.4244724125892,-2.78943112735377,240.56302580789
50.2,10.1357010101489,-8.09038652223582,241.007054226144
50.3,9.60413785536378,-4.49618506812495,241.811485912502
50.4,11.2778120403922,-6.82900790132193,240.761189995825
50.5,7.68272617163581,-3.53334198924703,243.626321880104
50.6,8.06567360679211,-12.0069907953769,241.902295739747
50.7,8.38740721180306,-4.15831904625405,242.250058226859
50.8,4.62507343456635,-7.06053256668875,240.931208545947
50.9,3.17450640042992,-5.37856059106097,240.732347905391
51,4.66751818286176,-4.79954695767866,244.571775449281
51.1,2.62578044027707,-6.19392713682799,245.940768329621
51.2,4.33083985220671,-8.40284548810959,245.303799967154
51.3,2.94577211211218,-7.24642647121432,237.114519724496
51.4,-0.90340235292506,-4.95589252532415,241.231767071385
51.5,2.86043044976735,-8.62876973881718,239.46624278508
51.6,-0.143093543235892,-9.78583961289119,243.506765627573
51.7,1.76968361850424,-8.69962708474388,236.892908994716
51.8,2.19661248226254,-6.30469272657485,242.295553852164
51.9,-1.43865002479069,-1.95171088178552,243.063870012244
52,-1.11440967580726,-7.92149654066276,239.34873228566
52.1,-1.70551965911512,-6.66418719737443,240.899073975197
52.2,-2.24208591425705,-8.06683017683818,243.460619293827
52.3,-0.921530058364046,-7.02453283570077,239.815881434784
52.4,-2.68827849931465,-2.93331398178569,240.256228952054
52.5,-1.67118407602777,-11.0432993011265,244.184821885837
52.6,-3.94660362307093,-6.67848598567326,241.017834847375
52.7,-2.76828964284777,-5.87791239610834,245.299760836716
52.8,-0.193769045098527,-8.30426227114762,241.514895658536
52.9,-7.27100837596991,-7.34305240824825,241.746171738593
53,-2.88617740420394,-8.56802134989427,238.794487905438
53.1,-1.7621342636266,-10.0327624142839,240.072511177291
53.2,-4.18854674330216,-2.33422797110536,244.15232465535
53.3,-5.94566296163699,-9.36969436061993,237.987079883794
53.4,-8.16226614556281,-11.4696220957387,241.511555714062
53.5,-5.7665731176671,-9.83270565803124,242.00968640119
53.6,-5.15632834067828,-8.49297478904296,242.858714084728
53.7,-4.59869064584777,-3.49169579373718,242.219788622963
53.8,-10.234706953117,-4.64884776117948,244.826492550428
53.9,-7.52199445215017,-3.96386510869308,243.046956973199
54,-4.73594247482251,-9.18791575957289,243.473628222006
54.1,-7.58606312928662,-6.86635946880051,243.472750877815
54.2,-6.7408843075773,-6.39439430852586,242.572130057928
54.3,-9.53305005579122,-6.31173789154219,244.661877417869
54.4,-3.86807332569637,-5.52436473047375,238.614062563591
54.5,-6.11594582248356,-8.00347199792336,238.764796891062
54.6,-5.32695775108225,-5.26712560436526,238.439418210864
54.7,-5.07852793586889,-8.1106682913976,242.172826498593
54.8,-9.32257821926425,-7.77906195432725,242.151610589916
54.9,-9.9644201175455,-3.90215594281633,240.503644676721
55,-7.66225837057567,-4.6916829830343,246.695604110903
55.1,-6.43338360835999,-3.7210027561886,245.319088810272
55.2,-7.31374922864786,-8.81405927815756,242.437882957777
55.3,-4.58713332768427,-4.8042836316345,241.272081994315
55.4,-2.39299820869269,-7.69331528039586,244.413745910593
55.5,-6.15527646993316,-7.28401323239696,241.625453843033
55.6,-6.02846667673639,-4.52381266875477,241.587022179768
55.7,-7.1153831988204,-6.61505656958176,243.71474255193
55.8,-12.7636520501504,-7.27822573915164,241.265886815222
55.9,-7.05460007727628,-8.47376046811956,238.854382488682
56,-2.94129546594121,-10.1875609444485,240.125313595594
56.1,-5.8558898250199,-9.37916369811249,241.617956492277
56.2,-7.06526641198063,-8.77519392356196,242.467850675207
56.3,-2.96873650959343,-9.79531240402964,242.481296929367
56.4,-2.66432194321541,-10.0776754409743,240.252687911115
56.5,-5.52253679607973,-3.78457763640351,239.476479495474
56.6,-8.26113537111061,-10.1945468265165,241.263053976672
56.7,-8.07161274601911,-4.44010362293052,242.410763472871
56.8,-5.3895020827324,-5.74306275571179,241.07429299604
56.9,-7.1086461429146,-8.85929687537554,244.695405841549
57,-7.11994736377121,-9.79113263387329,242.562862215646
57.1,-11.837500396365,-9.10017617825018,239.13037430164
57.2,-7.40948845308025,-3.90292103049341,242.417474874755
57.3,-8.11562614787256,-5.87343315119575,241.66364735478
57.4,-11.5487047427145,-5.32489285568804,243.141578729028
57.5,-8.55896466592768,-8.32829397352913,245.270842915856
57.6,-10.6535041544322,-7.75728371130738,241.694727932734
57.7,-9.43954266672843,-7.39603765532363,244.160387200384
57.8,-10.0854110413703,-9.19954076032488,244.9353407833
57.9,-13.4501344650413,-4.25917091528994,243.553802019392
58,-6.77804730381258,-9.96124257853726,242.039234353513
58.1,-12.2769034607466,-5.13934008549712,243.204674273376
58.2,-12.8490330593208,-5.41471974171869,244.513196561478
58.3,-10.3403669145962,-7.02385307294231,243.724033899223
58.4,-10.3761017925896,-5.25959550790377,243.642819246145
58.5,-11.8024678513344,-7.74782827087211,245.5947069302
58.6,-14.5558844059738,-4.55786299975814,243.502806290456
58.7,-12.9558222811654,-10.5927795380264,244.534664280174
58.8,-10.8383159703723,-8.49831866279279,245.671405446796
58.9,-11.6127918761508,-8.2754909749727,246.208270519917
59,-18.6154906238198,-5.60904848283766,248.84208766198
59.1,-14.342578369708,-6.99608734133575,246.284474002068
59.2,-13.8873825421903,-5.58097196055984,245.199920704062
59.3,-13.2551390955991,-8.43772682538779,247.587181999436
59.4,-13.9984727085445,-3.58807290257589,249.118209342228
59.5,-16.7785859493419,-6.81203122441004,249.339514174892
59.6,-14.792276897117,-10.3681368162249,246.430762269977
59.7,-12.5854294971659,-5.12277816154038,249.324971905806
59.8,-11.1865691919582,-5.21197695880745,251.140694058334
59.9,-15.531764224057,-6.72207001012897,247.576467661021
60,-14.4239794812611,-8.27758635156354,247.221070169789
60.1,-15.2780359163857,-8.39870866801178,254.674638510898
60.2,-14.7746352267547,-6.00273450289587,252.934572215397
60.3,-11.6542492075952,-7.38430232132336,250.681759072084
60.4,-14.3658674793242,-8.36407651208575,252.801173133911
60.5,-13.5066099776251,-6.07807990825685,255.065825273682
60.6,-10.1336948925874,-7.78354637888349,257.804438880615
60.7,-13.835795195519,-9.24669586090124,252.59362602048
60.8,-11.7726557649147,-7.68743805796869,257.823964235428
60.9,-11.3899429271582,-7.07961714796159,256.534831635751
61,-13.6086874743092,-3.58474928352189,261.044496261991
61.1,-19.4754639422749,-4.96196237715725,260.772264656752
61.2,-11.5429247332394,-5.63471357078698,259.23260973286
61.3,-16.7245123658106,-5.00397579371051,262.236393602402
61.4,-14.7852094132289,-7.33073375434609,266.81551676478
61.5,-13.4694980841917,-4.56565675729584,259.486107935581
61.6,-11.9432290461734,-6.1012034674901,263.842387747301
61.7,-13.4400051516624,-3.67157559561624,263.386422937238
61.8,-15.3602115559808,-7.34859391705942,267.667389213855
61.9,-12.9664969887872,-6.25118217260864,264.894523092691
62,-15.168372763842,-10.5525962505026,267.160565689422
62.1,-13.6986577546858,-8.87506894747207,267.01345958006
62.2,-14.0247724386821,-11.093916678742,270.522289902358
62.3,-15.4469927148436,-9.82945292327738,269.769021960142
62.4,-16.7450015934848,-11.2327958675589,270.539503683186
62.5,-12.1892401480414,-6.38253719585682,273.576266946827
62.6,-11.1296737985299,-3.11711636146029,273.770732808807
62.7,-17.1718562424696,-0.951749978736476,272.666999225387
62.8,-15.1902608303429,-6.47083547257637,271.935976487073
62.9,-13.6740857918765,-11.2063389161071,276.275252445397
63,-16.0330499961151,-8.36117956882699,274.096673503832
63.1,-15.5420887698807,-4.31713403775954,276.316256377392
63.2,-16.5610689658366,-10.6786936885602,276.378186367901
63.3,-16.8397505361076,-7.84353109476,280.712545551568
63.4,-15.7519597062685,-6.70829516745759,280.433066913545
63.5,-14.0239548265643,-5.3875480717303,282.529086077913
63.6,-14.1468462836861,-7.15359552830319,285.002548036648
63.7,-19.5195291758002,-6.74425679656877,283.26678480656
63.8,-13.7232331306388,-11.1342973288505,283.013721895913
63.9,-14.7930810797176,-11.3230634100118,285.994985205116
64,-16.3837087777439,-9.05810134230544,286.009855990308
64.1,-18.5438717200868,-8.67007143985276,291.898122687534
64.2,-16.5265803090511,-6.46833183606438,288.708908213238
64.3,-18.1007499164425,-6.11019333347628,296.179245560273
64.4,-18.8810741349783,-9.92063050235428,293.020611141935
64.5,-16.9256215688286,-9.24736378680258,290.81840985938
64.6,-15.6703329970156,-9.98416292030405,294.943704776444
64.7,-16.1381087368374,-8.54903983276602,295.17015381726
64.8,-14.5160063747712,-5.4297272617549,296.398439463603
64.9,-14.0202481089973,-8.68271377493092,295.630434425858
65,-16.5435440866412,-8.58926087307054,298.748750050937
65.1,-12.9007196048744,-5.96420374257451,300.197122314389
65.2,-17.3968433867608,-5.00828289457018,300.86258428957
65.3,-17.8416562563816,-3.25928081033601,299.768644308985
65.4,-13.9472676718173,-10.020270786187,301.81056806161
65.5,-13.5860300157477,-8.48343200750574,303.370987935779
65.6,-18.8623874118413,-12.0558740585384,304.559112561426
65.7,-16.0971813375152,-9.06786433122786,304.123171765418
65.8,-16.1629523063527,-8.3373123304629,304.461177753239
65.9,-14.5401738163017,-5.3078114419167,304.974553935701
66,-18.127336260864,-11.568697598642,309.875280343816
66.1,-14.6387799811954,-9.63438852224977,309.562997799678
66.2,-13.1481938964152,-6.39276214536559,311.00026847896
66.3,-17.6835379130551,-10.4746152800324,309.40751475325
66.4,-19.1985268185978,-8.465913754333,313.551009513952
66.5,-14.5661435945608,-9.96549835996833,312.739887502433
66.6,-18.1296188248218,-10.5689673912261,314.09924614761
66.7,-19.4772280442765,-10.937282330352,315.723044620893
66.8,-16.4424632158839,-5.46732836682545,318.13926262739
66.9,-15.4593219424475,-9.06225619052388,316.478237779927
67,-17.6453261798335,-9.00578980746194,319.688189445813
67.1,-13.6593082316963,-10.6578472029489,318.562514729061
67.2,-20.0098822514368,-10.2555321442595,316.793464317324
67.3,-15.4614255632046,-10.7230539337002,320.593327416113
67.4,-18.0262541895142,-10.3347595321411,325.898528302256
67.5,-18.9658602225197,-7.90605174058302,321.290330540595
67.6,-14.4480334679094,-10.0035868614902,324.634743010503
67.7,-15.6156041088056,-5.70428603165888,326.997832638935
67.8,-14.9566090832894,-6.74316836763506,325.846431915985
67.9,-13.8041491763907,-12.7818862812075,328.51047049913
68,-18.6032315905296,-7.41965448761481,331.719496089505
68.1,-18.3175796360776,-9.77345874408174,331.311083431588
68.2,-17.7002339447572,-9.47628923667054,333.257171771454
68.3,-19.4734684815985,-12.3446115469725,333.452956680072
68.4,-15.1265513783921,-11.8770059385752,337.47191572578
68.5,-17.5834144275238,-6.23965366957743,331.985089935373
68.6,-18.5081735216436,-10.1754289300188,335.681935889873
68.7,-19.43063824837,-10.3636484491726,333.889259813615
68.8,-16.2319438699484,-10.890897451113,337.99027199189
68.9,-17.5076987390449,-12.6784444441751,342.426923273271
69,-17.0776339942098,-10.9242027543832,339.886534992003
69.1,-18.3632526841537,-10.5950714203614,339.282412812997
69.2,-13.8675235121827,-9.87614202758669,341.742199151307
69.3,-19.9815659372153,-7.34639794825197,343.48031460893
69.4,-17.5219424785832,-12.6249744437803,343.267541071773
69.5,-15.1801398579244,-9.92348850996276,342.031596671837
69.6,-16.9003578595399,-13.2905778360111,344.354695461382
69.7,-18.6170141391208,-8.00620489060026,346.863799744933
69.8,-19.1397259485491,-11.246924377381,350.367872557837
69.9,-16.4563384457877,-10.9854651660416,348.345794920582
70,-19.0333458756741,-12.8436468992269,351.179597744965
70.1,-19.0503101915233,-9.31870043900712,350.724796666897
70.2,-18.2210192320863,-14.9894758416527,352.039275733648
70.3,-19.2855799070818,-9.69954635871478,354.77863488071
70.4,-19.5532367981386,-10.5032095203633,358.227286744816
70.5,-19.6442688465012,-7.77062007045351,355.775172690446
70.6,-17.1115492612449,-9.40494991435046,353.951411649032
70.7,-20.054301632531,-8.93874820377666,358.379827081111
70.8,-22.5601439378131,-8.43203666837106,356.877679120449
70.9,-19.6725912809239,-10.5296451962767,358.998638578287
71,-17.8701206509074,-13.124803493438,358.201158869266
71.1,-19.5581067317289,-10.1697318319242,357.395433810698
71.2,-21.0018158313221,-11.1413941832431,357.748286319027
71.3,-18.9032646655943,-10.9420806461067,364.577279967247
71.4,-20.4063811290153,-6.83767850546849,359.407357078599
71.5,-19.3870119260012,-13.1497553667456,359.366034984008
71.6,-20.3025377384299,-9.18314114896613,363.415502514154
71.7,-18.9416316462469,-12.7672649224783,359.127483485708
71.8,-19.2271846191481,-9.80768165495388,360.040254153401
71.9,-19.9977032824775,-11.3263164857194,365.194572016517
72,-19.0882962649322,-11.6202079898359,365.40318539152
72.1,-18.1752231770757,-11.6187218373302,362.746149566063
72.2,-20.8220531405924,-13.0277674207162,364.47469991252
72.3,-20.3594054332196,-11.7717902349337,365.909536558591
72.4,-20.7910790690181,-8.16570021824215,368.823109683699
72.5,-21.0050060684939,-8.87245534733596,367.083954347754
72.6,-22.6201802718182,-10.0404726665898,370.386629332496
72.7,-23.8942511015328,-15.0562303825462,363.204003625807
72.8,-21.4256863914259,-11.4666476132232,366.853652920747
72.9,-14.2703298526296,-8.96663816167839,369.341551829319
73,-21.0585752885317,-9.49902575621033,370.692584117612
73.1,-21.2477891477814,-12.6062660328163,369.532238963771
73.2,-20.5747088690788,-10.6746848409276,371.79135206578
73.3,-18.4858271897095,-7.24184832960757,367.781402374847
73.4,-17.7284023049474,-9.74734676113837,372.753408449632
73.5,-21.9443111232747,-13.8744434457735,370.50144794571
73.6,-16.9481003775621,-11.0116918944398,368.969457371857
73.7,-18.4088330102296,-11.2962538883506,371.745254202406
73.8,-21.0299984468966,-12.302541715139,372.193206797561
73.9,-21.3629443070577,-9.87916440481492,371.48133796111
74,-22.0077382811647,-10.1520150109878,373.00640977107
74.1,-20.675817140342,-8.57072630488731,372.312381880647
74.2,-22.2739195153348,-11.3086328754543,373.542447579947
74.3,-27.7306982468219,-11.2038055567917,373.534379320047
74.4,-25.22413033793,-11.8046855249373,377.846053897626
74.5,-27.2732817355426,-11.4753183194453,372.857508414121
74.6,-21.4075672758423,-9.97072894429106,371.657919043381
74.7,-26.0358673424153,-9.4676496085871,373.882262305379
74.8,-27.3490005727234,-10.8495557903063,375.973849803961
74.9,-28.7685611301076,-10.3827475152745,372.078871134485
75,-27.355956030479,-9.46555024176407,372.046958350799
75.1,-28.0474709247426,-9.90685026511487,376.951044251213
75.2,-29.9074582911004,-16.7327303906776,374.504170895628
75.3,-26.4779070675147,-11.1226433540493,377.059273024183
75.4,-30.590139271817,-13.2434634544356,371.758114678349
75.5,-32.5896933160921,-9.85497225756594,373.913514150233
75.6,-30.4356841886964,-10.9511538817803,374.926403864536
75.7,-30.3088663917355,-8.78819888477991,378.13756678643
75.8,-33.1095637012676,-9.59194709389988,375.064012578311
75.9,-31.1963841166822,-7.0577501033154,378.748148576988
76,-34.8882258983386,-6.92934200368417,373.260824016669
76.1,-33.5538314661308,-8.01565525139785,374.992993700458
76.2,-34.5652090172963,-11.8700738751228,374.010444798861
76.3,-36.6908909654055,-14.4686964455675,374.691784762803
76.4,-33.1042131886691,-8.69899715937956,376.865552000199
76.5,-36.0315536277264,-9.87139931455828,373.527452533888
76.6,-35.0632243774097,-11.3456740092996,374.322332819461
76.7,-36.9458453281403,-7.5651509890099,373.124872885648
76.8,-34.5986096510096,-11.0914192703185,371.020040979669
76.9,-38.1372316152137,-9.74931601237246,374.75568121653
77,-40.0482982487331,-10.7853915517358,372.899361303391
77.1,-42.9532009062107,-10.0722985364408,371.905003376119
77.2,-42.4688701700792,-9.2652835945354,374.567023129419
77.3,-42.152054530539,-11.4854601837394,375.720130803187
77.4,-40.9684938027075,-8.89062254763089,375.645940541295
77.5,-45.2132578956382,-12.9011831576667,371.530789412831
77.6,-43.0518600634835,-9.74955004407642,375.857313005009
77.7,-44.5491211679912,-7.82709870854641,372.82036812806
77.8,-46.5469581721723,-8.23609728491477,373.200389246089
77.9,-47.8323149304504,-9.08966183091908,376.800376174049
78,-45.8285581596712,-4.7074646359898,371.293533147985
78.1,-51.5734760325236,-4.98327357511603,374.20905351356
78.2,-54.0836452659694,-9.54874035427679,374.491548088845
78.3,-52.4256865614339,-7.37645288028068,375.148826173657
78.4,-50.6670253160623,-9.11222549097982,376.041449923116
78.5,-52.1656830748617,-10.5347951597223,373.911283552552
78.6,-54.3324270120346,-11.7246616430812,372.613988861392
78.7,-50.0829086119691,-8.47352335883558,371.76307949069
78.8,-55.4491769607961,-9.41465119299884,371.123081059858
78.9,-56.3692821408792,-7.40154171791466,371.015993114224
79,-58.8944459703923,-10.0098944662494,370.79407683585
79.1,-54.2470645634056,-10.6686039383836,373.228533275925
79.2,-58.4667075072967,-6.19736823694756,371.923744357687
79.3,-59.314738090241,-8.4140610624674,373.063173347304
79.4,-59.4315244890692,-5.29646244339425,372.946541599668
79.5,-64.6106672993379,-8.8304262869552,371.674117002572
79.6,-61.9468337013411,-8.9223493627421,367.427090508424
79.7,-65.1103543593311,-9.92903647639351,372.442511165141
79.8,-63.4557432870872,-10.5689516521006,375.555081714053
79.9,-66.959532271585,-9.7731364067581,376.291468405956
80,-66.4220566252697,-10.8372930861216,372.687373753909
80.1,-64.5208479381604,-6.41969895832021,373.290331288272
80.2,-68.8579318842363,-12.7280604116774,372.740446204041
80.3,-69.0237360864555,-9.99865156746318,371.2444297318
80.4,-70.8225144612915,-8.30743399363759,376.871930210544
80.5,-70.8691731775204,-10.1027890256834,371.588099616199
80.6,-74.5288976846254,-6.76873766261384,372.889258534039
80.7,-71.7283505373406,-7.60234807084233,371.960668935284
80.8,-72.1540494744687,-14.3711774901414,370.886586364547
80.9,-76.0273535608185,-9.19613984984879,374.630663920712
81,-76.8071831446657,-9.00037057946768,371.918603395676
81.1,-75.4457654330588,-8.77748990852722,367.099938791261
81.2,-77.1120587005254,-9.72881951093437,371.599093895752
81.3,-76.926960155359,-6.09186806282115,372.875557688412
81.4,-72.4005829965333,-9.37874917507842,372.804400490617
81.5,-79.7449091208111,-5.78712682254518,374.624395593998
81.6,-82.7019399120174,-8.01257762165929,370.88910399483
81.7,-78.7942260555754,-7.32048178370819,370.100965995201
81.8,-81.8971876710748,-8.79408069402543,370.315604333555
81.9,-86.8120452096835,-10.8608548246517,370.476008544652
82,-85.5698323574234,-7.30514769284163,374.78966076914
82.1,-85.0438440032087,-6.31509818285152,370.883389969746
82.2,-87.3768724463269,-10.7193496264213,371.353927092448
82.3,-89.0677245644747,-9.99852109956274,370.993125889958
82.4,-87.6566386349958,-9.93532415325836,370.713442815971
82.5,-89.247827401896,-9.909883209155,371.802832698545
82.6,-86.0665869687884,-10.2626332794301,370.599331416298
82.7,-89.6906410056208,-6.3332237996955,371.426789102621
82.8,-90.1074456220911,-7.31923301495709,372.31519500765
82.9,-92.410078196554,-3.88682504747242,372.30099379556
83,-90.5625034444346,-8.65765350407843,374.244584145133
83.1,-92.4783471390404,-8.81175831650041,372.224091220145
83.2,-91.7585223495064,-7.49885747956531,373.789304576164
83.3,-90.9112514098622,-4.62044057348416,371.371310445237
83.4,-92.208923186328,-11.739306166986,372.582998434522
83.5,-98.2232538960854,-9.89559932105673,372.24646740663
83.6,-93.8402866237492,-8.28568373004852,372.518687822104
83.7,-93.7954605145417,-7.88407715702101,373.18066966247
83.8,-96.9087508412528,-12.4569907193338,373.350333294914
83.9,-100.445590155962,-9.10873790853497,373.640379577365
84,-98.4936720290247,-5.57503513918873,370.50937063884
84.1,-96.2926727556549,-6.82555635379892,373.929447675715
84.2,-96.3484970707549,-9.77654994737492,372.194243320247
84.3,-100.781318015423,-6.93947534112295,370.87680171184
84.4,-100.930086164051,-9.71044928892421,371.62990658517
84.5,-101.07131905417,-8.55254758743651,372.182636491572
84.6,-101.301706412442,-9.92282724187032,369.486640767385
84.7,-99.4329666113249,-8.72361113514073,368.997594292595
84.8,-103.725884590438,-4.54693575205187,369.748691290362
84.9,-104.147338537407,-6.86086600631476,372.10823460789
85,-104.787105892934,-10.7941681637858,372.705829871463
85.1,-105.421366289187,-8.07187854639365,371.640786964018
85.2,-106.068091840989,-9.19566179219815,371.143413215827
85.3,-108.226283206489,-8.70838481348638,372.777513618413
85.4,-107.340625780327,-6.4723143933014,372.108937485123
85.5,-106.553420265289,-4.23653980817206,371.091056628909
85.6,-110.769267698242,-7.42109045868906,370.567374751209
85.7,-108.838466963251,-9.76761111967842,372.915047694097
85.8,-108.776649967203,-6.52820416583172,370.062172946712
85.9,-112.834313290092,-10.0233182136816,369.911270014459
86,-109.007977544546,-8.69982127036651,368.049201067544
86.1,-112.989950973344,-4.87851015016966,367.938530262042
86.2,-111.825555077264,-7.61226645965034,368.29483288341
86.3,-111.049036920301,-6.70242096369307,368.194829978954
86.4,-113.483025399941,-6.03537096711772,370.550431251414
86.5,-118.228587831576,-6.17246141576716,370.67682682883
86.6,-115.767761009018,-6.49118535606682,370.713638430469
86.7,-119.618103994655,-3.66360197412686,366.613785919177
86.8,-115.449853361762,-6.5095568041241,370.60321055604
86.9,-118.967402892908,-7.01513800772338,368.144383386036
87,-122.172975728341,-11.1130956336514,369.11970611114
87.1,-120.679213184536,-4.66091795815811,370.302745197438
87.2,-125.987204612805,-4.17366129592088,369.969305524642
87.3,-118.692468099863,-8.37136667415986,367.873538168607
87.4,-121.850243683212,-8.01892550114757,370.448313045523
87.5,-125.832640588358,-6.16737113458232,372.275684142088
87.6,-124.050150298199,-9.70997238530773,366.034649370376
87.7,-122.620650452027,-4.7344345778165,367.214590865809
87.8,-124.826626444398,-11.2249805373055,369.276338124386
87.9,-130.243977239024,-2.26278988976199,367.348683489676
88,-127.528387096499,-10.880906831499,366.973761079843
88.1,-131.729963607379,-1.28363877979099,370.947866896931
88.2,-130.233759942827,-7.57430087010604,368.772565931166
88.3,-130.32296678317,-4.35380528514424,369.484802113275
88.4,-129.606144931837,-4.87007138191948,367.840370814181
88.5,-132.262911216679,-5.54268802920209,372.492932514819
88.6,-136.910259084704,-6.29320727460503,364.730742684761
88.7,-135.690016616917,-5.51761036886197,370.412828696604
88.8,-137.598593798708,-8.01251524456685,372.228606650904
88.9,-139.075447879146,-8.02797503151893,366.338982157654
89,-136.258152374468,-10.4566834436653,366.132278466247
89.1,-136.742701575421,-7.11456829010004,366.796644073581
89.2,-143.571466500048,-7.44510695776248,370.224395194643
89.3,-143.591364375583,-6.57709816216874,373.114258251684
89.4,-141.431134326771,-8.06730879063047,368.963891395379
89.5,-145.691523746391,-6.08949368204703,367.261827483496
89.6,-143.852804470423,-4.22828843908763,369.832361484163
89.7,-143.392186494138,-6.22443027248281,367.381644760324
89.8,-147.077390381043,-8.69934119272167,370.346812265076
89.9,-147.868794103565,-6.30321199830081,367.962242995372
90,-146.125432903874,-9.19267901740986,366.451499842309
90.1,-147.278647957249,-5.93226548469439,366.346423029346
90.2,-150.637069732676,-8.4236707161255,364.655165518099
90.3,-152.770590831891,-9.76165608146327,370.672259360512
90.4,-154.59175157854,-5.46416351370827,369.436334176092
90.5,-152.914861112477,-4.97675089519432,369.961163718952
90.6,-155.723988284061,-7.21849287687793,369.500202600857
90.7,-153.203172518581,-5.89900461482086,368.016929205762
90.8,-157.658849467481,-8.69198523715835,367.974241385123
90.9,-155.86752567177,-6.61557381341164,369.005480400255
91,-156.818312051412,-3.70388086549199,367.547538372799
91.1,-160.135935045682,-8.56947552682307,366.247213452397
91.2,-161.465544741742,-6.74527205086303,370.188399271221
91.3,-162.809533516882,-6.34872460199948,363.150433126814
91.4,-162.511498541856,-7.7148736482195,367.379788555659
91.5,-162.98694719792,-4.53750279278667,368.514472754126
91.6,-160.570086489508,-10.4335564297561,364.18778513352
91.7,-165.740715497655,-5.00494203896313,366.907793317539
91.8,-165.738680117005,-5.39710308678353,367.711108304664
91.9,-164.248399814627,-4.41711371370219,366.609668173997
92,-165.929933028296,-2.39033023636417,370.211283399986
92.1,-164.576168117819,-6.56083502789191,368.803635342099
92.2,-167.814489123344,-6.86508254344756,368.664334951139
92.3,-169.561432223935,-7.99333063876777,366.197857617067
92.4,-166.124621458892,-6.55329425028515,365.305263455354
92.5,-171.151432511398,-3.71411749568835,368.044664692534
92.6,-168.112615059088,-5.3123290222039,370.042080762685
92.7,-174.026804131378,-4.24189894419183,372.35640756325
92.8,-175.048628622271,-6.90293134450046,368.592220601733
92.9,-176.177737406882,-7.17477970770395,364.429153136828
93,-175.430078078382,-6.83001678842109,367.717867393706
93.1,-175.666444483007,-3.94507357751725,368.152168437166
93.2,-178.7185818758,-6.99481487439682,365.365314231022
93.3,-174.00568139176,-2.3668091201117,368.733640369433
93.4,-180.411535706824,-6.51538204479372,366.819167331984
93.5,-176.759150015149,-5.1942807422814,369.009135363311
93.6,-179.523363396022,-3.6331410526959,367.292379742107
93.7,-178.358951270042,-6.11787067168945,370.474066228081
93.8,-176.565068684624,-4.81458035356054,369.371999006529
93.9,-180.829103873068,-4.5031576520013,367.737544260966
94,-178.57849297132,-4.54278002091657,367.585193880384
94.1,-183.288585031081,-9.22129179711144,367.982254156972
94.2,-177.937632536302,-6.71547556894036,366.103822343695
94.3,-182.134600557877,-3.84022724528061,367.238142724733
94.4,-182.719358949516,-7.54066085495382,369.981508318692
94.5,-181.460600076211,-5.91575295229797,364.252366823236
94.6,-182.794576678594,-4.51203770931239,366.959422730196
94.7,-183.18369824788,-5.34269212488803,365.924115252556
94.8,-182.444652697409,-3.97533548897498,364.171989588466
94.9,-185.985491914514,-4.84562454137777,365.372444840279
95,-182.85524740277,-6.74373202986597,366.205925364424
95.1,-189.007384239282,-3.03706401040497,364.029961551591
95.2,-184.144564193757,-2.52712615254292,361.992408188795
95.3,-186.503547775612,-4.83413530871508,363.670162690384
95.4,-185.329582725107,-3.92890627342684,364.003225639674
95.5,-183.611438939747,-8.21288178184579,363.466208041834
95.6,-189.825045688628,-3.79541206975578,360.374575123064
95.7,-189.574911773239,-4.45807236589858,360.009071698157
95.8,-190.680381013516,-5.53255381101637,359.046647879802
95.9,-185.135385972861,-5.32260376513372,357.960534957625
96,-187.104592110437,-4.12453720395695,359.165926167702
96.1,-185.945036580578,-3.68864479397614,361.540226159966
96.2,-187.816238709648,-6.76935635849717,355.968922683776
96.3,-188.332583848366,-2.62107322053759,356.815026885675
96.4,-186.379891233943,-7.36739196620751,356.144635138169
96.5,-185.870775331945,-4.73489395593368,356.080955545831
96.6,-189.13591944226,-5.38940824551451,358.390653288142
96.7,-187.951187957989,-7.18695579619224,352.343095771737
96.8,-190.792113424491,-3.38593841521479,355.776602769676
96.9,-183.410366077697,-6.82537834551425,354.668832687739
97,-187.107579922022,-5.37987276479118,357.615088744093
97.1,-185.787908021408,-6.04779354181048,350.536873736951
97.2,-186.144466776229,-2.24136437736951,351.944644283182
97.3,-188.505608913354,-3.15471052158918,351.508064294689
97.4,-184.445126072266,-4.15512523864502,350.611763728255
97.5,-185.933501061908,-0.728898428369805,348.612156698933
97.6,-189.656215603278,-5.78220670995131,349.324837318378
97.7,-185.511662212591,-1.44814007550837,348.617792376651
97.8,-188.395487402704,-2.22389113607539,348.668678217597
97.9,-186.491573557094,-0.791653799391705,348.161471860055
98,-186.390545219372,-6.48057416040948,347.228370964268
98.1,-185.239796883533,-5.59904143648056,343.812622768809
98.2,-186.423464050771,-2.77350017919695,343.26953132881
98.3,-186.85056154365,-4.89136970890185,342.945013735749
98.4,-189.002079158612,-4.61931852472035,341.564613398834
98.5,-190.863100741567,-2.7293140990999,343.259518747884
98.6,-186.748313424395,-6.69023774456973,343.787096163167
98.7,-187.507358843814,-3.11271190608862,337.007904973949
98.8,-184.124157747751,-0.0954013489238479,340.720782266405
98.9,-183.403893408699,-1.64581073306088,336.188886579389
99,-187.873176278369,-4.32707897480294,338.013743282795
99.1,-181.437326145125,-3.70675052801082,336.381695799593
99.2,-181.708977406655,-3.2463829204017,332.150412710128
99.3,-184.47558752062,-3.10232431093781,335.625276787354
99.4,-184.110447509835,-7.31142989236191,331.373287743739
99.5,-189.761445577667,0.171627528273175,330.274381001015
99.6,-186.267435158962,-2.80895264316181,332.847634345452
99.7,-182.175779448873,-3.11272365584468,335.079920799632
99.8,-187.017133053319,-1.74498123153856,330.778458325054
99.9,-184.095664515056,-2.57481892730094,326.066070763319
100,-188.286101691052,-1.83450226583271,327.691247572976
100.1,-184.061134087517,-1.6016429010856,323.735724687102
100.2,-182.597308340147,-1.87294008050757,322.014067641956
100.3,-184.178971871228,-0.504844219737687,323.812358366532
100.4,-187.144475930554,-2.88293816798175,324.038285634188
100.5,-187.62498090817,-2.96477381417411,321.647730800914
100.6,-186.200665384272,-0.624060774043937,324.20430870781
100.7,-184.117792239303,-2.67839868799033,322.978483148658
100.8,-187.030316528984,0.785645675550265,321.107044228496
100.9,-183.05142542797,-0.586858876167621,316.851369045027
101,-185.471500310667,-6.50191599796688,316.849650046477
101.1,-186.154111678618,-2.63070995937711,317.010837004821
101.2,-187.518208787659,-0.744083723507989,313.129741090952
101.3,-185.887015406362,-4.39262256522986,314.039892901263
101.4,-184.472523577299,-5.06027243999014,313.758241743779
101.5,-182.986408236928,-2.55044758359301,310.158672714139
101.6,-186.227348260202,-6.17972994308663,311.918923084795
101.7,-182.11852611213,-4.70561398866558,308.531803740038
101.8,-180.311434637807,-1.97267546707275,307.727613685903
101.9,-184.015818340599,4.76099833225303,308.36403585743
102,-180.379255341705,-3.20935983213103,309.618450091865
102.1,-187.554548942346,-6.58197530518646,307.803189895829
102.2,-185.235408073764,-3.3406837982621,310.119422903053
102.3,-181.239401069238,-1.7874513056337,308.248091826386
102.4,-185.813489776032,1.09382132922476,308.168152280754
102.5,-185.837467242393,-2.92511761809711,301.404285238236
102.6,-181.609252938589,-1.66326189026735,303.55959857105
102.7,-186.563234752812,-2.76814778624767,301.955848848181
102.8,-183.837819512017,-1.0968033345901,301.116562351977
102.9,-186.878642873693,-1.64524608379471,301.832924043225
103,-182.160214772533,-2.83189687405399,299.030952754718
103.1,-181.222446665347,-3.26071060998636,304.474625863155
103.2,-182.299195032773,-3.98207707551043,296.209080659889
103.3,-183.592879055231,1.98148001176909,295.209556727177
103.4,-183.278035776366,-2.02343188710422,294.017132854124
103.5,-182.934673833305,-3.22030801983977,295.932532207573
103.6,-183.37166311275,-1.37894216650496,297.136188851333
103.7,-180.054650661803,-1.99877349353526,293.594406545834
103.8,-184.752331613226,-6.48405912556888,292.11959454519
103.9,-184.639228105342,-3.68687889228283,293.526476886774
104,-185.682832067535,1.02659714434181,290.253089634328
104.1,-182.943059920608,-0.939109111977041,286.364402695454
104.2,-184.478473523814,-3.03427781882728,289.063512283251
104.3,-177.970013351014,-0.74208673430719,287.902412321256
104.4,-177.990318220494,-6.00531844767662,282.53767700065
104.5,-183.969165405564,-2.69858330866442,285.800657515543
104.6,-182.947203229163,-4.0343280885799,283.426625924065
104.7,-183.656741213193,-1.93940291438793,283.44172565495
104.8,-180.09909707353,-2.1383545775452,280.80493628212
104.9,-182.345408140098,-2.25250163682091,284.223104786451
105,-181.127285513874,-0.816771208149529,281.296055105199
105.1,-178.891374307061,-3.57059667421535,279.102786846951
105.2,-179.658986040431,-2.46942381271429,277.079565641616
105.3,-181.240336950239,0.0690162282098563,278.517720335925
105.4,-178.725376188315,0.854847084834059,277.267127883952
105.5,-184.592486260004,-2.02163880730396,278.829845320674
105.6,-186.027301264688,-4.50806204326367,271.995965858229
105.7,-181.039886893462,-1.16407133609453,269.70403870142
105.8,-181.192650122802,-0.687826064497258,274.467236595518
105.9,-182.245992279535,-4.19681981054046,272.211419030726
106,-178.422850347941,-3.32917163578395,267.381032407045
106.1,-184.811364297834,-0.893314287644335,271.196162867008
106.2,-180.0357450485,0.200260702083881,269.714668893071
106.3,-180.937895136186,-3.76946728773911,269.064521497855
106.4,-177.029134326248,-0.159979800407232,263.832816144028
106.5,-180.501105359984,0.541779433658151,263.426894072101
106.6,-182.884474144004,3.00007196093896,265.167622192832
106.7,-180.725015634287,-2.64454534297714,264.661533762935
106.8,-182.211250162585,0.971224461225983,261.541939380237
106.9,-183.677258485437,-3.94930824640408,262.311727561546
107,-180.349011869637,-0.231587784848925,259.097030911368
107.1,-179.571600994335,1.03299955422527,260.831698972343
107.2,-181.761009506382,0.246531052294395,258.44753717397
107.3,-181.415448207594,-2.38293792401189,256.605386765442
107.4,-179.754916797672,2.92459391165723,259.68130913765
107.5,-179.977998607803,1.77419628469497,253.986929936614
107.6,-182.441704994607,-4.92631200198991,254.786499872922
107.7,-181.685372548603,-1.15518323612443,257.158889870211
107.8,-178.661023487993,-0.551097580566293,253.913447536973
107.9,-181.084314137843,1.02888943513253,252.317633392884
108,-179.379148640254,0.16156412021729,250.649906281008
108.1,-178.488507854267,2.25934497836675,248.742260809231
108.2,-177.427251192728,0.229669570141112,250.39871742501
108.3,-178.853955864732,-1.46876683622702,248.265788785372
108.4,-181.574887572172,0.324724721463265,247.535825937797
108.5,-180.699465235346,-0.800975488959855,247.047046409564
108.6,-177.016960662974,-4.51558187047904,248.658214822445
108.7,-181.94198092546,0.644549909344112,243.389083909718
108.8,-185.997161184368,-1.73849962933847,244.447924019067
108.9,-180.312177078947,-0.373516484297105,240.654243567043
109,-183.698480421928,-1.02530396604551,243.05353859896
109.1,-179.032849214077,-3.87807268012624,241.174663091131
109.2,-182.329297293992,-5.30897023200713,243.579304570204
109.3,-181.173144734203,-0.796142414189232,236.551975710094
109.4,-181.512529501599,-1.31115923745011,239.049979899505
109.5,-180.749766539644,-0.234748349250416,237.371610083546
109.6,-175.336375012853,-4.03878814362352,238.933652914606
109.7,-179.696456989491,0.618935687212167,238.006705682775
109.8,-177.935663716002,2.84213207280431,232.968957411384
109.9,-179.978807913435,0.576220738408016,234.030289283046
110,-178.648558893537,-2.25599071442385,233.826331068287
110.1,-179.231476030123,1.43309328234605,232.534406408469
110.2,-177.843493924738,-0.831439816652865,232.114786686357
110.3,-178.86693950551,-2.95791735009472,229.398335953251
110.4,-182.324403780473,-0.106026078675662,227.051420716574
110.5,-180.351244948166,4.76700857351908,229.877266660257
110.6,-179.822461474729,0.828630235411169,231.785543700413
110.7,-178.539009375321,-2.79030443791572,227.606401849465
110.8,-177.191753773059,1.93494747663708,228.215569479417
110.9,-179.985862375041,-0.540124251670073,228.443256282241
111,-179.445534729267,-1.0370120493718,226.402540188729
111.1,-179.632791517545,-0.597989308032915,228.494521038225
111.2,-181.038058845644,-1.50136371941194,224.759600789786
111.3,-180.386838372873,0.708280040214765,225.961494047859
111.4,-177.420778293722,0.0899978011247375,223.580624697464
111.5,-180.236951901514,-0.804628635561797,223.856472061484
111.6,-178.123070412371,2.10779698793439,223.529952741847
111.7,-178.737701759593,-2.73348651949523,224.316480697429
111.8,-180.141961519935,0.93686839501143,220.728256300461
111.9,-179.354043615689,-1.18086444030427,225.212900873184
112,-180.302662039474,-3.63936138825383,223.853009193256
112.1,-177.683696567668,0.82983775853286,220.549628761681
112.2,-176.773893955583,1.51497870729082,216.292103963028
112.3,-176.162311499416,1.95997267953305,220.942817531126
112.4,-175.426249465893,0.655730962453965,220.020091086033
112.5,-177.421085209554,2.97487047781175,217.688329980354
112.6,-176.593722873442,-2.86157161375214,216.364451466119
112.7,-177.290654508488,-0.796143435695503,218.925188007945
112.8,-175.707355699515,0.0457273335718224,221.176466380462
112.9,-178.806896218816,-1.30322198465139,220.886669878305
113,-177.269515470183,1.41828681016924,217.932020034859
113.1,-178.392957120895,-0.726464933137783,216.833685102971
113.2,-171.093017518624,-0.112330730490642,218.162087538293
113.3,-175.821597254808,-3.50788829669303,217.870568805826
113.4,-174.451537192909,-1.46963574797397,217.700499982827
113.5,-172.75589768224,-1.29985308949975,212.475957646227
113.6,-178.346253195146,-1.63212364525302,216.446353364402
113.7,-170.973670178277,-0.445565803342726,219.664468975535
113.8,-168.301490342989,1.51269925259013,218.307378981393
113.9,-172.091453423688,-1.30990147830122,213.793534465647
114,-171.79274857264,-0.110075966304924,217.679889417525
114.1,-166.22140663525,-0.623078378499474,215.374494383117
114.2,-168.795399293397,0.619244635129347,215.438759200343
114.3,-169.829054950782,1.33465644037027,215.440853089397
114.4,-170.791708255022,0.62164847775954,215.857960534514
114.5,-167.050453242645,3.0665328515596,216.081191743159
114.6,-167.965679126866,-0.591347045853745,211.367151111375
114.7,-167.835512501077,-1.17325927601785,216.501194467205
114.8,-167.655007967047,3.94422863543223,216.058197070766
114.9,-164.515235282203,0.278196220235855,215.750893506314
115,-163.057105264901,3.09364454244621,219.281645707476
115.1,-160.422406458314,2.08436095070053,213.67898079542
115.2,-164.803046681072,-2.29332169964039,217.481030785366
115.3,-161.17559214162,0.66473735105537,220.125080786094
115.4,-159.168666611343,-0.769673936434413,218.134009112385
115.5,-159.402588948839,-3.9953326528628,216.90281082017
115.6,-163.335140176269,-0.960909539006577,212.687603196765
115.7,-160.797425330694,-3.24260993497249,215.437865331423
115.8,-159.387998926289,-1.47772013187545,211.570740045389
115.9,-161.045660700654,0.785089984136696,215.381282989896
116,-156.619297105234,1.58525905414443,215.61652539981
116.1,-154.317489246167,-3.88888241768996,215.675604558005
116.2,-155.278987390222,-4.04425580720083,213.191599764304
116.3,-152.930467819178,-5.42133794160651,218.414446401276
116.4,-154.357438509943,-0.988333097318344,216.392505292715
116.5,-153.583334753962,-3.09977459166213,214.703625264388
116.6,-151.959384586351,-0.402819830310544,214.716304995681
116.7,-149.830987574331,-4.15359959057843,216.513988136518
116.8,-152.860616447487,5.0560225031888,216.18737019398
116.9,-148.371789611703,-4.697379270339,213.002526043651
117,-149.300338693536,3.71242149593758,216.128878804957
117.1,-146.863112667506,0.132250937658752,218.035243495283
117.2,-149.257128046689,-2.48709344005059,216.883992082158
117.3,-142.861082600381,1.28112077086433,214.867312069851
117.4,-143.873116908234,0.677991678920843,213.614140096505
117.5,-142.25495462488,-0.297119715899404,216.040400193737
117.6,-139.817078508403,1.74989037993164,215.192224151254
117.7,-142.815903522951,-1.28399096907199,218.239162220993
117.8,-139.379034691633,-5.03207051789791,215.55307011868
117.9,-137.73421105337,0.982330545561846,215.616822133256
118,-140.284240199919,0.566208179273186,217.433692259246
118.1,-136.603790076413,-0.577798913999928,216.565398153608
118.2,-134.287951603498,-4.87604759020629,215.592551821317
118.3,-133.850290228211,-4.5693575670239,216.866991647641
118.4,-135.624471797756,3.8167268282404,215.668635549066
118.5,-130.586599263052,-1.99641423495732,216.340657493541
118.6,-136.152866309971,-0.204494178434189,217.686349466749
118.7,-133.760289988244,-0.542692514872798,216.918256073909
118.8,-132.510394463655,-1.24659492088554,215.263290168126
118.9,-131.341896866296,-1.4415593626171,214.605197038546
119,-130.597077183414,0.945681618013374,219.802708754229
119.1,-129.018432280605,-1.3266782744045,216.315364551379
119.2,-124.554972879882,0.218155038967762,215.671067886645
119.3,-125.833351809904,-0.232929755352425,219.357878252251
119.4,-124.820256275209,-2.62868009324797,213.961219436561
119.5,-128.477687039893,-0.97720678286709,214.812558518518
119.6,-126.886476011536,0.475428821651023,215.689719697638
119.7,-126.836136515247,-1.33402932769428,214.888398859737
119.8,-127.332842620536,-1.15757476658306,216.919470420968
119.9,-122.017036198213,-2.09423618806178,219.619098100168
120,-124.725503425033,1.96320853652802,218.981981576275
120.1,-123.394481784424,-2.99507084768045,217.086864600743
120.2,-122.087495065146,-4.68158665146096,218.191928029105
120.3,-122.863270489856,0.480776758582725,215.937384761228
120.4,-118.170851977313,-0.469392899715483,218.817776087396
120.5,-120.556973310183,-2.5260686358802,220.774182693029
120.6,-117.874838958567,-3.35995748251991,217.178074507525
120.7,-120.05953791409,-0.190203270752525,219.112280838543
120.8,-119.891077216303,-1.41861023727176,219.845289216367
120.9,-118.006333277319,0.647251376082745,216.051917539374
121,-117.631448951931,-2.42689944780145,219.063300852375
121.1,-117.753781203384,0.35919249755805,217.519323026468
121.2,-113.878270020472,-7.54063625228084,213.177519761447
121.3,-113.490735248723,-0.868631934436662,213.200011873231
121.4,-115.870935225394,-2.50329625060408,217.127671043137
121.5,-111.648719237928,-0.48329879737715,217.957334078408
121.6,-112.822751621426,0.179258285066598,216.916538241946
121.7,-113.207886535435,-2.47895711068551,214.618285642247
121.8,-109.631929608887,-3.11123744618698,217.483741002078
121.9,-109.435346550921,0.624081342397417,219.769611911388
122,-112.860205878175,-3.61263041189658,218.873444193055
122.1,-114.789460916855,-0.316144632329044,220.557226618058
122.2,-105.288337831907,-1.36401761845536,219.643583056901
122.3,-106.915185629678,0.0640813383232579,220.394233806954
122.4,-107.091129915229,-2.5373675487847,219.257293765914
122.5,-108.856226864955,-2.67421287201537,214.794129528165
122.6,-105.901526650079,2.48718403232208,218.026269833389
122.7,-105.07836021027,0.934199551907989,215.958455364
122.8,-106.140540462215,-0.385266035475224,215.173362038718
122.9,-104.212142188407,-1.02198523427158,216.082593714693
123,-103.36784449178,-2.35978077051941,218.085191916874
123.1,-103.425638240764,0.689469015541793,221.568526969421
123.2,-104.148481357975,-2.82858534105577,218.402284194249
123.3,-106.955566471186,-3.91943043189049,221.666508894676
123.4,-102.885875399792,-0.0869301754486602,225.144096338471
123.5,-102.423526648655,-4.46241075409355,222.239567333131
123.6,-102.135011474063,-2.07736655585149,222.413835697165
123.7,-100.063962436948,-1.41803513300966,225.781526463646
123.8,-103.387863338,-2.07812890499316,221.697857397012
123.9,-102.290029230239,-1.43738998336318,223.824376829734
124,-99.6604915182892,-1.840066536196,228.699452279539
124.1,-99.7988636022407,0.826943306278654,223.746432126976
124.2,-100.31747024216,-3.40820441500483,223.703412024052
124.3,-101.395263652847,1.25184313378815,228.004525041678
124.4,-102.621349045624,-3.26129682418451,223.768289281799
124.5,-101.171664518909,-3.2856906996692,223.055471380082
124.6,-102.455790088747,-1.23707371794404,225.819635319657
124.7,-100.061207584849,-4.55869758728429,231.335651717162
124.8,-103.54887163543,-6.82791720936578,227.997886987825
124.9,-97.6366099016402,-6.96051003734022,228.354632173144
125,-97.9083078618728,-1.82948074300961,227.808118519343
125.1,-99.9909507893657,-2.34100971290237,231.705243832661
125.2,-100.669756571509,-0.78045392604957,232.196046496736
125.3,-101.002559044214,-4.22803539358626,230.96492319607
125.4,-95.6542008762355,0.476704115178038,230.818232634949
125.5,-99.4781631817251,-0.598781483966113,234.268182984552
125.6,-102.699613233923,-1.13861290693812,231.282209751918
125.7,-97.0768176898561,-3.43913460555341,231.577810292985
125.8,-104.178344639049,-2.25424349333201,229.73801746978
125.9,-103.147823525221,-3.06703135896407,239.176449451446
126,-99.6241686814268,-0.071521758635388,232.016971351894
126.1,-100.369498309693,-3.11892598265161,236.79943695316
126.2,-100.509906799095,-4.91104761802082,236.10885575523
126.3,-96.0394112253311,0.519237899170437,234.256490312469
126.4,-101.233863352347,-3.01320496949515,237.726356852541
126.5,-97.2473984190669,-1.93809981560594,235.590002414916
126.6,-99.1991065013209,-4.92254527711797,238.323931976276
126.7,-97.9209570432736,-0.583586396555605,236.455540374479
126.8,-95.8376003672488,-3.75436938852173,233.473654783989
126.9,-95.150031417521,0.64187607160017,235.162735695612
127,-98.603682479254,-3.70270733765141,241.491920074491
127.1,-96.6356444486049,-2.31297022845786,234.68022790218
127.2,-99.4728362630257,-2.21917958453082,241.379413704153
127.3,-95.454503364144,-2.35072870756756,235.601056520906
127.4,-94.8864890473126,-3.50619353897443,235.643788770248
127.5,-96.1502366753128,-6.01716712584441,237.842777604054
127.6,-92.6412292284881,-0.305063779958387,234.84992274046
127.7,-91.4810493417025,-0.952216407609595,237.070358821758
127.8,-96.2314383902002,-3.19888298582874,239.700312662724
127.9,-93.2630487667058,-0.385661784133655,239.217582616248
128,-92.2905684554917,-5.13882598006464,239.551821562376
128.1,-94.1294966356428,-2.22780240063776,236.698363662855
128.2,-95.6989450579456,-2.56295290193962,237.222819020218
128.3,-90.7023576803222,-2.88266006706899,239.109450609424
128.4,-93.8956370239163,-6.34891248482328,236.775443530519
128.5,-91.3715441010326,-6.04508507952462,236.058140813064
128.6,-91.5972837147821,-4.98153027797037,237.143384870894
128.7,-91.0765105566128,-4.44266515664466,235.870381352503
128.8,-90.9192209151951,-0.351617363937406,238.32548920563
128.9,-92.5584965514394,-3.92157642429134,240.086773553972
129,-89.9899677165197,0.285698028006506,238.788473314899
129.1,-89.1491795274627,-2.07762229616899,236.431914575344
129.2,-87.4468247890438,-4.54260674764601,238.927800865894
129.3,-88.459071747587,-2.34736172062336,237.915080171643
129.4,-90.8206304541722,-4.55363978801132,240.018741372872
129.5,-82.9324921552522,-0.0394913373123931,237.395675471708
129.6,-87.5301352430049,0.784811455444088,240.338912943213
129.7,-84.0637206004108,-3.80002299527587,241.068743476994
129.8,-84.7217679007364,-2.70896121282069,238.620307478912
129.9,-82.5504920818583,-2.33321457718539,241.41507477814
130,-80.2681508028461,-3.86340418207091,238.85775261088
130.1,-79.612804978292,-5.18645135097325,236.950386233827
130.2,-81.2429543621763,-3.46408965044924,240.214410692632
130.3,-79.9090536609932,-3.64478892368331,237.551496139446
130.4,-77.3558279334296,-4.80727428446818,238.516612963982
130.5,-78.653988277045,-2.31123222418904,238.547276777052
130.6,-75.453756727179,-3.49894779875582,240.742052400884
130.7,-76.104656092554,-3.13517737222671,239.995960885571
130.8,-71.56507800683,-2.8597958058502,244.470309011098
130.9,-73.9970624453547,-1.26276682759779,240.196574272443
131,-73.9246485939788,1.28607039265087,241.13087101293
131.1,-74.6765008159308,-4.00945700029304,233.044194137726
131.2,-70.4487788581498,-0.494665348544842,238.222703324651
131.3,-73.9184308656852,-1.70150583752944,239.449894535614
131.4,-66.7133349105917,-3.36460565784538,236.888640313336
131.5,-65.311197887626,-0.354023328366588,241.56227755275
131.6,-68.3900128870205,-1.70471754644749,240.152887449795
131.7,-69.4221444925542,-1.79427419524792,243.286792507679
131.8,-66.9629671033373,-4.41815209325918,239.766506911906
131.9,-65.7667926254933,-4.56865253269875,237.923927739929
132,-65.2666031339665,-2.97470674183784,237.414248733648
132.1,-61.3078943648568,-1.86191965308464,244.710835339936
132.2,-60.6689976099432,-3.23485642871106,237.26936040618
132.3,-59.4112603270591,0.690433390380143,243.167683408104
132.4,-61.2842746476996,-2.37991426608975,240.438064736032
132.5,-60.8155842994155,-3.20488806180016,239.600071534329
132.6,-61.3135558095618,-3.89853148252012,237.718086740878
132.7,-59.2830451818029,-1.5089094046407,234.749220940162
132.8,-61.8605302831895,-4.78066009941243,238.512766442322
132.9,-53.9329013589502,-1.78406954580331,238.931977457383
133,-59.0651788295908,-1.45778274383147,241.026443848697
133.1,-56.3664083061987,-1.63687267314242,241.24133808518
133.2,-58.564210884813,-3.81589269187493,240.859401913076
133.3,-52.3449785838567,-6.53376413060625,241.340559038531
133.4,-51.823513595229,-0.362788232295106,240.56495130258
133.5,-53.9996366307046,-2.56043941791285,242.199097139733
133.6,-50.1465735957645,-7.73453147813837,244.292843406084
133.7,-51.7858328451141,-6.34220820274528,242.627781216708
133.8,-52.3869906728225,-5.26438067430499,242.529666135921
133.9,-49.6349620963763,-6.52878596061024,239.196209476877
134,-47.7326425208878,-6.24719925325679,241.298420704396
134.1,-48.137692558919,-8.36157298529036,244.29296346584
134.2,-48.3304088120464,-0.66030390130431,238.033852351069
134.3,-46.5148784020959,-1.17321838455394,241.396645041103
134.4,-46.6921727570947,-4.38898445223366,237.88207016571
134.5,-40.4819736465282,-4.08991577559519,241.451891803437
134.6,-39.6474542657277,-3.07540484032401,240.196109383649
134.7,-41.0002555276703,-6.03064469764235,240.534995978066
134.8,-37.447473955083,-4.69591281828867,242.385128685352
134.9,-38.1433206999296,-5.06507113291883,239.950277916971
135,-41.1403302196926,-2.81921143690808,235.11352567197
135.1,-37.8548675265453,-2.16095689119018,240.301504366034
135.2,-39.9168949363268,-5.72277812673895,241.007911435794
135.3,-36.5619745417479,-8.46144206362979,243.35217426681
135.4,-38.0372740640134,-2.37585419572394,241.405660696424
135.5,-36.1517312471747,-6.44653555500507,239.760270506299
135.6,-36.7911280259602,-7.12355206048325,241.720254940918
135.7,-36.0528175490123,-6.33252974783032,241.130765458157
135.8,-34.4937230093919,-7.61656062899636,241.160454321611
135.9,-32.2558298982571,-5.27014982476969,244.849776255069
136,-31.1964657806043,-8.39012040270001,239.061493176595
136.1,-28.7817567834736,-2.5019098679625,239.737084825391
136.2,-35.2897818027415,-6.71874610412967,244.501521366817
136.3,-31.1888126911245,-5.06648343827485,241.535674368189
136.4,-31.5529962690111,-5.8838877883364,244.011622235188
136.5,-30.794610501456,-6.93833284728581,243.130746512123
136.6,-27.0077530108843,-5.01425068498278,242.784838020076
136.7,-28.0611204776793,-4.64219479560674,243.939405259128
136.8,-24.5233049009949,-2.39785707435594,240.771079728823
136.9,-28.7129007263658,-5.66573736383457,243.987411947933
137,-27.6955984617899,-5.25902176285446,240.5476043792
137.1,-26.7123882343197,-5.87655074924239,240.818467888877
137.2,-25.6862158972823,-4.57325960016185,242.537890118447
137.3,-27.143422380842,-4.67387876622496,243.798715073687
137.4,-28.7551230450721,-5.94103167012001,245.010029464858
137.5,-23.1317048165096,-5.51970005716546,239.822193981904
137.6,-24.1518567686566,-4.85436495517979,241.222447794091
137.7,-26.7059004669019,-3.68228989642232,242.330030820698
137.8,-27.0603156806136,-2.94424434875992,243.629200373243
137.9,-23.9756042763022,-8.23941976011632,243.776404861206
138,-26.8180808742904,-7.43622463670827,241.792203813259
138.1,-20.9239216890018,-5.42812406750369,242.675537847146
138.2,-21.8100164065265,-3.42927601969145,241.514760322178
138.3,-22.1525405365847,-5.78975972064816,242.14411785903
138.4,-22.7643141402526,-4.53584378684538,244.037443821559
138.5,-23.4830739995619,-5.812231665852,241.650525314083
138.6,-24.8202640926555,-2.13279855530062,242.048941255943
138.7,-20.4080913849315,-4.16897043903764,240.725942157148
138.8,-18.9066108777026,-5.06841743016158,245.062183846513
138.9,-19.9688711080545,-4.12914087869756,238.297720521899
139,-19.1441638973713,-6.58613486894591,240.881694296363
139.1,-23.4525550898002,-4.68722398331882,241.533161854744
139.2,-15.3725412343179,-5.09103382925511,242.727910100478
139.3,-19.231011003953,-4.30333744418814,242.433736947793
139.4,-18.9977409087875,-3.30854528851593,237.950047576121
139.5,-23.0156475854366,-3.362602977136,239.934158134776
139.6,-18.1692339934087,-5.21879829058138,240.689716550995
139.7,-22.3075285210739,-3.60048192014014,242.693675772599
139.8,-20.0429536349336,-4.53836929716728,245.926985424756
139.9,-12.4519515860558,-6.272636999001,242.143041942398
140,-21.4357793029198,-4.8568207988757,237.648576603013
140.1,-20.9225568664209,-3.717472160966,240.066202336115
140.2,-15.878085383745,-2.67293564913177,242.618751892158
140.3,-16.4757977983768,-7.91902550764165,240.094412628591
140.4,-16.9209672895353,-5.37126077594129,238.204520135944
140.5,-20.1140203061558,-4.50771666522432,240.261745051265
140.6,-18.2257453459198,-5.85342938106012,239.856109762362
140.7,-18.0933486771942,-7.39616514804078,241.798716789666
140.8,-15.0822515919565,-6.87990968298787,236.688093060354
140.9,-15.6631308418272,-2.3373504624329,238.195372150663
141,-17.509878289598,-3.0243446802989,235.53043275471
141.1,-16.2812769933157,-5.78543170336005,242.880064649276
141.2,-16.6347982289025,-4.09296264266918,239.168726592915
141.3,-18.1135484974224,-2.6487893301793,240.525845087696
141.4,-14.8000776240695,-4.39765541774153,235.103209179815
141.5,-13.2931594536951,-5.36266849985921,235.691787972391
141.6,-17.973186880135,-5.03902659437691,239.02741888223
141.7,-14.4973571075193,-2.63429646543255,236.968636590122
141.8,-14.0595953177202,-5.98634601473008,238.290623931408
141.9,-15.8818207615159,-8.04060378987801,235.017693592517
142,-13.8355376320474,-5.61044016200928,230.821787818759
142.1,-15.8895191940271,-4.15225991366981,237.470256795696
142.2,-16.0879277331683,-2.95890664350142,231.407544156289
142.3,-13.962865067984,-3.01428554540255,232.944266894114
142.4,-16.412970985388,-6.60686065818939,231.252464411254
142.5,-11.0132014002042,-5.54972668402703,234.955639567092
142.6,-17.4295533619309,0.269956590594372,229.564015533677
142.7,-12.9950205110392,-4.42468365936747,227.305705282478
142.8,-17.0613613478794,-7.18501755849278,232.636767261701
142.9,-15.2762400039203,-8.88173712374623,226.101425535638
143,-14.6599283970292,-6.26851929167946,226.883159843137
143.1,-12.7051843100469,-3.0636596494838,224.970187091308
143.2,-11.9740643361662,-6.2376861846305,229.933114289457
143.3,-12.7801043367207,-5.01201731149333,225.389604416264
143.4,-15.577967078139,-3.89841510814736,224.588862474639
143.5,-18.801752978312,-6.21246351950427,222.216632671298
143.6,-14.7457757812941,-1.22947643265687,223.137470627713
143.7,-17.3420540427689,-6.67199726205561,221.007864759651
143.8,-16.7997304670704,-2.61506642900951,217.980780407888
143.9,-12.5756902260531,-6.16775074354434,220.638169363282
144,-18.3443641628245,-4.6568494120954,216.816856607327
144.1,-11.3946721940709,-6.24817357241112,219.516693554258
144.2,-16.1648376726232,-3.7669250574977,217.819235777469
144.3,-14.9604837918294,-4.14549490475474,215.436634932576
144.4,-15.7381590014183,-6.6860716950342,212.025578540622
144.5,-13.1601004793027,-8.37107164975592,212.505278785122
144.6,-13.2131037597194,-5.70904194255593,213.410283953585
144.7,-16.0566746148069,-5.99985967414572,208.101027928465
144.8,-14.1892764340027,-4.3180235393674,209.413131200656
144.9,-13.1905999986961,-6.48097026045565,212.51799646323
145,-12.9406167200947,-2.54781972633835,207.389036115257
145.1,-18.7839685957234,-8.86558985224144,204.872715052701
145.2,-12.6323307047664,-1.76658393684539,209.144040462603
145.3,-14.4935919390743,-2.72795431266629,205.415344806428
145.4,-15.7421451165823,-1.87124823266381,202.474991011227
145.5,-14.781575616069,-2.63018657021513,200.133550653989
145.6,-16.4275762532309,-2.52965735932671,202.248487536591
145.7,-13.8084167839456,-2.62667550140432,201.059005532844
145.8,-14.334057653821,-5.43929578927415,198.101482451781
145.9,-14.9673244155406,-2.66627064646941,195.29819190752
146,-12.8305754871964,-4.67930670347938,197.342082478867
146.1,-13.9698864509561,-4.61501168265878,195.919496801194
146.2,-14.4062360903348,-4.88809108578898,196.335325332517
146.3,-10.4355720385391,-3.38617335057591,193.430872062834
146.4,-12.023156654822,-2.36209075839584,191.495593882853
146.5,-13.6972552596893,-4.03238853911205,191.029572817397
146.6,-10.363809800349,-8.24348224879564,189.481690536073
146.7,-10.8449079337,-0.349624584988031,189.087415915335
146.8,-10.9021554278277,-5.04713444329087,187.036051005467
146.9,-9.47230515190443,-3.04045709915976,187.289484986095
147,-15.2339027434858,-1.52425746287369,184.582433705267
147.1,-11.3679399946562,-2.69770062436359,186.064179960145
147.2,-14.3528802541981,-7.60827322314297,182.834765096831
147.3,-11.0518412811458,-3.83035683810051,184.954442469726
147.4,-13.8127727407697,-4.01285753250964,181.180853963629
147.5,-12.3998721607522,-9.55550029238443,179.368055309994
147.6,-11.4141066850026,-1.14689015984774,179.510074068572
147.7,-14.1935366375996,-2.5978089194224,175.240414802347
147.8,-14.0425279128644,-0.139774208192529,173.220139412745
147.9,-15.3874093006275,-6.43742952132515,174.904434156479
148,-11.6185368145315,-6.03146220219433,173.198672136361
148.1,-9.05002607004648,-5.78574627309012,171.468317856081
148.2,-14.8673490994133,-5.86529275534823,174.24319034856
148.3,-11.3213844848726,-1.40416742238999,167.333705160177
148.4,-11.9438691557,-5.07208784369897,166.03762829979
148.5,-9.59900781438427,-6.23524388983699,163.298625859092
148.6,-11.2061873930074,1.57672299099792,164.612706137304
148.7,-13.2367088228476,-1.47150058305845,160.193887538406
148.8,-13.8580440546765,-3.06751235230706,163.165410818918
148.9,-11.1628666059898,-5.2763726244221,160.796791821307
149,-10.6792044864701,-7.56254515840739,159.142542339843
149.1,-9.75815065443927,-5.02978420750448,158.471572241804
149.2,-11.8527609787925,-0.243998149450716,154.755212472201
149.3,-10.981806194161,-5.41815229766912,153.967374382983
149.4,-9.14149484664075,-7.55332318474505,158.285100363076
149.5,-11.5144041039445,-2.23849451105887,152.124852083882
149.6,-9.77383966532574,-4.80928612343518,150.184810071825
149.7,-9.03384747397423,0.963594959627141,150.123426697531
149.8,-11.0273822078055,-2.29935930138727,146.240242129825
149.9,-10.6883878350146,-1.9149624628805,144.724677862339
150,-12.4451590532849,-4.75580230723829,149.720777062263
150.1,-14.5074131752836,-6.38681939609358,146.608804432196
150.2,-10.8956370759973,-0.00132679373421807,144.086123317322
150.3,-10.3996029603965,-2.59340644569147,144.525006586191
150.4,-11.2599761242787,0.372731099451599,141.89235519315
150.5,-10.0597016388731,-0.542368061023681,141.077813740524
150.6,-13.6708884869432,-1.89816067940332,134.585791075461
150.7,-8.01522423481429,-2.92759404410572,134.327796327626
150.8,-10.9798592233404,-0.63491803272899,136.017486882903
150.9,-7.51903201432912,-5.12755891734516,135.109357903464
151,-9.95582408681496,-5.54433638799693,135.230493923008
151.1,-9.25090686854333,-2.12637823464066,133.875424304082
151.2,-8.15396912327472,-2.18767301324886,129.207165537481
151.3,-10.7822188397109,-2.76696488916605,129.913388353689
151.4,-8.07154699677329,-1.26925119534568,127.307255086542
151.5,-10.8382076787775,-1.57450128924859,128.521691799576
151.6,-8.77645183312866,-2.46077102726868,128.156628246239
151.7,-13.0160788145506,-4.10940509747726,124.712964924789
151.8,-9.35853036009114,-5.45513997206985,120.281014618101
151.9,-6.60560633394363,-1.00802487798692,121.702834287272
152,-10.8221081238279,-0.261231838291576,119.680392581964
152.1,-8.54077724191608,-0.527233616794658,119.114778177082
152.2,-6.78299319567614,-2.51783072025276,117.127188956972
152.3,-7.17421771927008,-1.34640942110504,115.921427520941
152.4,-12.6122158338879,-3.86469901701517,116.92589345821
152.5,-9.8881778375419,-7.57198486022182,114.246921610972
152.6,-11.8134361720693,2.4038214372742,111.956584104005
152.7,-7.56769998858756,-1.48775681399749,115.4383952434
152.8,-7.07745141353613,-2.11652129748517,112.076461811204
152.9,-10.248689643448,-2.90229369688565,111.799344059003
153,-8.72613197611903,-1.57137280410797,113.890554602586
153.1,-9.25206590795183,-5.02830460196974,111.31156987702
153.2,-10.0409488142603,-3.74699090594338,109.80403209093
153.3,-10.1125976457037,-1.10777257708747,106.970898045256
153.4,-9.52168137799224,-3.47092716145702,106.308971468487
153.5,-8.3895832025434,-2.95826638335932,107.990104677597
153.6,-8.66882258699305,-6.85962032263095,102.848629895262
153.7,-14.9680127426646,-2.175629343856,103.562375317446
153.8,-9.04819050708859,-2.66294964581092,104.529161678788
153.9,-5.85414020525744,-2.24676927671176,104.757631953303
154,-7.73328731408646,-4.57141904850847,106.47130584217
154.1,-4.90007756285119,-2.63999616767898,101.508290066941
154.2,-9.48911942454106,-0.284840545125953,99.6838719738465
154.3,-6.88664306837477,-3.77472196880032,97.5224363157283
154.4,-7.7662440519808,-5.38431906953531,98.5930724633266
154.5,-9.06749211888425,-2.77617624349846,95.6145660630554
154.6,-6.29121325816541,-1.27296317319517,96.6888253077986
154.7,-9.10187823150461,0.643019378112365,97.0440055306321
154.8,-11.9097246674029,-2.70915462485642,92.9943856819035
154.9,-9.36249992658762,-3.3604859583009,98.5073993269229
155,-5.72925156858583,-3.40837585231813,95.6324570573513
155.1,-9.37980379059188,0.334129247124856,94.1754902576368
155.2,-5.26861340271888,-2.23425607593078,92.0622444818728
155.3,-4.72049564895012,-1.09815860585774,93.1430171209336
155.4,-3.69196271474043,-2.50672559055599,95.7297113705951
155.5,-6.75139831882967,-3.06649812899846,94.5109391541398
155.6,-3.94773421963915,0.424706307152984,91.2789736964893
155.7,-0.393995327027661,-1.45419670506697,89.4422281378279
155.8,-3.83016706055048,-0.562211374794237,92.3018441678928
155.9,-6.01209354494296,-4.95769887400786,92.6137144925731
156,-2.88157767098023,-2.1596342575586,91.1213569945534
156.1,-5.94218480163154,-1.15040185550137,92.5230900242732
156.2,-2.05229513392942,-4.03205513846729,91.3108445072863
156.3,-3.66133016744466,-3.45001777209453,92.4043387085982
156.4,-0.981590566011177,1.06585629257906,92.8893608857124
156.5,-0.273587057984742,-5.05076985756734,92.5870738492861
156.6,-0.360704681205541,-0.155339227312101,93.4135142236584
156.7,-0.447269404946853,-1.74659978698313,91.3190834346289
156.8,3.98568413291079,-2.82003518526101,92.8866221246743
156.9,-0.488913672458995,-3.85682338800951,95.0938490134342
157,1.21284078565837,-3.84265980535162,94.1497590829489
157.1,2.35305710894518,-2.89300691075205,90.4076257030354
157.2,3.37310519103704,2.43801642613748,92.9516215318133
157.3,5.918630328445,-2.43141070481863,92.2135166120262
157.4,6.90717122300875,-4.36445978459861,90.8466549104645
157.5,4.18097425311679,-2.16326459225782,92.7867114747568
157.6,3.40431021902974,-3.60750609642514,88.5154810427431
157.7,2.7192674642589,-1.48334997631568,89.3045767873771
157.8,7.16023332209848,-4.49444972905783,92.2043263691339
157.9,5.32727628373621,-3.89833625300532,91.1033656081652
158,11.6421008943931,-1.37069175084232,92.5928329376459
158.1,8.35672008035076,-4.73497683826506,90.5341752322558
158.2,8.51250977437698,0.888627084816982,86.2480963083924
158.3,9.03089650843823,-1.90305274926247,89.8588970044445
158.4,13.1943439548985,-2.87617300584519,90.7604864562274
158.5,9.82534098288235,-3.12634456857302,90.1964857503433
158.6,10.6615941841293,0.218357075700114,89.6293200707043
158.7,11.3969779767811,-3.3242739396529,90.8871055351798
158.8,12.9777693776398,-5.23282787113943,90.2140141566072
158.9,14.8710108015692,-2.99159670909828,89.4807385530394
159,15.3562385695085,-2.2748507238464,89.811006199467
159.1,14.5930779996675,-3.28226010257371,89.9754619974053
159.2,15.1972186020448,-3.23274400582042,90.9003112642833
159.3,16.9417265443689,-2.86048109584724,91.9487069856801
159.4,19.2959200855136,-1.93575432850769,94.7720804633622
159.5,18.7387998870305,-5.03876233548206,90.706283817597
159.6,16.2302887035197,-3.31008231093567,90.8763607772272
159.7,20.6769689995867,-1.64408359898408,90.6350344451778
159.8,21.1664284180625,-6.91096893996289,90.0222659676675
159.9,22.2773904614528,-2.77340592057331,91.1280003900436
160,23.7788857943998,-2.49691701440451,95.4365076124713
160.1,26.0797566338452,-0.595368302142102,89.5864542538307
160.2,24.7887290385376,-1.44038409922519,89.7347353816188
160.3,24.5857449746621,-0.766374557791278,91.9959124707647
160.4,28.3603491895486,-5.36278463086752,90.4113362852554
160.5,28.0359948842745,-2.49708553658077,88.7953541970211
160.6,26.9205109864492,-3.06551282611871,91.5161756802309
160.7,28.9518473408009,-1.81175404371535,90.5115502582641
160.8,30.3632015358261,-2.34726895497794,88.7721048032957
160.9,30.9804050831506,-5.39972410997182,91.3301139714357
161,31.6949464580128,-3.72068540122586,90.1551958229308
161.1,35.4379640877328,-5.15452112873215,93.3929600774324
161.2,33.7853790923988,0.506464138613654,93.7893499453237
161.3,33.3527636538216,-4.53925778539459,92.5959543149646
161.4,33.3522255914719,-6.4262650741373,91.5641244615732
161.5,36.1577721445968,-0.301062353177326,92.3980217035897
161.6,35.5671079484123,-6.16249151185795,91.0444525132265
161.7,38.3100146826166,-4.26797334194795,88.5218708225482
161.8,39.4197685693342,-8.16117372500269,92.1455232995769
161.9,39.9826938975185,-4.25845470765297,88.3885532443172
162,40.7109260241497,-2.01292629027293,91.972439266213
162.1,43.1028041085808,-3.46934674855247,89.3331820921792
162.2,39.6410155970506,-8.61237603112932,92.5379805532943
162.3,42.5732443954011,-3.3672146062529,90.4113854048905
162.4,43.4065633328339,-7.87759656837091,91.328050417612
162.5,44.2734607877892,-4.30028832662202,85.6902352734196
162.6,45.8169383823149,-2.10108095872552,85.7393247171709
162.7,49.1165784412803,-5.01307960685726,87.9668497343971
162.8,46.904633848224,-3.44346362467447,92.0052743560362
162.9,46.8198260656792,-0.306051898202756,90.3435302662893
163,46.3888234634325,-5.56008789849501,90.781425256337
163.1,47.4873738202303,-3.14547460258187,90.9997595475442
163.2,53.1967761147673,-2.29531104223205,88.0549108639469
163.3,49.3810482402882,-8.70654787350392,89.1059936884223
163.4,53.359992716629,-5.50212947215987,89.5498052151816
163.5,55.3667163601419,-1.2649117277015,84.2803891164426
163.6,51.92440434875,-5.29158142606297,89.9149587706376
163.7,54.3925781165733,-6.81390236534635,92.0774738653851
163.8,57.6345559622078,-3.47834404611001,85.6081673161205
163.9,59.9307601121191,-7.36931615700344,90.4272651311617
164,59.0544954641934,-6.41157101480696,87.9994953629374
164.1,57.6873066798508,-5.07241229571275,87.0017156042737
164.2,61.0393964816623,-3.70097856620094,86.068411011677
164.3,61.0102353721566,-1.97285145935703,84.5006642094123
164.4,60.5185770969195,-5.8388996414162,86.5181364039652
164.5,64.0922784769228,-4.51964656808603,82.0374256988322
164.6,63.8169365343632,-5.26939282281881,87.9180679465143
164.7,63.9944990811454,-7.00097996747132,84.2971606573914
164.8,65.4288595250974,-2.07397642269059,84.9721168909129
164.9,65.7624039237642,-6.40465282655421,83.3409912510262
165,64.7533940595341,-5.31959275556555,84.9243932133628
165.1,65.9298726679594,-7.13378919013803,85.1863563079355
165.2,69.7063021385385,-4.93727467033573,80.6352036949823
165.3,67.1594282414972,-6.45276986318758,82.3434718754364
165.4,68.8813183426242,-6.34190251328512,84.7787207125795
165.5,71.6153874688314,-3.82374766273335,81.2710820868201
165.6,72.1958711479458,-8.61806237520944,84.0193283105901
165.7,72.7753742216462,-7.85821601160464,80.0903071278429
165.8,72.9381512044903,-2.51693386290476,78.8178747410171
165.9,70.2644797895356,-3.3188975186938,80.043765558045
166,71.4181461857133,-5.99440714182769,81.2216146840466
166.1,74.0390762271657,-3.76179532517786,84.5876161832666
166.2,74.2582389905084,-3.95383243361469,78.3401045853422
166.3,76.2347476366645,-6.54321831063193,79.3587288709269
166.4,79.1827734326771,-4.64045714365236,78.6139101579165
166.5,80.3052214738942,-6.48910478005301,80.4250243918984
166.6,80.2849447099361,-4.79142796976798,79.2593463087644
166.7,80.8161898680667,-4.58211812525588,79.3860052911113
166.8,83.5179252267346,-2.93313059815205,77.6404771340316
166.9,82.8135414846348,-5.58095612019261,77.1085044873802
167,84.7708846061854,-7.29776240200793,77.0537175495831
167.1,83.6592811844298,-6.8088445603698,74.9805719380205
167.2,85.0167074537633,-5.70716608364415,77.4871967342801
167.3,88.2158089146595,-2.11648565398119,76.5038080863777
167.4,86.8554240121175,-5.26366467019308,77.1057143353784
167.5,85.0153736787482,-4.59882586222448,73.9871088644858
167.6,87.4736222300489,-4.34980553728722,75.8586197464541
167.7,88.2076899957444,-7.6556710112934,75.645408573904
167.8,88.6471271280952,-3.33852153658919,73.3153172005226
167.9,90.0570409011347,-5.34839040207882,73.5960990447433
168,90.0129907240051,-4.6828526705536,70.9173292815694
168.1,92.3293283665925,-3.51213579288487,74.3419195729886
168.2,90.7556832975534,-7.27614388924417,70.1024692799921
168.3,93.9338561506476,-5.274751414213,68.9525324506302
168.4,90.4949769549645,-4.8370766645822,68.7199033841508
168.5,95.7220748182463,-1.65091593386618,71.2233433739908
168.6,94.0648827433393,1.33519498735754,67.0738440177024
168.7,98.1241064670188,-7.64130032136821,66.9373278836553
168.8,98.6846056135607,-5.83310186648999,68.0368668611107
168.9,99.2936028558871,-6.37812783724313,67.9544783545276
169,97.15781915749,-6.60614418564209,64.8575250895948
169.1,101.681530725816,-2.93831610997086,64.1350128403139
169.2,98.5945697782673,-5.91324451739503,65.0323985736612
169.3,102.623578061073,-4.81236931746394,65.2660136313052
169.4,100.551160369324,-7.3605719628318,68.4285034698503
169.5,104.094578747328,-5.44959467657773,63.9314786208485
169.6,104.562786178891,-3.01327104776133,60.7601712409986
169.7,103.287499507923,-5.9060042687051,63.9001286571619
169.8,102.61602650684,-8.6935025746489,59.7398098351537
169.9,104.82642938312,-6.41103957655505,62.2253853475437
170,106.888653023555,-6.43388348169359,61.9729433468897
170.1,107.579603690263,-9.86708342553526,56.9288680518118
170.2,103.798398661789,-4.68064591747401,60.5506738202587
170.3,106.728181858438,-7.02814456481503,61.4332717194285
170.4,108.058351090573,-5.43466435842381,56.8232253763127
170.5,108.810692392569,-3.87193254535334,61.0357422933864
170.6,106.509298919697,-4.91244701386624,58.4301886587813
170.7,109.185514902724,-2.782100824131,57.40511949827
170.8,110.021117332279,-7.00495792077132,62.2777755691601
170.9,112.297700037131,-4.58347256077076,57.1889522802399
171,108.929421010515,-5.5042151462362,56.6832171416739
171.1,107.643785667421,-6.59683052237917,57.5824627390539
171.2,114.577912129383,-7.70262073589333,52.7324523228431
171.3,112.503644482848,-4.83810427157854,54.1324508752202
171.4,111.322185090921,-3.24498454084915,54.5292499453126
171.5,113.36682474221,-3.20537557471387,55.9035118836467
171.6,112.020585665266,-4.63601298288821,51.2757124677844
171.7,115.17717954522,-6.05820202576924,52.373855808323
171.8,114.635692658366,-5.18217664928378,52.7310364607077
171.9,117.252646815567,-2.23133629231911,51.2010500689034
172,114.231989224195,-4.91086338722457,51.6843668786306
172.1,116.150003158913,-5.77700117853626,51.9727130467556
172.2,119.114294214717,-7.8501382034037,54.767089438365
172.3,117.911222903407,-2.61972491435405,49.3026865094316
172.4,114.646789548769,-9.61939050426878,50.7671768063698
172.5,115.39035173816,-7.91348690667144,51.1700868803629
172.6,121.462010643965,-9.11220579602539,49.1675830020011
172.7,120.472501946207,-2.12713597439763,48.1782812744715
172.8,120.850337373696,-5.60373271436558,50.5487572658541
172.9,122.460854379161,-6.82388230166265,44.4939361827215
173,120.109462887763,-4.72625273299778,47.4444124989027
173.1,122.7329941386,-7.7760207408608,45.2946348666675
173.2,123.980416105488,-6.2123353758959,45.2642911874372
173.3,123.717910427301,-1.48299850040722,42.1582936618374
173.4,126.013059690036,-7.94544864518528,46.3504598099889
173.5,122.879049112897,-8.2321018797038,45.6965033088307
173.6,128.863136158723,-5.3221041063607,43.4508527665429
173.7,127.230928935256,-3.07333655773709,41.2425530291815
173.8,128.843481369749,-7.79256244242044,41.2042819157022
173.9,129.622611911609,-4.45571364889766,44.8463663495698
174,131.037270926957,-7.14181036231057,40.7622497633525
174.1,128.775606865241,-5.67169324175636,41.9148202631704
174.2,130.563298879476,-5.50111944816027,40.3892785775031
174.3,130.26788999167,-4.81598864103677,41.6759543556352
174.4,136.039400566323,-4.70831371598525,37.272780064345
174.5,134.776649640071,-4.0909764165024,38.1803470877352
174.6,135.671874189778,-5.33567955882655,44.1411090294741
174.7,134.441094332079,-4.57648335257297,36.4096920118956
174.8,132.138575009455,-7.70348556742027,39.7482725111237
174.9,139.075908627265,-8.74946372052998,38.6318621281278
175,135.602507559553,-1.43082281940354,36.5498472720245
175.1,139.09666932308,-8.73134189228323,36.354200850092
175.2,137.651611826976,-3.83873960588593,34.8601424477703
175.3,140.227022466155,-1.70810311727661,35.5826333014304
175.4,142.249617069935,-1.67558752021319,31.5496634134922
175.5,139.833905133505,-7.92904015457569,30.8203261107309
175.6,140.675019511236,-5.60648650437679,36.5804464220113
175.7,141.080867776585,-8.01851765127267,32.2708071866306
175.8,146.751378689965,-6.03597447428626,34.856879817418
175.9,145.624173156997,-6.08949413869011,28.6375694499242
176,146.665870232047,-6.84558859249853,32.0681946146144
176.1,144.397204173251,-7.73345883993563,32.5857753215533
176.2,144.245928380049,-9.3169711261035,31.8238029784597
176.3,148.210511163359,-7.25063667207951,28.8127752397996
176.4,148.664830868755,-5.70743468797055,30.1445989798182
176.5,150.826495349489,-8.87873701814008,25.2004270758812
176.6,150.540575093154,-3.53042965363452,28.2253503731127
176.7,150.583164114203,-3.31396687585501,27.1833908259922
176.8,151.539711455457,-8.90902970418934,26.7749751360512
176.9,152.818940182027,-4.31581811862002,26.8190355483448
177,150.962565054466,-7.73053403822209,27.1220763696771
177.1,152.978576697576,-6.25326003153577,21.9114354031264
177.2,149.333950087797,-5.63266899324772,22.1310010383183
177.3,154.360632954513,-8.77347869081107,22.9003825865834
177.4,157.824046207559,-5.20313644668613,21.0996748221514
177.5,151.603891267962,-6.47565078536041,19.4694661663949
177.6,156.330373934252,-6.30862868096056,20.4046979728581
177.7,157.828855322626,-6.77480535396119,20.2660240923542
177.8,153.139955563245,-7.74795815928006,24.1202579396056
177.9,157.736565370708,-7.35286208338093,17.0064540683298
178,156.620464483561,-3.66145528820623,19.4927274156356
178.1,161.102967612678,-0.91361389229539,16.6925704791132
178.2,157.619493609348,-5.28015466673514,20.0328548446099
178.3,161.389115880666,-2.6915532957998,17.9697078937633
178.4,162.23695652241,-6.64585827706054,15.8226041231318
178.5,162.642335295603,-7.16720563442236,17.482312738961
178.6,160.69804206056,-3.03082503601516,17.9189775291064
178.7,158.444556901485,-5.60304418875247,17.517074396375
178.8,165.557200641291,-2.64902290941348,17.8782167106224
178.9,166.784746198971,-4.37869868756069,13.8967350349499
179,163.942538770216,-2.8317989270728,19.4898738231009
179.1,166.979152911102,-3.36562599228018,14.2677588169134
179.2,161.382321309426,-8.51183864779552,17.0059106446162
179.3,165.606928273255,-3.33927940200799,19.4034008158896
179.4,164.397436030637,-5.42093913418649,19.0485773708011
179.5,162.585261596997,-7.22250272602909,19.0433071815091
179.6,167.031369249068,-5.03158491386211,15.1953167353547
179.7,166.596848782497,-7.8566554296653,16.1352486883154
179.8,167.312297640718,-5.76814840499372,17.3991372068108
179.9,166.419085572365,-7.72386108381034,20.4598722547048
180,168.264017770451,-6.10546078105547,13.408301159612
180.1,171.240776377744,-7.68676148631417,13.7497038608677
180.2,168.712901662722,-4.42304990446155,9.23674587892706
180.3,171.415872561836,-6.52808589755038,18.0262290901698
180.4,173.885876121385,-6.64929437976305,15.3271239741459
180.5,171.133970076078,-9.49754263500806,15.4934573492029
180.6,175.323238129604,-5.42006059535747,14.8632346830469
180.7,176.098176647157,-7.96990448962651,16.3674012776434
180.8,172.36273838606,-6.70890683141639,15.5044224392271
180.9,173.309397146354,-5.77917905808701,12.7555938840011
181,174.638469659634,-5.89185206932903,12.9831906528095
181.1,178.56612735981,-0.526832198586463,16.7151553695306
181.2,176.28041057722,-7.16239900220619,16.0457184760185
181.3,179.468277172808,-2.9377345220323,16.1300183738424
181.4,174.734879423628,-3.12559493277853,12.472777014025
181.5,181.773140532208,-3.39837730317348,15.7666531557076
181.6,179.753303070848,-4.84399551551427,17.5297792489373
181.7,184.497054627668,-7.68907303994472,15.2236314858618
181.8,181.345820199545,-3.71947966474634,15.4023900516427
181.9,182.692020710075,-4.14756671441789,12.6932193216891
182,184.883030207298,-6.57746691631923,17.5238766093773
182.1,183.749677236141,-5.62523691761896,17.0090933364014
182.2,181.571155104003,-7.813334957369,15.5112404476573
182.3,183.799768049643,-6.56863419102844,14.7707406929271
182.4,185.60922275462,-5.43268025512424,15.2974871038714
182.5,185.124260213433,-7.89989681747817,16.1237431350523
182.6,187.348410759329,-5.13283929238928,16.1277701361268
182.7,187.994522893982,-6.10901948434562,14.7670381750406
182.8,188.961457204067,-7.29446557988532,16.7702512335553
182.9,188.66219837526,-8.31898028775192,13.1538213826102
183,192.350851901925,-9.77837576503779,17.9470533575254
183.1,195.657285695349,-4.46624653390397,10.2174914926711
183.2,190.422669146976,-7.45266657067374,14.2922869488645
183.3,191.279197070728,-7.94720722727355,12.763513039034
183.4,195.717127541058,-7.73385846174787,14.7495235199508
183.5,198.116847832207,-7.68503514653498,12.2190737790456
183.6,194.456736040226,-8.05161458310395,14.3258810074114
183.7,194.753301383238,-3.90526507770005,7.65524721029234
183.8,196.511367114393,-5.06689713395954,13.2965091771138
183.9,197.98111741212,-3.40719370886768,11.0631264983357
184,194.144792479301,-8.6515130457395,10.9408466381291
184.1,198.739748065496,-7.46145514763016,14.144527911554
184.2,199.59971059979,-5.04049642160881,8.90622194881846
184.3,202.298064006198,-8.07179938346544,11.641043043622
184.4,204.816872765296,-9.21354145685641,13.8539618213514
184.5,203.112929887457,-3.59330142774574,17.405215003134
184.6,201.645578429557,-7.3428684887922,18.8778438872534
184.7,203.692565460342,-6.9331294825051,15.6154302952798
184.8,205.206387051812,-5.57372698310528,13.9266137668532
184.9,205.578458136641,-8.06933184578275,12.0031575404635
185,208.718408999417,-6.0989114370363,16.6667404577214
185.1,207.434732719053,-6.74208212155634,12.7644446816524
185.2,208.489596461066,-6.84346886954051,13.5435589272068
185.3,212.326005248613,-7.93626247677973,12.9797102035906
185.4,208.02606368127,-2.481675722161,9.97822211535184
185.5,212.157757454412,-7.98430211129995,16.9752233006213
185.6,207.431233526224,-4.88148046800119,10.1035022769891
185.7,213.577134843549,-9.03141782543257,12.3448575604372
185.8,212.118417856601,-9.88959521933737,13.5515469457542
185.9,216.169391337367,-7.32209843240771,10.8367058375499
186,213.735943580279,-8.12346934219018,9.79065168334641
186.1,216.73531545773,-10.2203058707658,15.8552069279484
186.2,219.96386739567,-10.1368454652326,10.699883107705
186.3,215.383224516745,-5.38850884943998,12.7502700545421
186.4,216.194106306223,-5.62757859743182,10.9922491469168
186.5,220.537624298854,-9.19957395456499,11.2460062842931
186.6,220.622747863238,-5.53695065640003,12.9267145000194
186.7,218.978883795711,-5.02741631538169,12.0475514142905
186.8,224.301004674638,-8.51908841829074,9.61020740313225
186.9,220.655681408081,-7.27253537695704,11.3970225172305
187,223.536931530264,-10.003077501601,12.6216617266764
187.1,222.246683362133,-9.37797464628553,13.1566244127307
187.2,226.470234558199,-5.36752522242486,10.3032491016778
187.3,225.424642136928,-5.68218667966039,12.0753418825722
187.4,228.436385285545,-9.56205148923672,10.5723321977139
187.5,226.500538917124,-8.10446332416915,14.134052190446
187.6,232.101174178955,-5.54552039464161,9.34155976125941
187.7,228.636867391911,-8.6991132087593,11.2527911322577
187.8,228.632713820035,-9.14393965600562,8.7073560763731
187.9,233.511121542869,-10.9661663561824,11.1209758681926
188,237.681399385255,-6.01403361298733,9.34512803355986
188.1,235.672926532931,-9.95244656983837,12.6976787955016
188.2,233.034833402836,-5.36888314012806,13.5095824258183
188.3,234.989931597042,-7.66709390731366,12.126696681967
188.4,236.222969460233,-7.12879653439039,9.75925083017395
188.5,236.107942145066,-9.27315875333586,7.62916767081022
188.6,238.978186970661,-10.1394191865798,9.03275918203276
188.7,240.829052400534,-13.1895632216812,9.48237590381847
188.8,239.536387061907,-6.07661260766077,10.5137765556569
188.9,240.287400537634,-6.12148913929915,11.1927954472337
189,241.243788682989,-6.81804323137841,10.6868360937862
189.1,245.001079035789,-6.73912883296364,12.7320090798225
189.2,243.914623118913,-3.90673859358885,11.1863543510812
189.3,244.760837429505,-5.73572328410775,12.3593584358699
189.4,242.94563532723,-10.089185509203,11.724068226534
189.5,245.853700357315,-6.66701623606819,9.17405879789543
189.6,241.182844302037,-9.8563320253661,11.3992698086855
189.7,248.603707292303,-8.97675216929645,11.0590484875821
189.8,247.497768319367,-7.89724793250607,13.3394973473598
189.9,246.988104948551,-13.9025843793249,9.45831631776808
190,251.292576456853,-6.29456066937273,11.7684762683548
190.1,253.507475449144,-7.58901037729037,10.1233530985515
190.2,250.915307639597,-12.117778670945,5.66064431441563
190.3,254.829273428327,-10.2986418844505,10.2915626688871
190.4,250.931280476214,-9.68451165629878,8.44665113334022
190.5,252.504430114079,-10.0314245112867,12.1144465112996
190.6,254.228423410172,-7.49564650368825,11.5595212120028
190.7,257.227993719714,-11.6454130205827,10.9270896277484
190.8,253.224904924424,-12.9771632526843,14.2899424632635
190.9,258.363886144478,-9.28510238668735,10.4815145964429
191,259.01137369321,-9.55542099990502,8.87009603831488
191.1,259.904861355286,-9.10120669180795,10.1495564716137
191.2,256.445518473165,-9.45330644219779,9.82634186094479
191.3,260.499563201447,-10.4545393659304,11.063827422019
191.4,262.164095613432,-9.20978595774652,8.24982459250075
191.5,256.745482582185,-8.25740242020323,8.42691451525757
191.6,263.675702790295,-11.2469742472064,9.73684370019398
191.7,260.862449714243,-8.63849962306136,9.50643621083043
191.8,263.888035956897,-9.055275785503,11.7926677923801
191.9,261.610476619817,-6.64614282564399,9.83103278663801
192,264.261959221014,-9.02128601400345,7.76377623828248
192.1,261.646963684487,-6.77237974168628,4.7877152315921
192.2,263.137420135159,-7.75248615918047,8.2942926068358
192.3,268.013031634048,-6.02444086288776,9.07211816129416
192.4,265.037186796605,-8.36305273605504,7.90251136144324
192.5,268.302410002318,-10.2875084727679,3.72929136678923
192.6,265.874933204612,-11.6193445158098,7.9876577284008
192.7,270.050200499154,-11.0801861352677,6.48488956940337
192.8,272.396236371631,-11.2780070254801,7.99233143296734
192.9,267.749974841888,-13.0930918876476,5.23141062754844
193,268.586661556977,-7.6278607352389,4.77306974567883
193.1,268.561883551288,-12.1572506938077,8.97492334614927
193.2,267.379719567108,-8.00317928864384,6.39177949543238
193.3,273.188244650577,-10.5264335589592,5.74248594392832
193.4,271.236369025949,-7.96082526744431,8.41728939937898
193.5,269.136403663004,-8.46327804426564,2.54491915369807
193.6,272.334220003423,-13.6672769160732,5.56240631349576
193.7,274.354880530362,-8.17972141178628,6.75233105667246
193.8,272.603663978948,-9.33329992623086,9.7574873014324
193.9,276.185216687195,-8.17248725412485,4.85719553790417
194,270.645812979749,-10.8066544360251,8.56750421259854
194.1,270.779881452291,-7.41809283832617,8.5002389803672
194.2,273.659512255786,-9.90666943028438,4.77647700070676
194.3,272.018186423643,-8.94575210831906,9.97082583673788
194.4,275.936827587402,-10.2200309098379,6.9086960496731
194.5,274.690249926343,-9.77414198477272,6.51831053115108
194.6,273.13435501357,-11.2696854306836,5.54220543170035
194.7,272.690288509567,-12.3536278740761,7.37385507014307
194.8,277.635476680858,-8.41663418419135,8.04275104261039
194.9,273.307776778012,-12.4520933234149,6.55804578236408
195,277.197866066818,-10.3255720226437,5.71519684384295
195.1,273.50856856822,-6.48512914592093,10.7846859758125
195.2,278.968517298597,-8.02938463068313,6.8498094791558
195.3,274.558145093508,-8.17642939441106,10.4845342892133
195.4,274.847692713356,-11.2859244596304,10.1199497367929
195.5,275.979218892322,-10.5736006468501,6.31829388390519
195.6,274.84690252882,-12.9532886257451,9.19972298832631
195.7,277.050320335179,-9.40195908658719,9.91111459989918
195.8,273.963709358512,-9.63112727802979,8.5229110633748
195.9,276.034563093694,-11.215287080983,10.759185228665
196,277.469948282921,-11.2076801573973,12.5288001200094
196.1,276.547711654827,-9.43168256439173,12.6612002840802
196.2,274.231715544451,-9.38298026267652,13.4033725466208
196.3,275.14844452507,-10.1335698055512,11.7783066530058
196.4,274.730267858139,-10.2618222769819,9.55875945386206
196.5,278.333266204177,-6.33882689941469,13.8783254705409
196.6,279.512041028142,-11.5610681711421,10.7305865774797
196.7,276.81866512082,-13.726057721609,14.657208198579
196.8,280.792319762123,-7.84316300256673,13.782090678445
196.9,274.160739688184,-9.31529188989554,15.8052398627934
197,277.839161274712,-12.1131668624587,18.8060301186086
197.1,280.61968764004,-12.1692772096722,13.1310763367253
197.2,279.793568791716,-10.7992495160074,16.5502683300382
197.3,281.408618460173,-9.2981905905611,20.0585339044239
197.4,276.504223107049,-9.29650014455761,16.8252184262905
197.5,281.646673811445,-7.74169619867374,15.3313078040252
197.6,283.342713018548,-8.81277910476746,15.6210744660909
197.7,276.413986895546,-9.31544087549405,21.5984956410536
197.8,278.613047905678,-10.2944018495483,20.6955651726993
197.9,281.509439804593,-12.1255976309412,22.0423510509905
198,277.415088258132,-8.92097893760162,20.7842290570748
198.1,282.073330127123,-7.5091568542279,26.7251409982908
198.2,283.298345109485,-14.6594582867773,23.8894522331211
198.3,281.009293078956,-11.2141715413312,24.7061533535175
198.4,281.006303973564,-9.43743024119776,22.4141409558797
198.5,276.46513946344,-12.3629427400537,27.1593475727051
198.6,276.376415011703,-9.6023294184578,28.8665457095213
198.7,279.728676276747,-10.3049511836837,29.5280494377597
198.8,276.531877010651,-11.1188655447074,26.0800346464161
198.9,281.408521589216,-9.60674410053704,27.8116142617793
199,283.121577547998,-10.9492781881372,29.2768328861551
199.1,280.168951647282,-10.0329382019523,35.5309318527586
199.2,278.215856254842,-7.10101445157041,35.2735348067866
199.3,280.357122319872,-8.68340937172073,37.6501372869297
199.4,280.269680690049,-13.0340488107148,34.9762962832105
199.5,280.645703381247,-9.73275846663468,35.1090090531448
199.6,280.683745371478,-7.88472227151163,36.1659851452713
199.7,283.08654190245,-7.88788905537662,37.8633126255835
199.8,282.010406521754,-11.3225022427018,38.0352435813617
199.9,283.421770905512,-10.1819794500223,39.3215901249603
200,277.022293234442,-13.5774406197109,42.9530867897076
200.1,278.266680548646,-15.3814911856472,41.4427891744823
200.2,277.228056686392,-11.4156756497551,43.64001773485
200.3,277.666537974253,-12.1821744981434,42.0394768791336
200.4,284.223811798304,-9.44222543515847,44.2191802899259
200.5,278.697921683505,-10.4395607595429,45.1551725115626
200.6,280.669966214568,-11.3093627745391,50.1668528549532
200.7,285.371176490014,-11.9871013867049,48.0474289492473
200.8,283.579682377564,-11.3259588391174,47.4289238270001
200.9,283.941806960946,-11.4332469622266,49.8928875010716
201,282.427821858954,-11.8929998492571,52.2032440605204
201.1,281.543387146561,-14.155119080272,47.3330032777726
201.2,279.998509476901,-12.0458030143664,51.4112564380096
201.3,283.652889870196,-11.6815596698673,56.296104431063
201.4,283.000639495856,-9.77504678547973,54.4481190544826
201.5,282.618199729633,-12.1615358902328,55.5772904201443
201.6,281.547258032747,-10.7473330838063,55.3308850001615
201.7,283.118116548839,-8.98249362511381,60.149603101816
201.8,283.291637654514,-10.9879429274666,58.9928277382098
201.9,281.044093341571,-8.4383172205108,58.5201851872393
202,279.678295226568,-11.7555054760116,58.0892086252537
202.1,281.928176191912,-13.7046341773409,59.3793067710542
202.2,282.655333392001,-10.9068651598117,63.3428806758377
202.3,278.198600509938,-10.4383652296343,63.4268454481874
202.4,281.408001463684,-13.4355347095558,64.4504066684972
202.5,286.349290146313,-12.957276213801,68.5875689152338
202.6,283.724382984939,-17.0054091478295,66.8316251498754
202.7,281.648970693019,-12.0430644812175,66.9605489132334
202.8,283.395326076794,-11.0837232202467,70.5917908152889
202.9,280.070887345488,-13.6744357467455,68.259411296971
203,279.557335670304,-12.9146623703886,72.2985020037653
203.1,281.805003749463,-13.8850189630607,74.0855477209998
203.2,283.015645646245,-9.58841932765509,71.8945268577179
203.3,281.247061255937,-16.821954264825,74.2695864475918
203.4,283.101150739551,-11.8971648744757,72.6378531124181
203.5,279.654499312888,-14.8967570855872,75.0233548957266
203.6,280.247316893895,-14.5987342817684,76.7267888355198
203.7,285.088544977903,-12.3486829329529,74.164758686909
203.8,284.315161853315,-11.8886424849724,80.2292459738697
203.9,285.693971150731,-10.3767681993417,75.9749294896557
204,283.050094425774,-11.9390460737375,75.1444853795167
204.1,284.146222823751,-15.588060164358,80.1325606017765
204.2,282.565329894658,-12.4289496173698,85.8522653116678
204.3,283.687658224841,-12.7747829942924,84.7003072630225
204.4,282.797407919613,-8.29126626975852,85.5222924319006
204.5,282.877535806704,-13.0040334532173,85.0316450822918
204.6,282.525822860876,-10.971953142438,82.40809445769
204.7,281.880328441354,-12.9116221099822,89.5132014647354
204.8,282.871760974522,-12.4655892963922,87.5677419926655
204.9,284.014311463466,-11.8307958620526,93.6216963124971
205,283.939866423924,-10.983847779234,95.5195163883793
205.1,287.066396233053,-13.6284398832097,91.8658149543226
205.2,285.767115313108,-11.4865961471608,93.4573063173959
205.3,285.420816893853,-14.5217184427204,92.1480326775196
205.4,282.266898938682,-13.7524259543492,95.5177582212001
205.5,286.925237207061,-13.5291719945266,96.980574350548
205.6,286.193102186893,-8.92141535532219,95.5697723037317
205.7,284.702723685435,-10.7227487552021,99.8726850535915
205.8,287.940536529179,-12.2437627155864,99.0317284287104
205.9,287.729681540099,-10.6575308087187,101.876305505225
206,287.250079175017,-9.87149026167139,101.650838212643
206.1,283.881313127827,-8.0527460739834,102.401373407514
206.2,288.847209531663,-11.8856110281731,100.214723978623
206.3,281.130673190713,-13.8465439153668,103.397274534365
206.4,287.646383633694,-12.4207481354403,105.051712140251
206.5,284.351936076434,-13.1730543896453,104.570842526566
206.6,284.36514715808,-11.9616361332386,111.048080083216
206.7,286.055199711924,-12.6137169475372,107.102815758831
206.8,287.263585973758,-13.1875525602217,111.155357215889
206.9,285.360997580192,-14.9864034563163,110.750955567879
207,284.156809218951,-14.593586565417,110.082165721792
207.1,288.702990028203,-16.0695221342736,113.95043210004
207.2,286.798162353383,-12.8473474458049,112.590328775657
207.3,287.513391932452,-16.4626004474788,113.943216640313
207.4,287.730765448724,-14.3141937177791,115.149360134185
207.5,286.031498550218,-16.2973799516442,114.825932197349
207.6,284.701850375725,-11.5147243972188,117.07094807819
207.7,289.856266641983,-10.2419078893635,118.405860366148
207.8,285.494031504367,-15.0721126721686,119.01778509057
207.9,289.148063139201,-14.4983575048288,120.936591777228
208,286.149155773671,-19.1367278063455,123.199149276439
208.1,288.099763073731,-19.0956619721384,120.640651693146
208.2,289.301917002794,-9.89203897208634,122.560839713127
208.3,290.573837695506,-16.5161505388783,121.40733486515
208.4,287.818852306463,-13.5466336632672,127.240751872752
208.5,290.632614074871,-14.2915933546774,122.796721028414
208.6,289.127746787178,-15.2982635127743,125.481712809852
208.7,290.326505296912,-14.6657377579722,121.699415871811
208.8,293.411084935423,-14.7332106367451,128.017571775777
208.9,287.439259696185,-14.7015894794552,129.304112848233
209,292.009010282333,-12.8501867041292,125.747207430266
209.1,288.570987054333,-16.1694625528505,126.429708379978
209.2,293.083544299203,-13.2272308378613,127.69811227948
209.3,290.578121057329,-11.5948855636642,128.503618694805
209.4,287.594372080146,-17.3193714751308,134.521806881116
209.5,290.368193018769,-14.1470203691505,132.285449516086
209.6,287.444333278926,-13.8545095677841,131.894092530573
209.7,291.178306971351,-15.0525433286355,132.185152164862
209.8,290.844064034744,-15.7818360251938,133.178956809435
209.9,291.567799413716,-15.7280011092998,132.678263308859
210,291.865582694396,-12.1755866784183,134.778190660412
210.1,295.063438787045,-15.1406051222659,136.550160578936
210.2,293.025586870906,-12.6693580481651,135.338780398412
210.3,296.684350820406,-16.398592967877,134.245510446682
210.4,293.626138658032,-11.9428775529572,134.401066187012
210.5,291.769671633515,-14.4422212529951,136.615590561434
210.6,291.731743366371,-13.1195651601937,138.910589764942
210.7,295.823922137304,-14.3773261156382,139.417602123014
210.8,292.248191641705,-13.2837979743095,137.588308465784
210.9,291.653203892141,-14.0103678644688,141.769038007151
211,293.496329314608,-14.3716197721397,138.115203104899
211.1,289.495228723593,-14.8595334293766,140.488602157255
211.2,288.111534761146,-10.6499888219374,140.964123957212
211.3,291.319591713087,-11.3470526952106,140.268660837361
211.4,290.805400862341,-10.5827128439316,144.489520078723
211.5,290.371158406073,-17.8181599745398,142.003479717996
211.6,293.560498657519,-16.4247526944538,139.392111082582
211.7,293.394502370049,-15.2679850876709,140.484464568964
211.8,291.274147932598,-10.8743159182471,146.975052755595
211.9,294.464632946504,-14.49210039303,144.711997762175
212,289.538625682383,-13.7411165725167,146.436373059378
212.1,289.502693277501,-15.1110002953578,147.819977675742
212.2,289.33283142185,-13.6721008342849,148.389787114124
212.3,290.308196492163,-14.7592858520712,143.8004263737
212.4,289.354976236971,-10.8045981878592,148.399539280314
212.5,288.722161823097,-13.2100096239058,149.851325984901
212.6,288.27864918171,-12.9860562193821,146.95643784481
212.7,289.186376095439,-7.74214216969917,145.09861869468
212.8,287.745887453843,-14.53643355991,150.237655811712
212.9,285.006709625191,-15.7525972610896,148.52545350047
213,286.956900039051,-17.0121787424933,148.195296841376
213.1,285.55621233604,-15.7021400560192,146.45540130119
213.2,284.328878324477,-13.6651678547539,148.889152928913
213.3,285.144164747575,-11.9512420754265,152.346985040196
213.4,281.161390735503,-15.4623107996796,150.97722169911
213.5,284.471807271482,-12.5126067914419,146.317269158235
213.6,281.822074541858,-13.5295421200532,149.079448056695
213.7,277.338124479772,-14.4379912767697,150.004911774961
213.8,280.218285601812,-17.1358135565337,151.008050634262
213.9,281.439842176128,-18.7090967146298,150.814209581413
214,280.312938556363,-13.1570109777218,151.951589515191
214.1,280.135285672651,-16.186129770334,151.338899832941
214.2,276.000788024339,-11.7706334074065,154.551159868781
214.3,277.864627980494,-15.1824373282548,150.264387783953
214.4,276.080721895632,-13.2867831069716,155.076988769136
214.5,274.524692432406,-15.8935536563356,154.562542340464
214.6,277.23648830855,-15.8939301583285,155.630679685667
214.7,272.359577711882,-12.6352996608422,155.355171138871
214.8,275.070180079909,-13.7475955046725,155.986284070126
214.9,274.297824721083,-14.6893818324957,152.907509664631
215,273.860464844627,-19.6868209924115,158.273867027247
215.1,270.203541888313,-12.1750245600765,156.86726106069
215.2,272.745734489574,-17.101899614302,158.494863345509
215.3,268.261774998324,-15.891826687533,161.089924666588
215.4,270.110221513644,-13.4126047654504,154.443466578463
215.5,271.397698922285,-16.3581111764816,156.640694379935
215.6,268.764764086926,-15.8725447113688,159.903354305425
215.7,265.780292039265,-20.203717671479,159.292768044912
215.8,267.177027131044,-15.9951201557407,159.519664045666
215.9,264.295197054027,-15.9679245095278,159.085572861258
216,262.0495091313,-12.6906146706293,161.735688473775
216.1,263.740694166519,-14.9196039364097,162.382248633124
216.2,262.236789112244,-14.8262063837324,161.840492500895
216.3,259.288118962473,-12.1832020407453,162.350831131149
216.4,255.681340107848,-12.9408873239686,166.868453916585
216.5,262.15333746935,-14.4003159883253,165.599081556275
216.6,259.622288013804,-14.361981411784,164.308092894965
216.7,259.013457943989,-17.1046535338282,164.211929336246
216.8,254.967483854479,-13.9906003797983,167.482220105732
216.9,257.702138764818,-16.92876981868,165.130843350469
217,255.268849168173,-13.907245265065,165.101982658616
217.1,257.256695105251,-13.9159885586634,169.851836962901
217.2,252.558941408613,-15.8923453345842,165.271311739376
217.3,254.051354507488,-16.2042558289931,169.845863591649
217.4,250.856531393313,-13.8960412974532,169.751494619748
217.5,252.681163905191,-15.4642684355279,167.502404229761
217.6,250.336770981656,-14.4054661712096,168.310694602001
217.7,252.418717135111,-14.1840535665563,169.119828488803
217.8,253.690815621261,-13.9631698901752,172.52723719982
217.9,251.143748561232,-15.2151062490811,171.063690027641
218,250.589850323373,-13.6372499388895,171.066720243867
218.1,247.104465343224,-13.0315944616735,174.719585529698
218.2,249.19959347074,-14.0592673883292,173.233986415618
218.3,239.272366215707,-13.4892682977941,175.031942418927
218.4,244.602071275805,-15.1364949217387,173.224574689708
218.5,241.926624462521,-12.6332447448794,172.545318906551
218.6,241.085051251449,-14.1727921093349,173.983343584095
218.7,243.310355796873,-12.808095529598,173.780047654947
218.8,242.353223081918,-14.6414378835296,173.825575421336
218.9,240.298030842914,-14.5897049007164,175.101278130837
219,237.774447525445,-16.8767687667679,175.921451445398
219.1,238.396039426994,-13.2742831453494,178.537992807412
219.2,236.401008769113,-17.4410420847086,176.225332676749
219.3,235.927819167792,-18.4183000133183,180.041071075358
219.4,238.92458945612,-16.5993538779846,181.501687258686
219.5,237.731850802848,-13.1373555381941,177.339868086717
219.6,232.428131451739,-15.5037110418434,179.063021008959
219.7,233.856054620859,-16.0695691916461,177.918720816707
219.8,232.21059914985,-15.3297039654394,179.050701878821
219.9,232.084484488344,-12.9336352443295,179.144517695255
220,232.164426842368,-14.4496345248729,182.211279609343
220.1,229.95290597672,-11.6089899897332,183.189613152147
220.2,230.866064558173,-13.2700602839648,183.629434499261
220.3,226.640628764588,-12.8729728995967,182.396838756374
220.4,228.736134880138,-15.9295275338544,187.215347869671
220.5,227.77207072113,-14.0152175478597,184.022262786342
220.6,224.804311756846,-11.8200570055404,180.694069446007
220.7,225.298209985979,-13.892164022675,184.959755403768
220.8,225.357305162455,-14.3648778417028,183.322519457887
220.9,226.528377373073,-13.9099970022761,184.173687279757
221,222.072790839967,-11.8240486292106,184.514940550617
221.1,219.114576951993,-14.4926421951994,186.88571675958
221.2,222.252563678625,-12.7012441507669,184.239191907865
221.3,222.234961149381,-10.3362693431659,184.55107568427
221.4,219.890993066291,-13.4147916594355,188.254610352641
221.5,216.360266366142,-13.4536047952279,187.096709142719
221.6,216.922328801884,-10.927151973841,188.924911731232
221.7,215.345117148399,-10.6697132666376,187.323965194339
221.8,219.068937608027,-16.6554500011714,185.712054568607
221.9,212.9664871978,-18.1628371093945,191.395814495482
222,214.164874893368,-13.8541695780646,190.396325768221
222.1,214.1487366793,-13.6494871278736,186.704997603131
222.2,208.211063966208,-17.1238746389119,194.001085059605
222.3,213.048320464547,-15.3933916617079,193.282660083347
222.4,207.046901843294,-15.0645299073999,193.549952035464
222.5,212.484441628413,-16.1917422516783,194.621184318149
222.6,207.257642782285,-13.0508871547113,194.89090206114
222.7,210.043711292811,-12.3982518965268,192.968547781495
222.8,210.999440728333,-12.6083984126312,192.319958611637
222.9,211.622065035812,-17.2537683393101,191.821854022371
223,209.530347585133,-16.0530110453556,194.937111160619
223.1,206.832112133232,-13.0086885419822,194.07080572584
223.2,204.572268353912,-13.8359089638822,195.402572051625
223.3,209.070619479231,-9.49677295983125,192.751542330528
223.4,205.696889952485,-11.0715659572961,197.113792794398
223.5,203.716675490346,-14.7538943443427,193.188625423576
223.6,209.832253414847,-12.0911940290879,195.7158961733
223.7,201.071663453547,-15.0448272014378,192.591819936406
223.8,206.440655629491,-14.5384319465174,193.577399472894
223.9,202.425811927336,-13.2900999831798,195.709267296115
224,205.4869383614,-14.8861107227018,195.093024660576
224.1,201.958299710062,-16.0199552677896,192.634592006525
224.2,202.596953477511,-12.5526286693974,192.155850529128
224.3,201.538592434836,-10.0223667244427,197.567453576833
224.4,201.841870147892,-14.2011311944645,195.537809569976
224.5,202.709775036616,-12.5227830140611,192.707094036068
224.6,201.107262858254,-16.8024279497529,196.727008367434
224.7,201.279391792548,-14.4538278759519,193.881993427127
224.8,203.828518175729,-15.3389978895624,193.749854147683
224.9,200.965893489862,-16.190927809465,193.769377193715
225,198.760740395993,-13.2915754639531,192.337289274341
225.1,204.298710379178,-16.2015749608107,196.470417362949
225.2,201.544148095178,-12.1438715089916,194.493913884536
225.3,204.201239850581,-14.0010415194173,196.687681576743
225.4,203.151661877185,-15.0531335065722,196.564816387337
225.5,202.571135009371,-15.1658532995144,195.67534476861
225.6,201.807695230439,-14.9940760416351,198.275605668848
225.7,202.091943556262,-13.6082342030389,193.20344552492
225.8,197.918319265089,-15.4066518434283,196.354475619576
225.9,200.461960817985,-14.7134617065259,198.859615047906
226,200.121941710125,-13.2794032727771,197.441991878137
226.1,197.031404210354,-12.3314038577981,196.92676375001
226.2,198.385168673618,-14.3281858311427,197.870481878185
226.3,200.688041090285,-12.6716930687176,197.789913039936
226.4,202.560518036786,-11.837590615967,200.53634254528
226.5,198.075433578626,-11.7560359554925,199.462734026803
226.6,199.603510395012,-14.2945936800534,199.164879733066
226.7,198.812343622483,-14.422472697593,200.66101809227
226.8,196.650808090928,-14.7776972522545,200.666627880395
226.9,193.897956341974,-13.5956580928461,202.367645073406
227,197.551294084016,-11.680994755839,203.499866430538
227.1,198.474459797447,-13.6455530109922,199.960061298859
227.2,197.614548059362,-15.706897562921,203.13291507715
227.3,196.663501254325,-14.823088859752,206.275856788943
227.4,195.217146115117,-12.8881842019356,200.233825677718
227.5,196.986219083749,-10.7576619767011,203.323629961437
227.6,196.105798086522,-14.3159749613932,202.467716680335
227.7,191.073317969962,-13.7177281041705,206.602015382524
227.8,190.028772321438,-15.2463307565904,204.76750218319
227.9,194.297317657924,-15.9454466518356,210.611500133061
228,191.609368748799,-10.7711386385769,205.50280329363
228.1,189.665912067661,-14.6262204987793,207.850383548962
228.2,185.521421004199,-11.6179176892455,204.514795496742
228.3,189.841803087531,-15.0410322662214,206.478258493331
228.4,187.873685623093,-15.7575699025902,208.042552418676
228.5,187.695699889006,-13.0711530188947,209.696267148257
228.6,186.85221210621,-17.1142380564344,208.865072035943
228.7,184.309929733369,-13.1755925336604,207.084062147883
228.8,184.585523061659,-17.700287504601,206.026358536492
228.9,185.670801831727,-8.50163749744564,204.766973452561
229,183.019859351663,-12.2197207892511,210.781486801759
229.1,183.667227152105,-11.9194348517135,206.790172621829
229.2,185.757441808743,-10.3951914379279,210.6789490372
229.3,185.458645514165,-16.5884022881928,213.503353841635
229.4,178.207716330917,-13.1018047380552,211.35314444585
229.5,179.55860963197,-10.9212133796845,213.997003083128
229.6,178.629220749248,-15.8258518094943,211.422379858153
229.7,180.199279601576,-14.4341045652247,212.775341723388
229.8,179.143601354508,-13.6658087030392,210.40631331227
229.9,180.214095353249,-14.3168671684769,212.039651297383
230,171.377801639393,-13.2892297473117,215.039703920407
230.1,175.132783798181,-13.8168927315957,217.815144726864
230.2,173.167706403013,-17.4753369973616,214.138741752843
230.3,173.872554978436,-15.8470174620498,214.305381988391
230.4,175.011528400146,-8.00490082168056,214.56206636294
230.5,176.204295411604,-13.486763092689,213.553050042767
230.6,172.653922677838,-10.4254184127483,214.109976035199
230.7,172.511150015516,-14.3124485255071,215.254280550367
230.8,169.441697992905,-14.6599844884178,216.810857269738
230.9,171.628445881306,-15.0807939380783,217.262931955167
231,168.250623302227,-15.0065114081721,216.585704391839
231.1,170.48290059792,-16.324337672806,215.943264108056
231.2,167.079862971942,-8.2636483775612,220.969141310275
231.3,163.880327264195,-13.6580697258919,217.104481487463
231.4,163.254964187235,-14.4505779822011,221.52037297017
231.5,170.0577864529,-16.6045766513242,223.428772867719
231.6,163.183397256971,-12.8234469303842,225.511753645764
231.7,161.39433374897,-9.90506851453936,214.214061358562
231.8,162.515031516125,-10.97331410371,222.609445117736
231.9,161.679312201225,-12.2037476803618,221.925247229588
232,163.194209312931,-12.7518056731326,220.580086292313
232.1,161.248317612068,-14.3858741735834,220.826785282024
232.2,161.029439162443,-15.6858647961272,225.445269595878
232.3,160.342624965063,-14.0273805832855,222.203319256725
232.4,154.389272297427,-14.0243509764983,217.460287818759
232.5,161.12760993664,-15.4257423911122,222.99516218731
232.6,162.233727677815,-10.8715476382331,225.422196674749
232.7,156.021746325493,-14.3099295787899,222.764790622133
232.8,156.750493765027,-12.6568143434697,225.735546416954
232.9,155.873896676855,-11.7853846766036,225.612508796617
233,154.192617084441,-11.4858707376147,224.521194109349
233.1,154.321981070796,-12.37118590706,223.875954499804
233.2,155.823628972525,-14.6236345553725,223.103796291129
233.3,156.426432693072,-12.9038519306927,224.680375320696
233.4,155.486082234531,-16.2340414625869,221.083286287589
233.5,154.410634524978,-12.5353177217216,223.593067856902
233.6,154.013193051544,-11.9790741816329,220.831618621347
233.7,155.276917833765,-12.0919931496193,221.369909176553
233.8,156.433015820116,-15.0469575969276,220.770868270176
233.9,153.803566239255,-14.1732714613195,222.316134755615
234,151.464347543516,-9.04793590685186,223.424212876529
234.1,148.75357208453,-18.2141765505256,224.654221027497
234.2,155.283911226996,-11.3665186675497,224.051190413163
234.3,147.683873957397,-17.0074012485375,226.960846575881
234.4,149.907861289157,-11.1437706031696,224.966736882143
234.5,150.090960292419,-13.8689774441045,223.91871660965
234.6,145.851430182777,-11.6036502799891,221.252048243694
234.7,147.375133457247,-13.5399376948807,224.084701961431
234.8,146.090834644186,-11.0230277938168,224.433472011357
234.9,143.84636800635,-11.9202229849327,220.441626942677
235,148.201806017532,-11.2174259032639,220.232436277715
235.1,143.443840963676,-13.8830378803928,220.157012839827
235.2,140.63099251557,-15.2998174316003,223.898099951292
235.3,141.767192512563,-10.584110439925,220.041071119781
235.4,141.776663078825,-15.5188517072829,224.446527983759
235.5,137.218189936792,-10.5576306721734,222.085580973325
235.6,140.403302620894,-14.6418213368866,221.373158732527
235.7,136.504712713141,-11.3773320829398,221.870233241212
235.8,137.235965425686,-12.4900485661452,221.622376349907
235.9,138.418377825832,-12.2049341009559,220.553053044077
236,131.753497716882,-13.7148644336378,223.496865058193
236.1,133.450599125022,-9.70431570087885,222.068384621794
236.2,133.764162795997,-13.7170793195557,219.763258079985
236.3,129.43014794945,-11.4675210513453,224.951085657292
236.4,130.563542370333,-12.1751740979538,223.394350013163
236.5,131.95928109915,-11.8186607138001,222.782549490592
236.6,128.885872084067,-14.0394113560775,221.36596501373
236.7,126.565462543051,-12.4563994466532,223.314629812855
236.8,127.983212786851,-10.2914223066471,224.755728480534
236.9,124.551548430796,-12.8388821093549,218.950771719302
237,125.210429423966,-10.4085116950442,223.37155739802
237.1,128.232978938959,-10.4569953912714,222.00019806478
237.2,125.577896456478,-15.0262215405395,219.781507371974
237.3,122.778235843855,-13.3798746855674,220.814905781906
237.4,119.23150289586,-11.8959840121694,221.113609592921
237.5,121.531779212049,-12.6255786323462,221.776793490077
237.6,120.854706123298,-13.3852935698345,221.689946632759
237.7,116.676354576889,-12.0479528218634,219.898166397552
237.8,122.532599659327,-14.3816819342659,219.335056483511
237.9,116.622800974339,-11.8164140426458,220.416574626557
238,115.88306825219,-12.9183826330547,222.099812181704
238.1,113.162827162002,-14.3884735197912,221.384920800588
238.2,114.309344097273,-12.4397427351962,224.744020599774
238.3,114.046660854885,-15.0027861831314,220.246127609043
238.4,113.280333155171,-8.34735334944061,220.450350254985
238.5,112.437916721894,-11.1490116044417,218.998659741799
238.6,104.206618842471,-12.476128675653,220.911057026227
238.7,110.638430709487,-12.646088006098,219.394740802822
238.8,105.979717272956,-12.915599582466,220.488663486129
238.9,104.968928227437,-10.2477510937819,221.941407499836
239,108.180452053432,-12.0850525717977,221.901846104204
239.1,104.208848100467,-12.8971348272536,220.221206758219
239.2,105.479201335883,-8.00770217059042,219.646209405196
239.3,103.453455695546,-10.799038663822,219.648100292421
239.4,104.160563887718,-13.7391659426645,220.491835471581
239.5,101.39739747792,-8.79782666529072,219.216441051654
239.6,96.7128689842471,-8.36399303529576,220.416384062292
239.7,94.2143038935554,-10.1604459399067,217.157219895023
239.8,98.9585931721379,-10.8100925194071,218.679752729734
239.9,94.908787611057,-12.1544903922079,218.671310900819
240,96.306737902135,-10.2564533573374,223.142709569403
240.1,95.9453557366087,-10.6975534036976,220.592757495893
240.2,91.908587588908,-12.1377654113628,217.318014623678
240.3,95.7328463524156,-8.90979616773284,216.316775222978
240.4,92.673887089878,-10.0255423155892,216.128206768279
240.5,91.4529732203359,-11.1507229379596,220.863792499253
240.6,92.0318877488345,-12.7856997222507,219.180537371914
240.7,91.3520107485666,-6.01182832276388,219.015608302837
240.8,88.1437970661693,-8.2446065567554,218.936933397362
240.9,85.1961078776398,-9.9346885325388,221.538677857555
241,86.2224246921762,-8.02603300283132,220.546672056502
241.1,83.8843325914589,-8.89062999423168,219.81014427644
241.2,86.5888070290723,-7.95093607687004,219.390848207753
241.3,87.5671082413465,-14.4472659682868,219.590234892872
241.4,85.2356437265551,-9.17541753430965,218.477441667469
241.5,87.8862153625394,-11.3251218501711,217.789591191546
241.6,83.8203393126147,-11.5124277381415,220.491457644005
241.7,82.3806923243878,-10.1813204720874,217.631735503775
241.8,83.7409454002461,-8.64207108785132,218.374464004752
241.9,81.8990203964251,-8.77843122809299,220.591565198039
242,82.1106150024186,-7.44687095379246,216.075317904197
242.1,80.9154569224281,-9.06978110298004,219.009263322114
242.2,82.0614882269499,-7.25382152705251,217.924784796275
242.3,79.6815256773174,-6.59673583780471,217.761564376894
242.4,79.8057643170766,-11.4376273548666,222.385180339577
242.5,76.9771400443638,-10.0731345596494,218.166751925967
242.6,78.5368244765318,-14.2956386012838,216.690493178832
242.7,78.4917632697913,-10.4084400293086,221.924844752709
242.8,76.2061321871947,-10.3056740568063,223.75688144395
242.9,78.998792570827,-5.74164257799326,222.006138802771
243,76.0904532677178,-11.2229335485652,216.334712780045
243.1,78.0730715309376,-12.9042969457181,223.094725100224
243.2,72.6974143115731,-10.3567143156253,220.626858297936
243.3,74.7834021498522,-7.03745867124619,220.526326973744
243.4,74.8471604006985,-13.4354814282,219.936428726196
243.5,70.7306066317241,-11.2363466821145,225.340181842023
243.6,73.3012221393417,-11.3105439787215,221.882953432105
243.7,71.0623737082318,-9.97880532549704,221.521771590696
243.8,72.2739459042567,-10.6968739944067,219.428994349621
243.9,74.1822670332439,-8.89850252561607,226.215534761691
244,73.1775757663845,-10.2099922294644,226.004908151149
244.1,71.7961415801527,-7.51957113345721,224.75191895841
244.2,73.1419597505643,-12.6835414475504,223.940755210493
244.3,71.5933884221093,-9.43346174056193,220.467230461779
244.4,69.2612019755609,-10.4669543536714,229.153406689513
244.5,73.6099074708018,-11.0145689518359,228.958031866134
244.6,74.8506009155967,-8.6795714341341,230.436028692313
244.7,67.8613838905873,-7.8911212524582,228.677856334956
244.8,71.8378996927815,-6.60261170058909,228.293642586613
244.9,70.7026372877248,-9.76855140953257,227.087846247832
245,71.9929735843652,-10.7757260815063,232.21494111513
245.1,73.7620716667207,-6.99224390045232,234.320062146539
245.2,73.6731702111302,-8.57462728605463,230.147328632586
245.3,68.7528074247826,-11.3135197239563,234.160676855041
245.4,69.6389843888372,-11.281395828048,231.932681254674
245.5,71.7249726122528,-12.024327554861,235.731557585971
245.6,66.0678873992874,-7.47723991041477,237.658668015952
245.7,69.0793196344629,-11.516585624629,237.616207598199
245.8,67.4132269065055,-13.9565178567884,236.882597735122
245.9,70.8942796883491,-8.21693607151073,238.834733941335
246,71.8363861976013,-14.1443094041053,238.71685887534
246.1,66.6744159428635,-7.81033760337887,239.644447915219
246.2,69.6442260352122,-11.8714526000856,238.578263167993
246.3,67.9214766932958,-12.4566226991286,243.693529617312
246.4,69.1145305830899,-9.43953977883008,239.2090012385
246.5,72.8438556032897,-11.0560482985059,241.850588260898
246.6,72.2954997458373,-12.3916480912896,245.443000687652
246.7,69.94086969957,-12.2553003735766,245.147648110337
246.8,72.0091275553378,-11.5400444266826,245.136539996523
246.9,68.3494848859402,-8.22061060982523,241.617644204147
247,69.6429197818133,-12.1574523936299,246.957431703108
247.1,67.9516635417339,-8.07305576792711,248.957281124425
247.2,68.699103949255,-10.1315121481235,247.589634721161
247.3,67.3962520643231,-10.8681502627819,250.826885445047
247.4,65.7074601326485,-10.4509803250491,250.766733793643
247.5,69.7306203603738,-9.47055257058251,251.848627209238
247.6,67.9069028820936,-11.428928033459,249.66082463075
247.7,68.7663104422635,-10.6961099834183,252.512027869649
247.8,69.2992406705412,-7.64704807824044,253.049937414892
247.9,67.3442354739591,-11.4153533979406,252.858177599173
248,69.0517251904797,-13.5933742385007,254.771656410291
248.1,69.7722459161769,-12.6171267924473,256.669706503942
248.2,67.2007554255247,-13.2435107744564,257.751863019339
248.3,72.3463832544192,-13.9739756240261,258.665665715094
248.4,69.4117369308308,-12.9765823903452,263.7056698245
248.5,68.8514975632381,-9.24057754250698,261.264402394545
248.6,66.0831160730577,-9.19260276781514,265.500701787546
248.7,68.6624746692325,-10.4149824012519,262.812704390589
248.8,69.2492763739159,-13.9594760997803,265.075653822144
248.9,69.5949066174391,-12.7329531792621,265.340512952584
249,67.634146561501,-9.8613648513912,267.576740916866
249.1,69.3437150713612,-12.2440115899561,267.638393718417
249.2,70.0681261930255,-11.9061766499395,265.348812119885
249.3,67.3894853915646,-8.71342452300179,272.848979191466
249.4,68.3557249070995,-12.2778215414807,273.254054665965
249.5,64.3747153253249,-13.0436299706625,268.861792749649
249.6,71.1170327055646,-11.3560454975064,267.353565347342
249.7,70.8765864322973,-9.95060743280411,271.887179517071
249.8,69.5711469132347,-14.6235942349166,272.983307652786
249.9,69.2861527250501,-8.96923708019617,276.227359998276
250,67.5590716620045,-12.4839565980607,278.323367578237
250.1,66.0139668099733,-12.3409158359235,275.633715345095
250.2,68.6057497159852,-12.3697152411271,276.35768393549
250.3,66.3685048965618,-15.9250454865766,283.5676743894
250.4,66.6252510295993,-15.2708572168036,279.558539825632
250.5,66.0331992202007,-9.85913482379,282.858289234794
250.6,67.490636677713,-12.9799466597928,284.08071778413
250.7,69.6106371395695,-11.1412828963578,282.467383796443
250.8,68.7261189824878,-15.5613474702273,281.173288227788
250.9,66.0043817786454,-11.9500336856652,282.989061275204
251,66.1918762150977,-14.7719054952733,285.527196885078
251.1,67.1973796595493,-10.9067695541593,291.335741616218
251.2,66.8531557266255,-11.3070979859527,290.178020993213
251.3,69.2925824550896,-10.6382716507405,287.917586955769
251.4,71.7740461912038,-9.26885418875317,294.245457255441
251.5,63.9888473039404,-11.8888070734589,294.454491674245
251.6,66.6730802004584,-15.5892486398989,294.36081292646
251.7,65.6286627878024,-14.6138413413092,295.553519232849
251.8,63.9205497097558,-15.273082937549,296.990025502862
251.9,66.805588752803,-14.0597982519798,295.522660983922
252,69.3965841231879,-14.5619365511483,297.27291465267
252.1,66.8325146146272,-13.1885884091595,300.002517325988
252.2,65.246140589584,-14.7528348466129,299.581951292212
252.3,65.9326006406832,-13.151041994802,299.963885237393
252.4,68.5117625783751,-9.95856982224291,304.398186997199
252.5,64.4559962734609,-12.8097647040418,303.212250602548
252.6,63.1419386155832,-10.8028479824732,304.977937500449
252.7,62.7238237817316,-13.4040050773974,306.15871455904
252.8,61.0704611470166,-12.9335225108492,308.735650703002
252.9,66.3174964082769,-11.0681189799224,309.190228198972
253,66.200683790887,-10.7294894413913,304.275237452354
253.1,67.3460537732002,-10.5816935598417,311.112618969507
253.2,67.1129628059475,-12.9289889836558,308.70035434854
253.3,68.8505541727123,-12.7398727789833,311.623405901815
253.4,67.8320134570081,-14.8822876264763,312.203280251917
253.5,68.607324382089,-13.6273005298983,314.361236799356
253.6,63.4314108009075,-10.8258395993326,316.563678449633
253.7,64.6342537072242,-11.3598016607902,316.171993014313
253.8,66.6986717883963,-13.8439275849966,314.519124556428
253.9,64.9606255770545,-13.2945848160276,314.43239066713
254,65.1540741544619,-13.8925621145852,318.720889686979
254.1,64.947035341728,-15.4986005150424,318.012805477939
254.2,65.7423472206233,-16.1899636290919,316.675073933231
254.3,62.0771857031269,-12.817923623852,321.258171637713
254.4,61.2116808343549,-13.5141610639056,318.645776187406
254.5,64.6095716015162,-19.2606577762117,321.887996937806
254.6,62.8675038854477,-14.753643613368,321.648756185719
254.7,61.2312153625012,-13.2523258682668,326.066861973339
254.8,61.3005157436687,-15.6931006422876,328.65199241082
254.9,60.0733604801949,-12.1419416773868,331.058318121707
255,62.3490852582172,-15.5201868294323,331.018997776088
255.1,62.9594955899148,-13.6528129185982,329.740888877692
255.2,58.5614852904068,-12.9326180964214,330.43077781044
255.3,61.8414868542471,-13.0359772550186,333.82189667666
255.4,62.0257105012451,-16.9361461219679,328.878662391474
255.5,63.7232453376347,-13.697033145995,334.93725172172
255.6,65.48678296022,-10.8353964366784,334.714215419475
255.7,66.0952195147095,-12.7023686980046,332.637007030014
255.8,60.2970461012317,-12.8970590638514,337.097524653858
255.9,61.9744649329378,-12.867317139489,335.750398685651
256,61.8756870770186,-14.6518847881751,339.650839661528
256.1,61.2387258661564,-15.5906798622451,341.073439760562
256.2,61.32929811023,-12.8601624155261,342.645901664022
256.3,59.6004048218762,-13.4743223979256,339.651462008193
256.4,61.4842167205041,-11.8568799775745,342.232409732181
256.5,57.221616161102,-11.1500108806433,341.937113444017
256.6,61.18894385265,-10.4606213942199,341.859021258073
256.7,62.2987457618257,-13.1501578994419,345.838513902213
256.8,61.4591164409581,-14.8469085760992,344.509484090784
256.9,60.0327629702465,-10.878875991845,347.646013159284
257,65.2751913597931,-12.3314907424846,351.450873197416
257.1,59.5191008033889,-15.0988348762517,350.504300422084
257.2,60.8530408365295,-11.4056079058513,347.169305740924
257.3,65.6447120102922,-13.3547551833924,352.675715862437
257.4,59.4654791035779,-12.9493727616227,351.13841374878
257.5,60.7292398723033,-11.1976358863178,354.730896391521
257.6,61.5785540987677,-11.9722121442572,354.238951310894
257.7,62.520415948962,-11.7180809891367,353.629463828548
257.8,59.738436659151,-10.9571472339208,356.590210846512
257.9,59.5067609287549,-12.3997104784947,359.605973526937
258,64.3518427584161,-15.0017914355162,357.055253132257
258.1,61.3259804080633,-13.1241712410612,357.22296896723
258.2,62.7909860138121,-13.9574395226742,361.925273150901
258.3,62.6371114153094,-13.0918682731713,360.680058706649
258.4,60.1252129828472,-15.50512244676,355.819904734563
258.5,62.8199545124504,-19.5204173490445,364.059279902146
258.6,60.521807808854,-14.5603814920151,362.783299902949
258.7,61.9276034542269,-12.468463373759,362.858729750401
258.8,62.5485863455584,-14.3005283398605,362.676231834424
258.9,61.860922043311,-15.6925344194207,364.89858729435
259,59.2525229092613,-14.2866175141647,364.230698898295
259.1,57.9691601243481,-11.3746250535593,365.975028512567
259.2,62.9949375959037,-17.7437135926605,364.671006495333
259.3,61.5660488151553,-17.871247539802,370.32934419203
259.4,61.8592957059691,-16.7968892401652,367.018559729591
259.5,57.5675572797364,-18.6791628581237,366.457995177171
259.6,65.8441856854894,-13.3340710636886,366.360114534347
259.7,60.5541063399335,-15.0756178197948,370.170787396794
259.8,59.5532300777939,-14.6893856469843,373.236368241169
259.9,59.319429033632,-12.6915316182479,370.625591153759
260,56.7716073489358,-15.2460353501477,372.889015240815
260.1,60.9779258660576,-13.3134593637767,370.85404829148
260.2,61.6773105210173,-13.239014353587,373.251067500191
260.3,58.8784181770339,-14.4908752938514,375.334646531301
260.4,64.0247810893423,-15.6991486420056,374.397396696371
260.5,59.13253575307,-14.0589703601145,373.680254994804
260.6,59.0084107289527,-14.1937945190405,374.710854291257
260.7,59.9432726740525,-14.027396614882,377.02560591151
260.8,59.7473713138377,-16.4672406903833,378.665019228929
260.9,64.3260845594213,-11.9743195887398,377.946531067921
261,61.9689865748358,-16.1091499089157,379.898737546195
261.1,60.7001999711227,-15.063989131881,380.554577378995
261.2,59.8816599468111,-16.3498140668504,383.465807766335
261.3,62.090319751444,-11.1422415663717,383.682204373445
261.4,62.6275538071599,-13.4366121596031,384.676381195047
261.5,61.9708664323044,-12.9827535628532,383.395400607033
261.6,60.7705088311469,-14.8709651375956,380.703832562151
261.7,59.123804971909,-13.9444685034507,384.477494530666
261.8,57.1632497240697,-14.6639070701784,382.582639629001
261.9,57.3924916501429,-13.2835766007452,387.576596427123
262,59.1986083258671,-11.5667685474568,387.038267450176
262.1,59.734025754169,-16.997412913525,384.465320907295
262.2,57.5164831051255,-17.8666563293459,389.992249821692
262.3,58.3299065506278,-14.2233974707663,390.737046459507
262.4,60.9183576839931,-11.6632385353415,394.452059750517
262.5,62.2718965831606,-14.6597921639037,390.765879795256
262.6,59.2951314122102,-18.0585239264059,390.675426849509
262.7,60.8018270077071,-15.7457113794672,394.33175443209
262.8,60.9261354695938,-17.1367506545121,393.688611692579
262.9,61.5370266279985,-18.9247894979318,397.013692689263
263,59.3174659412476,-11.1203006452398,397.06851611005
263.1,62.2108076608895,-15.5126139705962,395.461087092383
263.2,56.6052900252803,-15.6626068575228,398.282869136343
263.3,57.2891735480968,-16.3907413044522,404.349943669991
263.4,60.3366347677298,-13.4969414679667,401.662972648869
263.5,59.8167276694522,-10.5976365519157,404.672129781768
263.6,57.3292133341923,-13.3279483749318,400.842215251689
263.7,60.1060394272649,-12.999431263511,407.087764729454
263.8,59.6966081284426,-10.5817828271497,408.441570561772
263.9,60.8041107356204,-17.2179900407402,406.854632161325
264,61.2562730862098,-17.2596257446115,412.998638268706
264.1,57.3130694637992,-18.7635771089885,407.635357828563
264.2,58.1856161990391,-12.5282851151979,407.406169150442
264.3,58.8760696807606,-16.3192108205529,412.480126144459
264.4,59.5048096188169,-15.8857875055332,412.631474216909
264.5,56.859577594469,-14.7930992989216,411.419682326482
264.6,58.9080686436798,-14.1938801049032,414.274481335896
264.7,57.5841885976644,-17.4221848039953,415.671807914877
264.8,57.557978196882,-14.2990105940441,413.659910531845
264.9,63.1384016595507,-11.9109327386263,421.413772147107
265,63.5665243401702,-15.917389923841,417.330295636055
265.1,61.495574999656,-17.4087946251135,418.864203096091
265.2,55.6672726890732,-19.3793370703696,419.365114104255
265.3,57.1303403490909,-14.0475636433864,423.006795471063
265.4,60.2587293826723,-11.8647286961727,423.625090764519
265.5,59.2711144102494,-18.2764344282119,422.729464510445
265.6,59.4712584890197,-15.8231137281016,426.40787881183
265.7,58.4048876304117,-20.0139284194583,424.915923473204
265.8,57.6091501816585,-13.8038237912459,428.655982585104
265.9,59.5638254974904,-15.2505742065313,429.496263237602
266,58.6770039920735,-13.4092316089305,426.929036961862
266.1,53.3040897342649,-14.6347494107161,431.189807447324
266.2,58.9278633976518,-17.2308274600591,429.820217688268
266.3,58.8494559530561,-18.2640833660278,431.475721991256
266.4,58.9339855638299,-15.8130648450781,427.249621234881
266.5,58.887339612924,-17.5371459757706,434.475270565417
266.6,57.0986351648369,-12.0126963219149,434.0825209159
266.7,58.3968695230128,-14.8546221069776,437.766942770353
266.8,59.157289808063,-16.8543256033199,435.740170381882
266.9,56.0389329394314,-14.6708265498332,437.148480622262
267,54.067624902852,-18.1743557236135,437.66406101216
267.1,54.9190694146974,-12.4440360180472,435.789274771202
267.2,56.6620710882578,-18.2684666192315,435.693020314772
267.3,58.8212928157708,-18.6076354607609,440.08754870428
267.4,53.5549485549629,-13.9324962284688,439.531940238193
267.5,60.7164259477919,-16.3927390505477,442.509517208318
267.6,50.8729655918714,-14.4543617610886,444.088926900168
267.7,56.0225438729119,-12.3896717793967,444.724635530729
267.8,59.3969449897387,-19.6786659895532,438.783460133649
267.9,59.4107484678855,-15.9679669924938,442.63264553894
268,55.1685677826968,-17.2842312886735,445.507321712033
268.1,55.5018820022496,-18.7368424129141,450.23542155359
268.2,53.362443000599,-17.8071259221653,448.346769951871
268.3,55.378455300191,-19.5078241824397,444.135318082964
268.4,54.9662704032474,-18.018408829761,449.8239728297
268.5,55.3529685661552,-12.3890701310536,446.42498349567
268.6,55.2339785031419,-16.4248651076724,448.334907505264
268.7,59.0535894841036,-16.0067135302819,446.257913354494
268.8,54.5405266570746,-20.3908692735642,447.503236257851
268.9,57.874350875041,-19.0310790720325,449.886528214488
269,56.5894795221205,-13.7847819101771,450.543200986308
269.1,56.1025966521977,-15.7969825166694,451.338386985234
269.2,59.2106328394595,-16.7729395725011,448.618644460157
269.3,57.7966866978478,-14.4112838070272,451.925315591018
269.4,53.9826870754286,-19.8646407012839,449.066595609458
269.5,59.1706928657782,-14.1554580749431,447.823809160489
269.6,59.3960074590991,-14.5488698270566,456.62742888847
269.7,54.3173674480413,-17.7611528018979,452.829591855823
269.8,62.8310858464044,-16.7065874303723,455.575193638743
269.9,57.0663426079909,-16.9685466367594,454.472627851897
270,59.4058922706782,-17.7107987115128,453.25117467971
270.1,58.7718846367437,-18.92739905377,454.958337799537
270.2,59.551193891396,-17.4625415501749,455.190917635557
270.3,59.5462442849809,-21.2663157996202,451.877108181615
270.4,63.7283910469229,-18.696813976762,451.831076499557
270.5,58.6950820358903,-12.8984733558558,453.007620302594
270.6,60.3587588011224,-16.8194801501207,451.678602106311
270.7,59.3634867725526,-17.5049387431468,455.00136741765
270.8,62.3533424735305,-16.9003206036763,456.294891114174
270.9,64.1776546644328,-20.4052869961357,452.48028189089
271,59.6468763717992,-14.2275975431612,456.226936919753
271.1,61.1643868207578,-16.011634979083,453.97039282729
271.2,62.6978008194472,-18.6790522119272,450.852970294831
271.3,65.9922477937233,-16.5657071882676,452.710878339982
271.4,63.073106272687,-19.3458757078605,452.842239335653
271.5,64.3661939629787,-16.444205130388,452.309232933424
271.6,66.5285432268666,-16.8850185736219,452.481297828385
271.7,65.6630265727832,-16.9589889440481,453.065873086784
271.8,70.0320132817942,-14.8814331505669,456.449686527153
271.9,65.6926072864789,-21.2439081926526,453.668382204732
272,69.55396164648,-17.2099616523659,450.542147940604
272.1,71.6888948304357,-18.0738776317234,456.165235726482
272.2,67.7216572880797,-19.1054875644877,454.198827760539
272.3,73.8285547745634,-18.9617544691474,453.437622570616
272.4,70.0776043372919,-17.3894011832867,457.272092506377
272.5,69.7170362796001,-16.9309283588389,453.902757345603
272.6,69.5487803946368,-17.0976317337276,452.083329480348
272.7,77.0202727086096,-17.425705400254,456.670584140712
272.8,72.60567989296,-13.5712091809475,451.015570531253
272.9,73.750810881031,-15.8037622658245,453.571028249529
273,76.2602660923888,-20.7175457677198,457.301805144136
273.1,75.5404381675149,-14.5915034901166,454.197773710873
273.2,76.4278143881485,-21.070140808219,452.772375217566
273.3,78.4345844267132,-21.4729763728603,456.029354853825
273.4,77.6292840850829,-15.8013865227611,453.929218143585
273.5,83.5269922094475,-16.6889924597364,449.751158357324
273.6,79.4006592523455,-15.6885771881634,453.251336669539
273.7,80.4827111082894,-19.342904640149,457.709209402564
273.8,86.790922690801,-19.0187031658508,454.024077514488
273.9,81.2407172993994,-13.8266073668007,457.389764411835
274,80.3640100078426,-16.9207136524536,455.638338237471
274.1,86.1418779670524,-15.3169844021873,455.811519025438
274.2,81.2561398944711,-16.9532591376304,452.838348574898
274.3,88.4889265180765,-15.2826820358306,453.933347407529
274.4,89.4773773489265,-17.8566249896104,454.076804597538
274.5,85.3355945676957,-14.3353627132797,453.832943475767
274.6,91.6517954148711,-18.1208533013808,456.286159606252
274.7,93.6146584978583,-19.4189994364923,456.238608386685
274.8,92.7270963213447,-18.0357374837281,456.734920034322
274.9,95.6122013525155,-13.8244372066448,454.848978739285
275,94.9173891283699,-16.5115499514832,454.804631985049
275.1,97.8854535667362,-21.2897122536398,455.620238504698
275.2,96.9116885590907,-18.3473179763757,458.005772059643
275.3,94.4174570700415,-17.2965393371804,454.998448115228
275.4,98.1450644368976,-17.9799726609382,457.16174953684
275.5,98.4675932403774,-20.1367847746897,456.181822456873
275.6,98.8158567026545,-16.6559425758481,454.786834026469
275.7,102.917291252696,-18.6807326989638,458.63269967398
275.8,101.315009498947,-14.3711654954776,457.444592226538
275.9,99.4064601931576,-21.3989166108118,453.457499364304
276,105.162304593352,-19.0959540572449,456.363913745439
276.1,104.91674533858,-21.4091678853614,458.177194513018
276.2,105.566113201584,-17.9304991850522,454.370418649843
276.3,105.106749758741,-20.5616046316354,458.09306315857
276.4,110.928146904221,-19.5450124490007,454.84644755587
276.5,109.954746705316,-22.0553445891266,457.691524867774
276.6,112.669186894968,-16.0976207505797,456.56354561022
276.7,111.448941191558,-17.4651702292124,457.612186146061
276.8,109.46446338505,-13.6957498169076,457.632128384603
276.9,112.971247811275,-21.5854231806466,459.100574135104
277,112.495098468048,-19.7873169396569,455.140922277363
277.1,113.947371576651,-16.3067624411275,456.804186022102
277.2,114.430975792618,-20.4821695498181,452.781384540084
277.3,115.322273243432,-15.6744440490533,457.166204553376
277.4,118.602856801089,-18.3874058129284,457.802300348478
277.5,116.988792428308,-18.0053310769389,459.363167139407
277.6,117.954666204113,-14.6262591923733,455.872766874035
277.7,120.551897912554,-21.246192570537,454.509585128301
277.8,121.77099450961,-21.7209359178213,455.877028673705
277.9,119.578609518451,-20.038420924685,456.705994855156
278,125.48512097245,-22.3052105710225,459.066778634405
278.1,124.289136698345,-21.2472978885743,456.498914347435
278.2,124.615382066687,-21.2029977617879,459.993855917129
278.3,126.291714491754,-19.5326676070502,461.168695213843
278.4,125.958251757787,-19.5790579729043,457.865086546218
278.5,126.984053743092,-21.9286685504754,458.041021488804
278.6,128.304710760843,-18.5075978693591,460.412556136425
278.7,130.49149921291,-17.9467833607018,458.561258216329
278.8,129.174701738035,-19.8816747179146,455.101316959717
278.9,134.01308670725,-17.6445752157745,457.521044121949
279,128.928950941003,-19.5658445181701,459.266566165261
279.1,133.344246572486,-22.0318128021187,456.280796754136
279.2,134.484911270699,-21.0106591938635,455.12692760021
279.3,134.929877461534,-18.733595148801,462.40689068096
279.4,131.725760625158,-20.5752146975123,458.537878039703
279.5,135.664782058403,-19.3523619737332,462.651805169229
279.6,136.041643768889,-19.4592333901723,462.52181420139
279.7,136.063918064307,-18.328094516671,455.647012307687
279.8,137.666353635261,-17.2355628349423,457.878698345567
279.9,137.641921938387,-18.5367167492006,462.137716978379
280,139.432440512143,-23.4765581956347,454.78336609164
280.1,144.129719741913,-19.6821997592355,461.510213719041
280.2,142.489082937334,-22.3817702088249,461.820697913565
280.3,141.500651047339,-20.0870107267501,463.941677147531
280.4,143.209109641518,-22.5862051773468,457.443477181865
280.5,144.305165043716,-19.9569696124837,460.018351893052
280.6,151.283668520643,-19.4946157399337,464.646020042804
280.7,145.717924265723,-21.2464168779921,461.644528759067
280.8,147.681584302891,-21.3826408540375,455.390792944248
280.9,147.356454977747,-18.4445201554834,462.263065797912
281,148.6349789267,-22.2748233949818,460.903175643398
281.1,147.033156569398,-21.3129625161404,467.54099650196
281.2,151.312191862358,-18.6237427498229,462.699492496362
281.3,151.745749154087,-18.4425545796769,463.553837391538
281.4,152.433773831071,-19.6668085527211,465.470048045765
281.5,147.852572073236,-21.1364588954199,464.907536494859
281.6,153.269139817987,-23.152157286107,463.688230500226
281.7,156.417771874908,-21.2666899276642,465.085121153759
281.8,152.098004288722,-20.1126942985531,464.758482731537
281.9,154.274593101243,-16.3832661830752,467.596563697134
282,155.949801652273,-20.6041775460157,464.690066794925
282.1,157.559088391784,-22.4407953438294,468.007214509147
282.2,158.459196393864,-17.6330963220071,467.865337270889
282.3,157.484069561215,-17.706212983319,468.007222943809
282.4,157.228690498241,-21.939918323835,466.729450374396
282.5,160.455121714836,-19.5658931841851,468.13089633035
282.6,160.169837846944,-22.13779992198,466.810527774898
282.7,163.722431223487,-18.846735575932,466.003067101684
282.8,162.343045929117,-22.5651762619194,469.103054105013
282.9,161.246467597003,-21.1396608399771,467.544052618337
283,165.050565718865,-22.5637713873178,471.750836293976
283.1,166.793209925631,-20.2776535486927,471.174151158289
283.2,163.662597575422,-20.0299678471459,467.744254996439
283.3,168.480675419411,-20.7639782130734,472.24184720746
283.4,161.431057797997,-17.7946191044618,465.494682398121
283.5,164.185586895441,-23.7880265471369,473.68737689286
283.6,169.025103636755,-22.3377631770741,470.756129401278
283.7,166.936357478331,-22.7776400398432,472.228857726999
283.8,166.347604310367,-22.2531393361031,472.741002162248
283.9,169.888571263275,-20.2132243815865,471.718473058492
284,168.534011367387,-20.2621328197624,472.536555384614
284.1,169.416164556711,-22.552707660793,474.847030454734
284.2,171.029484991271,-21.3039234215652,471.397684548158
284.3,168.280502185998,-20.1159758661465,472.007581184629
284.4,170.224861074284,-22.9496743035042,473.918595467619
284.5,172.392185922741,-22.4607297350283,475.288817054932
284.6,173.870883568794,-21.6228796026218,474.126621344475
284.7,170.675035644822,-19.5300584950256,476.429690685924
284.8,176.308856078218,-21.7343972593093,475.673000325096
284.9,175.267358411883,-22.824467421275,478.152605828234
285,174.489999887429,-19.9898995899553,479.094033927877
285.1,173.413820504321,-20.7562317533539,477.575507625421
285.2,174.594553463565,-27.8444382803396,475.921753511804
285.3,175.018932967995,-21.1623988082835,476.575742796093
285.4,175.651235445599,-18.9614951030073,478.775386239898
285.5,175.717366556447,-21.8597865344148,482.404964898914
285.6,176.708427763558,-25.5337811799682,477.98760396608
285.7,179.405146444234,-21.092417847438,477.780830689267
285.8,179.61095392016,-23.1571637084689,479.305372618509
285.9,177.18265949021,-25.1646072092107,479.492354179302
286,178.337577053625,-22.683724061577,479.271093326799
286.1,177.308255637772,-24.889158009216,478.669523972229
286.2,182.519371518747,-20.7794874571242,477.472443229706
286.3,181.255416623905,-20.1956889197717,479.594036803667
286.4,180.096183752114,-25.0121818809025,478.008091471549
286.5,180.296907196006,-22.8849562642734,479.938762271192
286.6,181.795816471701,-21.6973897209443,474.120032308175
286.7,183.047558556483,-23.5805266263564,475.344408816234
286.8,180.524443265829,-20.8641101281375,479.923920716423
286.9,181.627841428178,-21.9113493569817,478.018216228127
287,180.111138845572,-19.8533097801072,478.94411600708
287.1,178.275121076491,-18.5438415183744,480.876991399955
287.2,184.734833828458,-20.5863271670798,480.106656408623
287.3,183.975337018655,-22.2987626924318,477.915144126722
287.4,184.088241076813,-23.2010087392304,476.757437233565
287.5,184.121675920217,-20.8607871363009,479.863538990055
287.6,183.467869268381,-24.5176515815436,476.415479355005
287.7,185.331394929607,-21.6843263180644,479.390073146236
287.8,183.798748580916,-24.7516078977011,475.428537377087
287.9,186.994391760672,-20.9680016532465,476.399106856993
288,187.513888131825,-21.3765995407293,478.060538993609
288.1,186.497970615793,-19.7934458941058,474.854683500138
288.2,187.06758804616,-22.9960822933023,476.381148881623
288.3,187.418329513681,-19.7559126481293,475.779179601346
288.4,189.581847689702,-21.7219130215755,471.224202030093
288.5,189.937058229189,-21.0052090272164,475.388131481134
288.6,187.013628250549,-23.2871096975176,473.800706628177
288.7,187.879375932195,-24.7679862757088,476.319597154031
288.8,191.497653348533,-20.0982942665948,471.943399887335
288.9,190.63455758299,-20.1613766340717,468.589398015627
289,188.118593525608,-22.9995269428744,469.563312873908
289.1,191.579377967321,-23.4641474921215,473.816075049113
289.2,190.962110628071,-24.3763964068221,472.042764248294
289.3,193.96758356045,-18.1913670102594,470.652139513989
289.4,194.216790488113,-22.420107485656,467.931163704525
289.5,191.686122917983,-22.5939466792228,468.178375360259
289.6,191.155056158672,-24.1956946470849,466.797582393175
289.7,193.112795934804,-23.2805696148524,465.385317673152
289.8,195.935221277497,-27.879473950535,462.964042633622
289.9,196.884035999741,-20.7618057329219,466.67597459569
290,198.10280345408,-24.2956746599787,465.608333185392
290.1,197.237211992889,-19.1086000879894,460.539272292874
290.2,201.776489972091,-20.3467744190814,462.050203779309
290.3,200.074253901312,-24.7081205058352,458.98203995358
290.4,197.23026992638,-21.6672397948524,458.387739380661
290.5,199.654916817698,-19.9949401453069,463.135282251546
290.6,201.687923185097,-23.6765232749669,459.330861824564
290.7,202.600999970552,-21.7637491397686,458.466871496695
290.8,201.336897741033,-20.6614370618731,456.789816090767
290.9,204.072668385548,-24.3035637224975,457.901867727337
291,203.101282519305,-20.040841136327,454.578020349068
291.1,205.833190061696,-20.3084241313073,451.532958422396
291.2,205.582730636156,-20.6365353905954,454.489797510205
291.3,203.356676775183,-20.2428336560572,451.358589302646
291.4,209.176538634321,-23.300537786521,451.960749097567
291.5,207.097555230561,-23.1551542842447,450.728402264766
291.6,206.339677238664,-26.9254651577523,448.395056491152
291.7,206.233513163751,-25.8344745153992,452.426570649503
291.8,205.632165983233,-23.1745327820739,447.907963907357
291.9,210.32688431102,-25.678781829935,450.88424830915
292,212.077861620164,-22.9250319076491,444.562875537068
292.1,207.945980625576,-21.4813162712395,445.44639548648
292.2,210.503077147502,-19.7957428416921,445.593905318903
292.3,210.322169417665,-18.8900272322407,445.266421291768
292.4,210.972023827699,-18.6025869053716,443.249869256785
292.5,210.493593278388,-22.5862543742812,445.25497254963
292.6,212.863610081405,-21.3542909041833,444.345283695031
292.7,213.377156375316,-23.4814136915,443.76551112766
292.8,217.401497272079,-20.552155143381,441.727993860077
292.9,214.225005286015,-19.6559911743026,439.053783122358
293,215.975035451939,-22.0405988784124,439.6663969954
293.1,213.626900357036,-24.2773357283471,445.090915211995
293.2,212.689999087448,-21.4562734533305,439.941681486497
293.3,218.826517057404,-22.1297427096735,439.525188025711
293.4,218.10496156259,-21.9802457943972,437.268726220289
293.5,219.721672458961,-21.8052633737293,434.589539133009
293.6,216.040421979263,-22.8402666517874,438.831954202005
293.7,220.092442451811,-19.8339833643737,431.641130728903
293.8,224.385496312435,-25.6699372279912,432.061739350536
293.9,213.067909458541,-20.7230890117516,435.542004075861
294,224.015626648255,-20.5338908768185,430.294227309669
294.1,223.929407715761,-21.4917384875475,433.672266727378
294.2,221.282980603231,-19.3908578199156,433.357366626926
294.3,225.245286990327,-21.1752877231419,431.348714289776
294.4,220.335507014882,-21.1011894108415,431.091515485936
294.5,224.575126533788,-23.6428053342173,428.916525990539
294.6,226.657999216352,-19.1405194615874,427.986889218749
294.7,227.018212683278,-20.5466397585826,425.92960596025
294.8,229.180942225311,-19.463655123679,424.000530264577
294.9,227.138397014827,-20.1428848300854,425.311834712657
295,229.819721549308,-23.424689891342,426.112062707099
295.1,232.309369807217,-19.662448896143,423.982823695136
295.2,230.505670641225,-22.9081358087352,418.667801772887
295.3,231.129800531775,-21.3697525949547,421.091376173685
295.4,229.299048415532,-19.2544090287562,418.864492553079
295.5,229.820597296868,-25.0778808411882,422.747640001132
295.6,235.231744904031,-19.4247581605078,422.563052661435
295.7,232.167220740976,-26.3696177431515,418.12532002895
295.8,232.616446675812,-23.1589733268443,418.852757098869
295.9,232.033742435005,-23.761597634865,414.831676803088
296,232.212141479269,-23.5030409691787,416.782218547224
296.1,234.672200358246,-21.2133076990592,418.442216399299
296.2,236.012290461027,-21.2960389865729,417.554645146396
296.3,237.651706392408,-21.0472468356883,414.858484209693
296.4,236.418300766227,-23.8069487209861,414.324959775585
296.5,238.20556400979,-22.2046972108503,407.824756338136
296.6,239.107223053375,-18.8894287927218,412.083536370232
296.7,238.534851817295,-20.7505672136682,411.944022148544
296.8,237.618398423856,-23.3939517514587,410.50165864445
296.9,236.466577220634,-23.745376030491,411.966782419636
297,239.031863616153,-25.1087293287121,410.918243042027
297.1,240.037501024254,-23.4083059011756,402.707908333546
297.2,242.126887117964,-24.0165509984774,409.041099857499
297.3,237.682125747158,-23.221081633663,404.873688632911
297.4,242.459905381092,-23.7766697329173,407.30770047263
297.5,242.000858723533,-21.321595470427,408.686642604696
297.6,242.35327720102,-20.2543452466728,408.409900646887
297.7,242.849734466281,-23.2768913898331,409.562489727365
297.8,244.425765639901,-24.4741427663867,404.311071500182
297.9,243.318744243067,-21.698811210639,410.378447063898
298,244.623415983718,-24.8979278986836,401.978388004444
298.1,243.998812480179,-26.6133974741578,403.012031881655
298.2,243.95268453974,-22.6467986604216,402.21070452888
298.3,245.071497146852,-17.908406411395,399.343719725432
298.4,242.183844958864,-24.6335881468031,402.791693279418
298.5,243.94573130705,-21.4177693762536,398.403186723383
298.6,247.994364352537,-21.058812870595,398.196815966974
298.7,245.566304150573,-22.0753678414324,399.227722967551
298.8,245.071570446608,-20.0135437520219,399.494826627557
298.9,237.459254337638,-23.2948406987771,399.934919178411
299,242.108911567372,-20.5467850366485,401.707407693427
299.1,242.63341372641,-21.1533979912557,400.12289845335
299.2,242.215603658551,-22.5296552031112,397.930085854792
299.3,244.121720447656,-24.0514101981932,396.305382929084
299.4,242.729968425137,-22.7717756662487,398.194245656098
299.5,240.978260244249,-23.4061737602419,395.409555887199
299.6,242.946171809168,-23.7862597591609,397.427528072971
299.7,238.721655608712,-19.1660470501803,395.629850583498
299.8,241.539709880904,-21.045593885921,395.536199637127
299.9,242.724085732452,-19.2498528772763,394.525135192168
300,238.060377560258,-21.3317171125588,393.453575624822
300.1,236.954290706373,-20.0886607625435,394.011446832112
300.2,241.127189714175,-21.1501566309427,395.100333636891
300.3,237.030290530419,-20.3073189316998,393.156149407424
300.4,236.101565632076,-18.3953503911306,389.628256124674
300.5,234.54753103892,-19.8433775633774,390.073854316098
300.6,234.464992610043,-20.1788537797709,393.31688755403
300.7,236.512171502932,-16.0262452807158,394.719399197206
300.8,236.16483198534,-19.5361639808848,391.328586939817
300.9,233.68443422975,-20.4698411495125,387.716347499436
301,235.422043649821,-18.2962436681264,390.715753141308
301.1,231.856717855264,-23.9120271751174,389.13056442843
301.2,231.741873022234,-22.5610476312545,389.062210417925
301.3,229.680488815756,-20.0862698476132,387.883113134968
301.4,228.547599400593,-19.6199672806238,392.399498753456
301.5,231.194664485695,-19.3737549219281,390.999388107407
301.6,227.387192435962,-19.6867328753841,386.846977677365
301.7,224.302383917846,-20.3231914554963,386.947509049678
301.8,225.094930273634,-25.4928025373812,389.172201391137
301.9,228.52733587062,-20.6686915120578,387.407775961556
302,218.377603813726,-21.3766606478187,390.129064563404
302.1,223.485659078592,-19.9711920084652,388.020621491875
302.2,218.986680269478,-18.5135894105298,389.992020160301
302.3,219.422589681707,-18.2410252886749,386.244970827204
302.4,219.133119586535,-21.5108257556938,388.290111445256
302.5,215.10054819561,-15.5116882606023,388.938800371409
302.6,217.116062057297,-16.3507044748035,385.596492587557
302.7,219.18463300401,-19.3549936496106,386.827412015241
302.8,217.065768212155,-20.8635481783053,384.121117723052
302.9,216.544038912065,-23.7388918094551,386.399334861519
303,216.185377513059,-21.8964368306352,390.703453098517
303.1,211.940922698878,-20.7335982672853,387.537776552254
303.2,212.524751363767,-20.5504338035718,391.719811972302
303.3,209.852725192833,-18.8337789139249,389.428984320743
303.4,210.125756273606,-19.216367388191,383.360600207169
303.5,211.077481715067,-18.1038015620485,386.055452858127
303.6,207.509242296405,-18.2604169143017,384.274298884341
303.7,205.354230907077,-21.0240650776646,387.232305021518
303.8,209.684737902126,-20.5855686858875,386.626092184197
303.9,203.968522848632,-22.1500964396432,389.493883744012
304,206.45150230157,-17.6082509675821,386.14879333665
304.1,204.711463372864,-18.0459296842513,388.362186755414
304.2,203.313138510572,-16.3145162459259,384.681770935069
304.3,202.050191642412,-21.9410285521703,386.539648485642
304.4,197.337773293511,-20.1423632469776,385.327903680522
304.5,199.440932147208,-18.1231405695536,384.940176819948
304.6,195.37168265283,-17.3306247305348,384.354826527207
304.7,197.146990555206,-21.6659193393735,388.686873331711
304.8,196.455805095817,-24.2172431895165,383.564378045189
304.9,191.671884728445,-20.2682117479135,383.574854177212
305,188.122594333159,-20.868921951247,386.262389715911
305.1,193.15824975347,-18.0735989665863,384.365357337504
305.2,191.498571136668,-19.4365389252457,385.8602377749
305.3,191.400948706333,-21.9670765377016,384.365052283594
305.4,186.672359616414,-18.2508443418498,387.307799337493
305.5,185.189578243569,-17.8930068114099,384.159564335513
305.6,185.305715756597,-22.1536788090623,386.632953915081
305.7,186.150923827608,-19.2603714631239,387.245265184796
305.8,186.510556162617,-18.5557878906982,382.304338115
305.9,181.580739259291,-18.2047405380289,388.170884231356
306,182.602883079711,-21.2532962459622,384.829845848972
306.1,178.485911298272,-21.0127851694006,387.699382489063
306.2,178.573547845422,-19.2728030847561,383.316175740456
306.3,176.556763492857,-18.22510623301,385.00513637629
306.4,175.124760923249,-17.1884474982818,387.716541988094
306.5,176.278782172165,-15.1831616159315,385.807124694739
306.6,176.217021132737,-19.8902545269331,386.902179799461
306.7,174.012781820306,-15.5759363264814,384.822779476011
306.8,172.445607655727,-17.9072967281235,383.995596293643
306.9,175.636821271655,-18.2595969685606,383.290384235294
307,169.464948521752,-18.763343056341,381.451111829949
307.1,174.111378608762,-19.0477525246596,385.125398966757
307.2,168.729139257699,-17.7186567835411,385.108048655045
307.3,167.986559430151,-19.5869504140763,385.251964780012
307.4,166.14985066546,-16.1919907193689,384.320424582881
307.5,162.515053656568,-17.2453077219298,387.679797630304
307.6,164.292656798752,-15.8202568426145,389.173228932158
307.7,166.962836665223,-18.6130717307696,386.610888500294
307.8,162.458660081827,-14.2762456484994,384.706416994536
307.9,160.460074028726,-17.6518859260795,382.099694932618
308,160.684330108442,-16.6277496394461,386.014925641967
308.1,162.869615883862,-20.7777252827467,382.873772025698
308.2,160.948161636479,-14.2193106991745,384.285125964277
308.3,159.440045922681,-20.8254392255989,383.691073366155
308.4,158.232352538716,-18.0479260990348,383.100015828586
308.5,151.8397213714,-20.4290309906375,383.423378018825
308.6,151.794471069461,-18.5340487501554,384.008943816796
308.7,155.87690239819,-18.7212701017967,385.257716288162
308.8,152.373054653556,-16.8412181375102,383.61583265692
308.9,152.002472274553,-14.4790965605396,388.155138609947
309,153.741887612844,-16.7378561169732,383.045321781009
309.1,152.115299230268,-15.5215215374105,380.551736906866
309.2,148.688010549324,-17.3148095599304,384.845892155787
309.3,147.684484395457,-17.8480253264818,384.008334693133
309.4,146.65717459836,-19.6514507921711,383.554480806079
309.5,152.524998008751,-20.0198771904259,382.437563720979
309.6,144.185306869504,-16.4511104783378,381.559784637743
309.7,150.933508694567,-19.1053369361553,382.939932609604
309.8,150.32358127517,-18.5906015432178,384.176442476316
309.9,145.639678590278,-18.3962211807738,382.309430114854
310,147.000547990827,-18.9739466642939,385.435531347833
310.1,144.927492343269,-17.9757515954284,383.537888789703
310.2,143.802021061434,-17.8946731020529,378.762556447113
310.3,144.993704301852,-18.584016749314,382.802447947517
310.4,143.055674909857,-18.9115200479484,379.62688050675
310.5,144.114999128083,-17.4083878561167,382.554150651252
310.6,142.182648834355,-15.752720837857,382.275109631579
310.7,144.510948172078,-13.6437902249736,382.329590852213
310.8,145.317106217692,-15.3807713277151,377.370449627803
310.9,144.464473591516,-22.1812537912535,380.505602164645
311,143.173803725209,-21.0164592329664,378.536612917152
311.1,140.797623356777,-17.1444501871593,376.114426722762
311.2,138.942049208611,-16.1123431202953,378.883106439028
311.3,145.99144664832,-20.9401422436115,378.521821204473
311.4,140.247869421761,-12.9537907301448,378.162286982784
311.5,147.346276672481,-16.8411521902632,378.084885117651
311.6,140.886085830396,-14.5790898809062,377.849071821111
311.7,140.213294634474,-21.5980965978773,379.660011653984
311.8,142.479571513337,-18.0097005897072,376.220473085801
311.9,140.439581815658,-15.9558054227527,374.484072558917
312,140.450554634038,-15.6886619473367,374.300937370768
312.1,143.597505331493,-16.9914971175048,377.028721517277
312.2,143.773224363938,-19.8006114925331,374.139527892667
312.3,144.804671012757,-17.264546199994,375.118798438863
312.4,144.124176495747,-19.196531187885,371.658986302985
312.5,139.768282971166,-15.7602511505647,374.587492245794
312.6,139.690040570582,-16.3849646158163,371.22287861033
312.7,141.762774490688,-15.5275364685427,368.311488777173
312.8,143.491301504604,-16.9508106523171,368.563941329789
312.9,142.892819934979,-15.5449768408292,364.2236916393
313,141.169755968554,-18.1617456122818,369.391627891956
313.1,142.537225250139,-17.0345385753131,368.580515000309
313.2,142.068584886844,-17.970855337687,363.977454552829
313.3,143.240784334134,-18.5599736749916,361.699992279332
313.4,140.817193783164,-15.2927667335096,365.96718188087
313.5,143.007975260013,-18.6993757157513,364.316681122429
313.6,145.285792381394,-12.3016312370355,363.849285938325
313.7,143.538945849858,-18.3833868116827,366.050543370039
313.8,141.662541502953,-15.4386869450505,365.854069215991
313.9,145.665327200977,-15.9840702251886,364.137959251849
314,140.951927979642,-12.5399733066803,363.154102736996
314.1,142.640402777434,-16.8942623859464,355.035282871987
314.2,141.731679229437,-15.9786324277884,356.239134574734
314.3,140.26755077294,-14.4844518024589,356.829372203584
314.4,144.701597858507,-14.3852518269421,357.146086671509
314.5,139.719871363642,-16.2126908299614,355.22688322396
314.6,145.651724361292,-15.4006866802067,352.552732798161
314.7,143.996292703741,-17.3800414671148,356.006946794466
314.8,144.144650973998,-17.7649701508802,350.448428179214
314.9,141.847816421656,-14.490139783773,354.167302147462
315,143.154782516473,-17.6774021598789,347.53927588257
315.1,144.639992701353,-16.9909463629099,347.860745157826
315.2,141.646763553694,-16.2767404107474,346.199750787217
315.3,144.219542256367,-16.4878642310725,349.16805556584
315.4,142.93305670796,-22.2167919321072,344.374322540598
315.5,145.116413892405,-16.3976680236601,344.261471610047
315.6,143.464672247365,-18.977097604997,343.471923804935
315.7,140.380511343273,-15.1561885879012,342.65290184212
315.8,144.898795279507,-18.4945507189291,340.760818799782
315.9,143.565288083413,-13.2960658074602,339.410713902253
316,143.459217052494,-18.0487071292602,342.596811042853
316.1,142.107150413738,-15.2487853116064,339.294610471353
316.2,143.206134455301,-18.524073206618,336.026791068116
316.3,143.445350742663,-15.74651550791,334.701682487791
316.4,145.110986042302,-15.3616359395654,333.374165880863
316.5,145.154166842852,-18.9875082524615,336.037174834069
316.6,142.21508392939,-17.1816375271846,333.938009527577
316.7,141.168158803434,-16.5452104882488,335.679025121049
316.8,143.785699314597,-16.1215015388092,332.600033744042
316.9,141.771466830998,-17.8298575163636,327.617712434642
317,146.490715185963,-16.1301727661857,324.953556515741
317.1,143.381124986426,-17.1285140737315,327.640753102584
317.2,142.436315663303,-14.7319639566168,327.36089832982
317.3,144.450159010773,-12.3730242661642,321.941558646555
317.4,141.987502520624,-15.4003514317007,324.924956391253
317.5,137.437245042913,-18.104523791734,323.268965279138
317.6,143.739635335881,-17.0780367674418,324.513570156784
317.7,146.121993769792,-13.6384008390407,323.385872147723
317.8,142.990964227208,-18.2975199446606,317.441544943177
317.9,148.326894833497,-17.0011405921847,316.600291678736
318,145.042653727889,-13.7734062402108,320.694497904401
318.1,145.312203980301,-15.7368373968531,314.288223253055
318.2,142.570824160862,-17.0517215401425,314.979576908105
318.3,144.084169002951,-15.5370487378132,312.780345528558
318.4,141.076565008999,-13.3389096359082,314.123949753417
318.5,145.930508191819,-15.6722295209086,309.906327507475
318.6,145.419567853567,-16.7729703900552,308.690803235588
318.7,145.88023699421,-15.9466162740386,309.658128249261
318.8,148.392579916999,-15.88339447264,306.449762290977
318.9,145.708679987694,-15.9801541522462,308.081977249101
319,144.986238097351,-16.9591964910748,306.437659476372
319.1,147.280937211121,-13.625966630377,306.501823373489
319.2,143.639108549676,-16.3306635829062,305.364035764172
319.3,150.261511850107,-14.6234205963055,299.192760990599
319.4,145.905069511343,-14.4134145218396,299.469604615988
319.5,145.296620085643,-15.4694551653285,300.476214983134
319.6,147.215544712743,-14.6423456237133,296.786847810674
319.7,145.077365836371,-15.3432834234728,298.165409507573
319.8,147.059227628337,-16.5252972409467,292.518577535009
319.9,146.185247654325,-16.6459966360919,297.004355663357
320,145.563990287814,-15.5748529972939,297.902121245451
320.1,146.508014311307,-15.3147297474362,295.548522065714
320.2,148.167400509265,-13.1597428061169,293.504484019299
320.3,146.053221576545,-17.1139187100326,290.578478646252
320.4,146.21146392282,-15.3524087024806,291.601289413452
320.5,149.646629869764,-13.3495439126244,287.197057916233
320.6,146.680075327404,-16.5094734751754,284.720765493136
320.7,142.887254036195,-14.7465157806441,287.361006171347
320.8,146.000128156304,-13.6505297545156,283.802341717103
320.9,144.252810454351,-11.6279896780674,283.253567023846
321,150.632654565237,-12.7206083996297,281.68310805426
321.1,147.589673320817,-12.1870948501561,283.160250575757
321.2,144.83310976793,-15.1292996014118,278.302078224612
321.3,145.562525594487,-15.691373760489,276.355390297212
321.4,146.25723145413,-16.0722163132097,277.50999308162
321.5,144.125968157297,-15.1354307838227,275.843933501843
321.6,147.149914000477,-14.8336534902611,274.368884166212
321.7,147.323460790555,-13.3336227173965,273.543524137221
321.8,145.354820617965,-13.6909234991666,274.131299325849
321.9,147.774973913014,-14.8795417687054,270.533111048634
322,150.731247675009,-14.4889310188305,274.011758039481
322.1,146.675516066479,-10.9622962975239,266.771040247324
322.2,146.138833830007,-15.7624003139301,267.17855634374
322.3,151.290961032773,-13.1608735397236,265.304910722651
322.4,149.079295423255,-15.8822785281992,262.136399250606
322.5,151.556459411058,-11.8509377888907,265.949830981175
322.6,148.551708359601,-15.2417441163697,264.921849679325
322.7,146.549202884115,-11.5430828855835,265.346427960953
322.8,149.870178824255,-11.8281024030548,262.876858579942
322.9,148.954931839335,-11.3144710414463,259.738479253127
323,146.693770891534,-14.7828435129817,260.996727382287
323.1,150.631261085356,-15.1856053224193,261.721081630203
323.2,145.756538725014,-11.3933566791994,256.528606926816
323.3,147.90069596685,-13.0620854219246,251.868150688485
323.4,148.471850448706,-15.6624557768926,255.463068187407
323.5,153.018416758071,-10.5436711097421,253.074488391159
323.6,146.88382846127,-14.8061805844298,252.909786533392
323.7,149.406855014553,-16.301756950858,253.31454435654
323.8,148.279163767645,-12.2984149721802,250.620523342446
323.9,145.705005693712,-14.9033669176161,251.476058519389
324,151.322073944176,-14.108918833564,249.590290831154
324.1,152.137799167953,-14.110612369458,251.726894685894
324.2,145.385567987793,-14.6675079051435,249.468186727034
324.3,150.673970392147,-13.6140645009232,249.241964772046
324.4,151.316030784347,-15.9760120146105,243.151777027316
324.5,146.21981703499,-12.4400156978024,246.473016542744
324.6,147.436568545802,-11.1547458892587,246.245890819612
324.7,151.473292719394,-10.5693139941998,244.878951051405
324.8,148.097863692589,-17.2518790521785,244.083770569894
324.9,149.715023584903,-10.8996839562364,241.634195721313
325,148.401524488086,-12.5579023997736,240.354308753019
325.1,153.402607494905,-12.4586649793782,236.450944060875
325.2,148.380576391844,-15.549140068011,240.56682127062
325.3,148.371949553079,-13.1879633454783,233.82058612828
325.4,150.316424577105,-12.6718481492036,238.603306673399
325.5,150.815651032339,-8.14064235588266,241.317535852347
325.6,149.465106671192,-11.4963414633116,236.463276930859
325.7,147.278035841301,-11.0280212875586,237.094225131247
325.8,150.93730193146,-14.0549007797806,232.923651004886
325.9,150.70218344372,-13.6815193904685,231.688415277351
326,150.933491706407,-13.0845068842873,236.021308440462
326.1,149.965705931281,-13.6074869487511,233.519374287043
326.2,146.271343431484,-12.9988329114995,230.900583996923
326.3,149.845987034705,-12.7497211251404,234.332165674137
326.4,150.848113622902,-12.7623832919382,228.823731843272
326.5,151.841470944994,-12.8589201087318,227.735210368405
326.6,151.245936289166,-13.1770761736201,228.449871870544
326.7,147.786327016602,-14.3935364613074,229.597053514866
326.8,150.991759232248,-17.3984825629751,229.372321071044
326.9,148.411954249031,-15.8509802640623,230.645242978022
327,151.207264073334,-15.6493782515325,228.612799637881
327.1,152.851630279606,-12.1119876411784,224.242775447677
327.2,153.707743494556,-13.2867269482265,229.883061901741
327.3,150.908557640754,-11.5110868719398,231.376360494977
327.4,145.388004565995,-15.6594206028741,224.692755298353
327.5,149.08138892896,-15.229174200046,229.120266590303
327.6,148.672820053139,-14.6528473455985,227.264524189815
327.7,146.298092635978,-11.5615959840964,224.388697824753
327.8,151.35990779111,-11.8517949815263,226.451960225359
327.9,143.525246070131,-11.688929327812,225.322293409731
328,149.728057450341,-11.994589044376,225.710782377871
328.1,149.020242615045,-14.1628362434473,222.569479759864
328.2,149.938380918082,-12.5322720608826,227.452493845625
328.3,146.483329764655,-16.920487005188,223.179467755272
328.4,147.276084609313,-9.75823824387073,224.995309214522
328.5,144.408330367694,-10.9020014020267,220.959603971346
328.6,144.902251656802,-14.3736164975934,224.296726465752
328.7,147.150304754877,-9.152540980331,224.647779240396
328.8,141.882807612854,-10.421851604032,226.828207754749
328.9,142.8823281425,-12.8614528413505,220.620959515378
329,143.390607852656,-11.0052360576169,226.20313776773
329.1,144.579474184036,-12.2127109140597,225.644246742664
329.2,140.848690788575,-9.5243467026447,223.14345475042
329.3,141.448113546934,-10.2359623970084,221.982612088068
329.4,142.241231181059,-12.3244313511587,223.581190874496
329.5,139.634080825999,-11.3150310980496,221.919193210302
329.6,138.735664140025,-13.0508292652341,220.551998560542
329.7,139.941896691777,-10.0158084234943,222.818279246216
329.8,139.343192041664,-11.7095598492671,220.719919786535
329.9,139.458603608202,-18.2030235797598,223.876395135547
330,138.152852417775,-14.790246089211,223.081482688121
330.1,134.38553638565,-13.0654038165108,224.254210799789
330.2,138.246461926212,-14.6910326840897,221.166839045398
330.3,138.002860563997,-12.6272937687075,222.539788255871
330.4,133.277453386418,-10.8700799591166,220.468105321099
330.5,134.264125989301,-9.69485491452182,220.808165028276
330.6,132.619943231619,-10.4682337545622,217.579453706091
330.7,129.728311515463,-11.1361300150077,220.486022194131
330.8,130.500119027219,-8.85453099930803,222.603236402187
330.9,126.139926722584,-10.5680943275156,221.885036401242
331,126.197462420746,-10.7169271661163,217.970082732861
331.1,127.351835963688,-9.75387446289365,221.0825870421
331.2,128.827794946134,-12.8620053873953,223.048245977151
331.3,126.527879454574,-9.03506178907402,224.689088923751
331.4,124.242805699422,-14.5609663855057,223.485303685825
331.5,125.263067828979,-12.7372794757365,219.014377696732
331.6,125.002060843895,-16.1104573944948,220.790046069372
331.7,120.836553124131,-14.5001352026819,221.619298144029
331.8,122.154711872595,-12.0306496159734,219.977852482563
331.9,123.897798324695,-16.3278562622745,222.279789391393
332,116.251396562188,-15.8999291630725,222.261193115259
332.1,116.20918262188,-11.8610337215258,219.961421071462
332.2,115.281847763456,-12.5203968185569,220.304204912458
332.3,112.425694663771,-14.3414978024932,224.222583719711
332.4,117.907063841336,-9.22438864284857,222.497185669195
332.5,116.99560493377,-13.6210439320202,222.769336424546
332.6,111.265753376155,-11.7117040422566,221.524496378572
332.7,114.547415132657,-11.0597323098277,222.509165178451
332.8,113.357802973,-8.55777403399408,227.178424459529
332.9,112.23174784614,-10.4569548402317,219.893780286425
333,111.627026199298,-10.538379065661,221.381839088823
333.1,110.746005232504,-12.1244347692444,219.652282278161
333.2,107.733597203194,-8.49631636103755,222.466366967655
333.3,109.568458229739,-8.64870498627934,220.389561144774
333.4,103.452723852331,-9.78588644703989,220.466888150286
333.5,105.254962789852,-11.719704733019,223.136848370915
333.6,102.314095591908,-7.76971534090864,225.155763635691
333.7,99.6615785086032,-10.1268839285788,220.590832546701
333.8,102.642146401527,-11.0984065227916,220.298025891694
333.9,100.172465901726,-10.5030533503747,224.069217953412
334,99.8428028863525,-14.2936782991338,219.042175580908
334.1,98.9369466175994,-13.1150138361172,222.720465469754
334.2,98.5063948947067,-10.5871809275374,221.811992073188
334.3,99.8545710780081,-9.3585107929871,219.655497996637
334.4,99.1627601213439,-8.21939803718547,221.223413659083
334.5,101.660089883145,-10.5603739873056,220.909287805399
334.6,92.5715008420204,-11.02285409199,219.698030835367
334.7,97.4843782690114,-10.0253226489747,221.42500826453
334.8,94.4201817144572,-10.1374986170638,221.928823928596
334.9,92.9248007814261,-8.8785289670239,221.747908333003
335,91.5426852367251,-7.01458845574663,216.463063906617
335.1,88.7874714707327,-9.31458255067397,219.27679895845
335.2,87.8348732171597,-10.9187076419038,221.076961551859
335.3,87.808062752852,-10.2553864084409,220.69540009067
335.4,86.9054931677643,-12.5523467188432,221.749294805325
335.5,87.0571208341885,-12.1389176764692,217.224978185706
335.6,87.828736035488,-9.473790268935,223.078131883553
335.7,84.7216391658397,-9.69256204483447,219.953377121619
335.8,85.3682930788476,-9.48427859217628,219.287103674969
335.9,85.2449328214012,-12.2875528370223,221.413470815068
336,82.4450968234286,-9.08979578838271,219.374091327977
336.1,81.8498045804389,-10.3712400907595,221.5176768764
336.2,83.439096685154,-8.64186762995275,219.100025592519
336.3,81.1177718377201,-7.76031429020207,221.524676969124
336.4,80.4562063108439,-8.44097719808968,225.085827241809
336.5,80.2616142919427,-7.81948750790266,219.630468479441
336.6,78.5777704218946,-10.5186048976206,220.131724501456
336.7,79.5169152081364,-8.98217545023336,219.513285345979
336.8,78.8081836296168,-10.7821891779393,219.944165179869
336.9,77.6231135965206,-10.9171890497022,219.547867547181
337,81.4257322975698,-7.64863313281403,220.933588625832
337.1,77.4228345503717,-10.9166444116843,220.582464906731
337.2,79.3778571891556,-9.67534986843128,224.066325672706
337.3,78.8650821571175,-9.46962192605709,216.316099263805
337.4,78.2708108432727,-12.0984252305385,220.820684569333
337.5,76.688575600611,-10.4109331007455,222.203891905841
337.6,73.952678600712,-10.3540399559156,219.50683471764
337.7,75.2331407045674,-12.0607977810777,220.853662808552
337.8,79.2373805039467,-11.4120052451476,222.112252773302
337.9,74.9880050210018,-9.89665143063973,221.830194434941
338,77.3169398441313,-10.193986679456,223.275395823042
338.1,74.225487162816,-7.46954248071611,221.073694233702
338.2,73.1894349481059,-8.91688769142853,221.598998358792
338.3,72.0667637156683,-8.34254212956528,220.14241526204
338.4,69.7579104874457,-9.75047917020239,224.945263100804
338.5,74.1239057038162,-9.39132757462098,223.549933095092
338.6,71.2349928618062,-11.6942694451287,222.780479034575
338.7,73.5685087454798,-15.0969414070867,225.148242018486
338.8,69.9077300016988,-8.76180356384817,221.902493368479
338.9,69.7307035529675,-9.5819052508539,223.033648803094
339,71.7879450350113,-11.0419886168655,224.976430709541
339.1,71.7996037593679,-8.7633121074007,225.426087837028
339.2,74.6763398422211,-10.7288289920494,229.130283339655
339.3,67.504082439864,-11.1584380402575,223.131363607291
339.4,70.5131828998331,-7.8897980280719,225.317451788059
339.5,75.0033633166957,-8.63373357527707,227.469019735678
339.6,67.1448414333936,-5.45410910847402,229.002872667056
339.7,73.1886903428659,-10.5579934217005,228.686281264821
339.8,69.3672792548693,-14.4794558614305,232.824512594615
339.9,67.138307541206,-11.6029937009375,228.586876804246
340,71.8369953906712,-9.64957670793849,232.199020653568
340.1,70.0217955903219,-13.2436585471521,228.476920527244
340.2,66.5129900934129,-9.90518149326852,228.537778759822
340.3,68.9148955083095,-11.677925027724,232.826317151256
340.4,68.1217943281733,-10.2249639101843,233.604312627251
340.5,70.2909651890057,-11.5940590240936,234.932230695449
340.6,67.1298053168242,-7.84875956853933,230.345316800071
340.7,73.4437123215375,-7.85090137125486,233.301430766005
340.8,66.2298851813051,-7.32389141383214,236.901762302656
340.9,71.4250239199813,-9.11415897690996,236.144179172241
341,68.6881786861587,-9.27473539301171,235.755904401666
341.1,72.4280751789889,-10.4030650588992,239.050741042961
341.2,70.2183076426124,-9.67196704143065,235.788650901231
341.3,69.6474041196599,-11.8087915689813,237.363689967812
341.4,67.5281371246628,-12.8009190772665,238.59215526714
341.5,69.064076145787,-9.0817701905336,236.806347467247
341.6,71.699174804265,-7.98859479341251,238.553479506073
341.7,69.0654826097703,-11.6607258068495,239.861898235533
341.8,69.0113004774612,-12.0727133846508,239.024948474384
341.9,66.9924735479134,-10.2161455761332,242.317950146292
342,64.5306568965424,-9.32325289840603,238.879370965904
342.1,73.0694052512554,-10.0191198106477,240.211950200141
342.2,63.7003961205627,-9.46998119743461,241.510183141788
342.3,67.2599835080129,-6.98459576928937,242.02759688748
342.4,67.520175010985,-8.43801008104766,243.076783196312
342.5,65.0012219481539,-14.664901977303,242.852058339871
342.6,66.1678906585347,-10.0584593395,242.230959099723
342.7,63.6042378096628,-13.7563573081862,243.844078954863
342.8,64.7885589275797,-10.4330111160503,242.323188960591
342.9,66.8777704930607,-10.1139533237558,243.145366116849
343,65.2677387601263,-8.56083476100227,245.060177331595
343.1,62.6293627112512,-11.1002862769096,243.687939425099
343.2,65.2737682847954,-10.3864766834651,240.632797758395
343.3,64.5742544878355,-10.8674281409401,245.452744687067
343.4,61.0723732372064,-10.7741412494528,244.482336513727
343.5,64.7208199345445,-7.72709827845215,247.122950702047
343.6,63.6762046454446,-10.7047558971428,243.568320355204
343.7,64.0872145654693,-7.19441516376114,244.983752459653
343.8,60.6926183315941,-6.30265760120997,247.714348004091
343.9,58.2073228111372,-7.54830665511883,244.694515852994
344,61.2581321668324,-14.6906777194289,243.396372348494
344.1,62.5898529600034,-2.76757221182661,246.935364175744
344.2,63.5390908924936,-10.1984735307363,245.182556061847
344.3,59.889277180698,-11.8520961420263,247.319710047771
344.4,58.3480617192593,-10.1678817139207,244.70269912636
344.5,56.1776848357339,-9.51496821861724,246.424724241641
344.6,56.825201115322,-10.4266940700129,246.176244284145
344.7,58.6551798987166,-13.8461038565212,245.926895541857
344.8,55.6845559003205,-8.18202443847081,245.899640981705
344.9,52.140929976668,-12.3148342094564,246.523182317334
345,51.4644657812851,-8.46507171946595,248.665306100915
345.1,50.0187683712638,-8.60539640636035,244.318742664597
345.2,50.6103373296031,-9.46827526414642,243.03486753707
345.3,53.4905473124822,-9.40780820039364,246.778407965701
345.4,49.7485556126349,-10.3552838157208,246.060612835606
345.5,47.4798532910167,-10.7665416928995,243.350565511655
345.6,52.7526966587117,-6.62581279594513,240.900539986741
345.7,48.5381892237306,-7.43213582014859,247.310628809958
345.8,48.7239416672247,-8.1156681174347,245.903363058748
345.9,45.6131276488629,-10.9590773966844,244.28643266002
346,46.370779032111,-11.2647645018793,242.889147174891
346.1,46.8753214621023,-10.8123158483345,245.630041103539
346.2,46.4134923576953,-10.9967723114322,242.941520445629
346.3,44.121586035355,-9.83648017525715,246.816446178929
346.4,43.6403305444807,-10.4241578539287,245.476610044162
346.5,39.3244130237428,-9.31045030384583,245.630160974871
346.6,42.7201866903069,-8.1598467709878,244.777122793289
346.7,40.4791400149688,-6.35573630995979,245.043263633702
346.8,40.6359474462786,-6.28334785953846,244.487939384389
346.9,36.57398735488,-6.37949513915987,247.137511874225
347,39.4487114652511,-10.6306741771957,246.09741047843
347.1,32.9688846823007,-9.03747043164209,242.418355743264
347.2,36.7452504299706,-4.28299352999725,245.485930647329
347.3,35.2311753451167,-8.60376309476157,244.539726897998
347.4,34.2170833927319,-4.6312528787927,241.614206677957
347.5,34.7638417650728,-6.85555526307994,244.811157403951
347.6,29.9333567305791,-7.46234776718537,242.87436415833
347.7,25.6329121662952,-9.19460653463547,247.348811991672
347.8,29.9362948760257,-4.22956738784975,245.22540499383
347.9,29.9483643132861,-9.41433812433965,245.379833685997
348,26.1439884343994,-8.15593337856854,243.831673636061
348.1,26.9726819987354,-7.30791003980566,245.630679440115
348.2,22.2227731507481,-9.61159491658626,243.961088926833
348.3,25.6208586079035,-11.6017871941935,243.978771165638
348.4,19.5833686693433,-6.77221023896665,248.307823500202
348.5,18.8032077160666,-9.89853353540114,244.507679508455
348.6,19.3204491878846,-8.35402730397077,242.423223504087
348.7,17.9069948354296,-10.9216696103907,241.93245311812
348.8,23.6268919108556,-6.20203713437236,242.607013229591
348.9,16.9374548257949,-8.8570527491637,243.017131868526
349,14.2420211016872,-6.21801794383433,242.108138871469
349.1,14.7950322581741,-4.19254383292252,242.055212305178
349.2,11.309820870493,-6.84632319377213,241.948454625384
349.3,11.5664997141377,-10.5205373610004,238.833472733357
349.4,12.1817696661947,-9.97925706059432,241.697233581162
349.5,11.1126262365364,-6.39360892903674,242.460518506765
349.6,9.60917746847529,-4.456459541725,245.346632995041
349.7,12.2308996797394,-7.87105093749087,243.289938320187
349.8,5.36235481546344,-7.82162881216709,242.577326909181
349.9,4.59764393760017,-5.01841234894368,243.785752804666
350,5.11221776024506,-5.37679861677372,241.289265376263
350.1,2.70921348343578,-7.73550296073984,243.681230430994
350.2,5.96816087564697,-9.69940921034464,241.285750555373
350.3,3.38666349250478,-6.92247122193179,239.591872167799
350.4,4.00192070603608,-7.13044328338253,246.024305957971
350.5,3.82817862774926,-6.06439159177251,244.270319123566
350.6,1.53029826825256,-6.83944153775488,242.367871671574
350.7,3.1461883095745,-9.2477412845292,244.326217075287
350.8,-0.565691169266234,-8.01444132918925,241.82486020906
350.9,0.908286574110354,-8.06469852471271,238.176301552006
351,-1.50070354056823,-6.63160725224259,238.30357591019
351.1,-1.81062257699691,-9.09785240778885,244.560245298192
351.2,-1.70196505921042,-9.84100554696236,244.306562782887
351.3,-4.39920947421946,-9.04456514990159,241.528483479401
351.4,-6.19959873591602,-9.12536809125265,241.027043572438
351.5,-7.34753731629653,-5.29731632559426,241.020568007743
351.6,-7.12634982710239,-9.88726153773873,241.616165321834
351.7,-5.41246125550033,-7.54147557711852,240.920020094353
351.8,-3.90710811870352,-8.28495228517311,245.2442809546
351.9,-5.87406433971432,-8.01207346570052,239.144419748702
352,-6.86154165496058,-8.51435427674711,243.603349767011
352.1,-4.10897167855088,-8.42813240775989,239.790634128388
352.2,-2.08653454678559,-6.65705236676912,241.203147444582
352.3,-9.45398109983343,-5.80423084590886,244.142875612501
352.4,-6.40227906067372,-6.2270325409472,239.713413043536
352.5,-10.2096856005592,-8.14742385081367,240.857939985301
352.6,-7.8700959586132,-11.4912807387593,245.016742889546
352.7,-5.89121154793013,-6.51442176300786,244.610399384013
352.8,-9.66375902247658,-6.2428221623353,241.647925507028
352.9,-5.71385676485215,-8.77495349482048,242.748091610821
353,-10.1286448323267,-8.92825819905683,240.785321106535
353.1,-6.27862870362968,-6.70811835913467,242.654106069332
353.2,-11.1190989506402,-5.28250308005651,241.477073559184
353.3,-9.85085589981855,-7.5045213693595,242.391064916493
353.4,-8.38644678976136,-7.75438733074312,238.923713070551
353.5,-11.2043078367553,-8.06828006807364,247.587972996227
353.6,-9.22891357795783,-4.33316052368756,242.262676548745
353.7,-11.189944051506,-9.14818244956027,240.062592948616
353.8,-9.6281639151286,-5.64266411555435,240.852013463184
353.9,-9.23078323602802,-8.17918593349534,243.713512452442
354,-12.3675504090677,-4.43187710352591,244.722139219534
354.1,-12.9923476971682,-8.42192034262938,248.005919927563
354.2,-9.6015614401333,-4.84884336619834,244.688084955369
354.3,-13.4394811458254,-7.70811058673774,244.792853511502
354.4,-11.5483321639345,-7.03403071043063,242.110708698088
354.5,-13.0981733906936,-7.9338766240392,243.648326408344
354.6,-12.7727847930507,-7.248956204637,246.543372586889
354.7,-12.8647868461151,-6.60532291290372,245.607886321153
354.8,-15.6736949048674,-9.24788306899402,246.693604895123
354.9,-18.4625092457465,-4.7579814917236,242.268316306364
355,-13.9951169691993,-6.29027021140339,246.145280314169
355.1,-13.8138123468346,-8.20610064895771,244.041688983448
355.2,-11.7292087631837,-4.85204668766299,245.320304265067
355.3,-13.4103925443737,-6.93681623757167,250.361340797642
355.4,-12.0195520969269,-7.56669844950217,247.402399857673
355.5,-16.2567597586539,-3.99660550499036,248.185330277784
355.6,-13.7641430253089,-7.11227076165852,247.354806209613
355.7,-14.1184758148385,-4.80295319969244,248.864786890846
355.8,-17.2403304389151,-7.79447062565275,252.741338832765
355.9,-13.4990026736494,-6.91817847316854,246.983952617887
356,-14.8359786079348,-4.03584960745644,250.394675003229
356.1,-13.3381447516451,-7.9637171133953,253.831583820908
356.2,-11.9131293832839,-6.51098286282184,253.697149144147
356.3,-15.3847901887228,-6.25265781576661,252.55253309857
356.4,-15.1969781862768,-10.8028425423541,252.647361804951
356.5,-13.7380110393799,-8.69532261465506,258.722378319125
356.6,-13.0993176516427,-5.83214584111946,259.405954771346
356.7,-14.5971117067478,-7.64282327782301,257.712206283072
356.8,-13.8580803606969,-5.31875327422629,257.127630267694
356.9,-15.5649798415162,-4.82265218495041,260.16388539081
357,-16.8281790676824,-4.48323607313668,261.121047254925
357.1,-15.1526705454455,-3.55385892937867,261.198179400787
357.2,-16.7868010757969,-5.89846757328688,264.257398564474
357.3,-13.6824613623945,-7.57122258299964,261.257598074347
357.4,-15.4997349985111,-3.81968002129351,266.237214281853
357.5,-18.6850032047591,-8.01318166481666,266.92448765163
357.6,-14.4541054854954,-5.8127459859779,266.611244910925
357.7,-14.5676093413928,-9.91314935378578,264.025187485674
357.8,-10.074018956669,-9.68412192168533,269.413963065075
357.9,-10.6995303197799,-5.56051138385152,267.309103422694
358,-17.5036282656104,-8.91394286619082,270.115759744439
358.1,-14.8428600008035,-9.74032437800685,273.306887845244
358.2,-15.8902062501509,-6.37183306564943,273.557626519289
358.3,-17.6870497987276,-6.80232385308173,277.029021106441
358.4,-17.3472118115691,-9.05144235778184,275.40857357014
358.5,-15.725576817529,-7.86132238544129,274.25262019364
358.6,-14.1890343092601,-5.30381622102688,279.927326617556
358.7,-19.7699547685565,-6.90441660024425,279.689020459357
358.8,-15.407573694697,-7.97511974293137,285.461922980815
358.9,-15.3383366090662,-7.69599710566537,282.271722882051
359,-16.1872659208762,-9.05288436775982,281.752544632582
359.1,-16.47631020954,-9.67759464422317,285.982741454603
359.2,-14.6830130330901,-6.27385206275335,284.841909020319
359.3,-18.5956042358249,-7.06491392515943,287.310874460277
359.4,-16.5510888461268,-5.63173239840766,283.314968768559
359.5,-18.8785114687349,-8.72354560104641,290.564888523286
359.6,-14.7101717556729,-6.22688742742361,289.548950099615
359.7,-17.2209751547751,-7.1258950543448,292.176834019599
359.8,-16.2232487669419,-8.79384386319891,292.167087881041
359.9,-13.0092616482838,-10.0437392921013,291.3226787994
360,-14.3151576093836,-6.14825716048671,293.960338672297
360.1,-18.8985373544596,-7.32226451055987,297.552341307554
360.2,-19.9791010446526,-9.13255447045977,298.567203965195
360.3,-15.196078213585,-9.17774670001508,300.019031021505
360.4,-15.1858662930664,-10.3199361351849,300.844737680712
360.5,-16.7476339497389,-8.92564344142411,300.830011797025
360.6,-14.9791960895641,-10.1822551220802,300.88280175198
360.7,-18.4753077946064,-7.07929032966023,301.852368328637
360.8,-17.3918847521179,-8.31479436671468,304.970334554391
360.9,-17.548130467664,-6.83982656816668,303.159474407068
361,-15.2629780282999,-10.8980406061872,313.274565329355
361.1,-16.9718726375455,-5.91266590655164,308.477634177867
361.2,-12.9508513542277,-12.5511468166596,312.149746678518
361.3,-16.3584863781333,-10.0048318638904,309.411060193221
361.4,-19.4627899049409,-6.06653990918946,315.530816138994
361.5,-16.5935244166276,-9.11761523935891,314.18458403753
361.6,-18.46482910502,-11.3726684214623,316.948653982138
361.7,-15.2397402256868,-7.73431315483238,318.613024866624
361.8,-21.6444182441531,-9.04683974906739,318.070991323634
361.9,-15.814613806766,-9.29920678768552,322.266216653494
362,-14.7620441562802,-9.5010573048303,324.253936188982
362.1,-16.2223286255537,-11.3892271690086,321.236518165153
362.2,-17.9421099312794,-8.01324479520292,324.949311668449
362.3,-19.578632343709,-6.59372468366188,324.35682035027
362.4,-18.5027414047876,-9.50961188500241,328.076165941854
362.5,-17.6839323934038,-10.1370575447455,326.657525692493
362.6,-18.9204803979198,-10.7200100470617,329.616626879063
362.7,-18.0949289914273,-8.48567997673924,328.641491710788
362.8,-16.027862247666,-7.22975739990911,330.281815309949
362.9,-20.8198785409909,-10.4342129430647,334.116208961418
363,-19.2433394109178,-5.93162858465485,333.325294899588
363.1,-18.067599028062,-11.9062097420653,333.420071333994
363.2,-18.2369221619736,-9.68296558357715,336.753915515557
363.3,-17.8364548589673,-11.0042266742487,339.689433253771
363.4,-18.8240821707549,-11.0338382657166,338.080774333934
363.5,-17.822687657762,-7.04098571853131,340.96387767978
363.6,-16.6115600924457,-7.89580870022226,339.648991704255
363.7,-14.3698020405561,-9.93713973287373,343.37756493232
363.8,-17.3505401303662,-9.8796803989648,345.520635143308
363.9,-21.5686588880761,-11.2454183937268,342.03372586858
364,-19.9055105663398,-11.3207845564322,343.860836425734
364.1,-16.588026634473,-6.28204730788299,343.137761024371
364.2,-18.8090178195655,-11.8632362897392,346.974838855681
364.3,-17.6472631124652,-11.0501228383099,348.628136684531
364.4,-17.7268510315538,-10.3116844619312,349.03751014397
364.5,-19.2776420584485,-9.1141554891159,350.873406206579
364.6,-17.8376844919414,-6.8298290429342,351.65409291828
364.7,-20.3403152305907,-5.52876353942843,351.883564468101
364.8,-17.2382673023944,-8.65087190866685,354.94273510352
364.9,-17.6270845457052,-13.4904120344593,353.500357501837
365,-17.006175252786,-11.0127378948453,357.098364313186
365.1,-21.2007121219366,-10.0434521802368,357.561113646441
365.2,-21.5806458109736,-9.25825861252954,355.314793272937
365.3,-14.7964361998332,-8.52230364906454,357.708773884127
365.4,-19.4165495955312,-5.72073649594069,357.652804660845
365.5,-20.8470549944753,-8.62396094894683,357.65348896866
365.6,-19.576917756009,-9.35806132166622,362.419550101495
365.7,-20.009285754373,-7.65262599278808,361.826212651356
365.8,-18.6534584203401,-9.03675637258562,361.797579500427
365.9,-20.6409970225056,-10.3669283278431,366.641327276939
366,-19.2572920608447,-8.62567311647171,365.416974440311
366.1,-16.6489527835829,-11.0852243454688,365.465234663113
366.2,-20.1554562536988,-10.2021412685302,368.697635416977
366.3,-19.0506748316655,-11.1724613619076,366.736906761783
366.4,-18.3740485045747,-11.4158292114841,364.829853933655
366.5,-20.5650562862646,-9.73678840008259,370.070412672295
366.6,-20.1798013379324,-8.34886931826902,365.16689506381
366.7,-21.0973985515574,-8.54843611603229,365.387499420211
366.8,-18.3204622523118,-9.90672099311958,370.396477633616
366.9,-20.2754263154605,-9.66424380562936,368.540397695717
367,-20.6805201001458,-11.3533815401662,372.438384546122
367.1,-16.4049532459779,-12.2974538612193,368.009063687498
367.2,-21.1628447054079,-11.2953957831649,373.569196700509
367.3,-17.6895484228709,-7.55046214116367,370.144220112943
367.4,-18.6584468070419,-14.1201084892243,372.080897685471
367.5,-19.8279794797561,-9.88356276872214,371.934233662121
367.6,-20.4586828694367,-7.27231149884189,375.509793521997
367.7,-21.9413094363876,-10.5440162279423,377.105796593275
367.8,-21.6724231701198,-11.4970237765022,373.103060989205
367.9,-24.1161949826427,-13.0480007394095,372.236520921133
368,-21.6264744156662,-8.11066959462146,374.362425564515
368.1,-23.763222394891,-12.2275913405865,375.837360336356
368.2,-22.120775659514,-12.7075667105446,374.280437413511
368.3,-24.0611133198913,-11.0157479715883,377.735518029949
368.4,-27.8496112232022,-8.82215233997536,373.431040101309
368.5,-20.3346377394903,-6.95153709904095,375.03105010381
368.6,-27.9792648409061,-10.4797042878457,377.274152577869
368.7,-25.1025640841661,-10.2441229674186,375.127558126744
368.8,-28.0226060074739,-9.33353244596753,374.127846161951
368.9,-28.3380488124958,-9.32544961533395,380.347026747103
369,-24.7025414646854,-9.86695377316204,377.394184848
369.1,-29.5549082737359,-9.52255403422925,382.355954990645
369.2,-30.3863029667886,-8.08791338815795,373.880835342397
369.3,-26.652770885689,-8.63956069445559,377.032221442058
369.4,-29.2140678431223,-5.6477681256403,377.744261730367
369.5,-28.4695632527277,-12.9661122169046,375.447914027936
369.6,-27.6423478588214,-10.8907624026481,379.204702266799
369.7,-31.2855974856876,-11.3945449587565,377.032215536935
369.8,-25.5631001109913,-7.38335825557199,374.346862923723
369.9,-28.5965274658638,-7.70655552139904,373.405269314595
370,-33.7965417878468,-11.1760501702357,378.239752713739
370.1,-33.6194652763813,-10.116282256739,377.948825321624
370.2,-33.3155136381193,-10.5070244621005,379.841737817848
370.3,-36.2797763201472,-9.09580208255248,373.798877034653
370.4,-38.7687479294824,-7.24845488780401,374.142907147251
370.5,-36.8582527193548,-4.20183234308852,371.28820115004
370.6,-37.7037514768718,-13.7309715695659,371.412095778928
370.7,-37.6068916428782,-8.15096924202373,374.684537708063
370.8,-38.5488356234239,-7.49877872810758,374.414932804392
370.9,-38.186766412699,-9.85659638764967,373.22007197235
371,-41.4724170362734,-10.2016425027745,370.643675406583
371.1,-39.3769983819818,-10.4192514955483,378.649827839315
371.2,-42.3681491808469,-12.2734144648279,373.042347959616
371.3,-39.0876438691253,-9.44495714081251,373.758155107851
371.4,-41.0543700964495,-7.58308839741207,375.008183537482
371.5,-45.1121253205531,-7.23751051951269,374.607070008773
371.6,-45.0906537704812,-9.06428674242265,371.123068138259
371.7,-48.3515505082697,-9.93655003332032,373.177022875187
371.8,-47.14492823549,-10.5972121838264,376.744194438372
371.9,-50.2104768147354,-9.88274514139107,372.322882242278
372,-49.510219282901,-9.18399288296242,374.728479169865
372.1,-52.3031631693897,-12.1670977989852,372.344542553313
372.2,-52.8955035275938,-12.3116539436815,377.393806033429
372.3,-51.6249728374542,-10.9255221298651,370.527346355624
372.4,-52.0383953706067,-7.33040337769781,371.972298492916
372.5,-57.3752981950107,-10.6339779207507,375.978691452398
372.6,-53.1300217254055,-9.37251218593154,372.533559224537
372.7,-57.7324541290468,-10.1604430734209,373.249480350344
372.8,-60.3145865846173,-4.67674247241685,369.091859005857
372.9,-60.9861426558284,-10.3482343103347,376.154413079873
373,-60.6909225476506,-9.18534946824458,375.52946004596
373.1,-59.0193110126661,-4.85743945892827,371.295834092597
373.2,-61.516196453545,-7.78687514978381,372.380619883239
373.3,-64.4251124792699,-5.58514845080068,371.558731523562
373.4,-62.66114684038,-9.18866365665461,372.45458727995
373.5,-65.2812504095845,-11.5299104473025,372.999446501794
373.6,-71.7359809587211,-8.51162259764828,372.366610866265
373.7,-68.8235072346384,-7.92427844531715,372.98624203964
373.8,-70.3656370131076,-7.34990088138681,370.865337676201
373.9,-64.6724902811594,-10.2459945591289,372.912377835375
374,-73.465382735627,-11.212863398418,371.54318799818
374.1,-72.2139627409155,-9.70244919934737,375.173992077361
374.2,-71.6121356476243,-8.78903532626487,371.437064179403
374.3,-73.2877911365799,-7.57265775904095,369.937222877398
374.4,-77.4327768168584,-8.34858963789108,375.136129296114
374.5,-76.7786411700121,-9.40275839911039,374.078391760357
374.6,-80.9996154549018,-6.21197609621128,370.098859534921
374.7,-77.6601547706323,-9.33012195478371,371.182735687559
374.8,-81.1858310906876,-11.2891647783806,375.203160940128
374.9,-83.6166350567424,-6.79692957547145,369.762901256655
375,-82.6086969583931,-5.61595305257594,370.816861700966
375.1,-85.85843692311,-8.56052602666037,373.019642516444
375.2,-85.6352598442579,-5.89449058740873,372.922974287077
375.3,-86.6727218017118,-6.77834162059255,373.811434611955
375.4,-83.553146137219,-6.53831849181683,371.569278413684
375.5,-82.4677095946337,-10.6774139154919,375.200380359114
375.6,-88.7001346121934,-8.52656686434009,370.747622188639
375.7,-85.8525630484892,-9.39428606556545,373.458085966692
375.8,-92.1706021535639,-9.22693449064634,368.517802732339
375.9,-90.1764625177553,-4.11429868333897,370.463551921208
376,-90.8653959618841,-10.5525886580666,369.733831789655
376.1,-90.8727966073729,-7.30274408814423,371.669305141487
376.2,-96.7084464226137,-10.8604975919221,373.414022081384
376.3,-97.9044902038491,-9.24710051522489,371.294468357104
376.4,-96.7130909635016,-8.67112260833849,370.450947111831
376.5,-97.364295017355,-3.02235952083277,373.838629354385
376.6,-95.6327854822844,-5.82329799532322,375.019739262307
376.7,-97.2072742746077,-9.33443407464346,372.836567137296
376.8,-95.9328518596315,-8.09704780923335,373.813822000133
376.9,-97.505663761554,-7.59272160648204,366.451588640739
377,-101.150883934806,-9.09763234938706,373.512978700393
377.1,-101.630107064172,-7.78185695813768,372.951318875988
377.2,-102.370827339379,-8.08161954696761,375.299490910745
377.3,-100.11232074725,-6.63603570613453,370.659590691521
377.4,-101.022863129066,-4.55796086134931,367.340910139728
377.5,-104.9264640328,-11.8106226419041,374.517292592622
377.6,-103.355457311935,-6.74140982589233,370.264984247828
377.7,-105.494941622073,-7.42408233981964,370.905537986542
377.8,-107.362562446774,-5.47563131292162,369.322279987499
377.9,-109.339312647814,-4.38589725160729,369.718638097713
378,-107.908156148212,-6.62950878788256,372.114767399263
378.1,-111.202084417627,-11.3224266051526,374.758473396971
378.2,-110.923256191311,-5.23894714350315,372.099498671428
378.3,-111.471699915621,-5.83466534709351,369.711822015215
378.4,-114.563981381823,-5.05195568739397,370.686286281664
378.5,-115.342502253575,-3.49122707787596,370.545016813624
378.6,-118.837119362546,-5.46078071899318,369.710786986214
378.7,-115.056191353717,-7.75529996396624,365.955294711852
378.8,-118.044282935702,-6.64852593749729,367.986153241586
378.9,-121.524528826839,-5.91301262606414,369.567811136797
379,-115.709908136555,-7.87041018383331,368.653032151647
379.1,-121.651163883544,-6.5540020373671,368.725996494833
379.2,-123.513862421925,-7.71623915948982,367.171471861673
379.3,-126.114322488079,-6.40584746057891,367.164467516825
379.4,-123.892286378227,-4.73773336925076,370.727562189757
379.5,-127.748036307813,-6.26598075412246,370.570871981318
379.6,-128.916986064279,-4.60958806686085,367.294029579444
379.7,-130.819614768321,-7.23133845785705,367.383399356694
379.8,-130.608033548118,-4.02702452147755,366.355144542266
379.9,-130.076137029269,-5.8793867462897,369.459772481239
380,-132.922499571119,-4.90695915793265,373.659145541805
380.1,-134.364269213908,-7.04182849008593,368.884216357445
380.2,-135.871801236129,-0.591317930338852,371.360409749057
380.3,-133.592778277451,-5.68391184419093,369.452045134431
380.4,-142.551638460923,-6.11304253517623,365.213652724316
380.5,-139.270088353617,-7.50706636511504,372.022058265046
380.6,-137.549135376107,-5.87050123204213,370.974501417643
380.7,-137.419649451725,-6.63669463670549,370.144638788591
380.8,-141.212881453083,-7.97177510596594,368.394048086024
380.9,-140.936467926671,-6.82044682620003,369.510650214046
381,-144.67883978373,-7.64679750612152,371.79478453482
381.1,-148.050031161674,-3.59751697118529,370.676450829928
381.2,-144.759904717226,-4.37752881531154,370.934818453811
381.3,-147.663274734301,-3.40596410464774,369.086994474023
381.4,-148.814156038264,-4.67266023201473,371.113757132256
381.5,-147.314699388001,-6.38215762444469,365.693486213556
381.6,-148.686468137194,-7.18325632067224,374.26601406239
381.7,-150.297146195298,-2.79344328177382,370.105585226176
381.8,-152.140911417796,-5.74045574541903,373.189164156114
381.9,-152.023992292578,-7.22806172761415,370.168301615082
382,-159.061176153378,-4.08271721240376,366.828462065869
382.1,-158.507049570732,-4.03960602344376,366.956377409414
382.2,-155.389294477795,-1.74858409894295,370.344278469023
382.3,-162.25876958394,-3.83042044959076,367.992000445584
382.4,-160.803452581965,-2.84931886428687,365.141927439088
382.5,-157.595011342015,-1.94919774625827,367.034251870765
382.6,-164.81181970546,-6.67374960536064,364.879656467487
382.7,-162.764440956172,-3.68197773948083,368.93045318883
382.8,-168.752301733687,-5.37087323850083,369.429538720711
382.9,-167.604367000156,0.955243481490403,372.25900985758
383,-166.035011647637,-3.04578066796179,368.585171782515
383.1,-165.449937778117,-5.6669718401063,365.514324497978
383.2,-167.39875516454,-6.38475525631434,363.757105270777
383.3,-168.310330891273,-3.83477752100203,366.725592500661
383.4,-171.548400424713,-1.46712418028658,367.549930790414
383.5,-172.326020580405,-2.77729496118102,364.875611793388
383.6,-173.629288532647,-0.814961305999527,367.403758685941
383.7,-173.861195750409,-4.21422823286359,363.974847968016
383.8,-176.114003280585,-5.27500335936039,366.828748384901
383.9,-172.903105340422,-2.34551672733804,368.481076199598
384,-177.527196712196,-5.00947700158775,369.546484409946
384.1,-177.224021707291,-3.02984413282133,365.416463500494
384.2,-180.386769308166,-4.317325288825,366.842552966555
384.3,-183.333262102093,-2.87189519634935,366.725299178133
384.4,-181.557694827243,-6.62234098631294,365.156031657102
384.5,-185.780514028474,-5.66456346342711,366.097927621808
384.6,-186.825633494749,-8.94250201445169,368.70588966198
384.7,-183.003763491836,-6.80717530571942,368.237576307294
384.8,-184.433045851315,1.10719993655653,363.26977561243
384.9,-185.95423756467,-5.65964014147901,369.259727128133
385,-187.111404910982,-3.74384696762131,364.462315779751
385.1,-189.961937240216,-4.72027530460859,367.181143980423
385.2,-190.702191508841,-3.89120528822637,366.351789040086
385.3,-192.80717653231,-2.72453574132066,368.846804367607
385.4,-189.824453104592,-3.43881957518198,365.635893604697
385.5,-192.534246990871,-4.65253391526571,370.417319695584
385.6,-193.197354028254,-4.80412325560802,364.927747654683
385.7,-200.380064593838,-4.75355693264237,367.14739503546
385.8,-197.109642307509,-1.86588051079397,367.571346906153
385.9,-201.629378711112,-5.67199301232514,366.009475912587
386,-199.676929182496,-1.35035029532986,362.51894269365
386.1,-200.075457410541,0.639374453431095,364.658910569854
386.2,-201.658316092341,-2.25016958975448,366.609772777603
386.3,-203.674209193887,-1.81711923088248,366.307380262445
386.4,-203.383019584082,-5.15554033151956,366.589552879447
386.5,-205.973906637548,-6.05560900904992,365.745983159957
386.6,-206.307038045201,-0.29101088180261,366.605878729511
386.7,-208.920533365509,-3.95773549702876,367.059632645322
386.8,-210.270324067256,-5.05609911634578,365.870857131382
386.9,-209.722367230399,-1.1227378451102,367.37853962526
387,-214.679948026151,-4.73933792425126,368.465149781786
387.1,-214.059950018725,-2.89648124267297,369.89546264672
387.2,-212.670350198232,-1.87761971886447,367.233925888094
387.3,-210.927775945572,-6.76947683506447,366.222951185071
387.4,-214.303902263905,-1.2032872060234,370.304463401117
387.5,-213.81553396159,-8.66932260913637,365.510854843196
387.6,-218.382010320459,-1.36533553586365,366.877753637957
387.7,-216.274855978187,-3.39681210113242,365.881635924751
387.8,-221.354063134245,-1.51527832415617,364.697285591466
387.9,-219.259059541366,-4.87739397765189,366.063578502787
388,-217.311000058492,-2.8020091996515,365.50272083772
388.1,-221.336829210525,-5.84375579875556,365.519795599656
388.2,-222.559441551479,-3.81035475126437,368.760590184263
388.3,-224.523789388927,-3.19930900172345,366.471940516432
388.4,-227.183596240742,-0.974769014734962,366.763031154532
388.5,-224.794158133125,-4.76336419873573,368.727909820009
388.6,-226.405223767896,-2.21478599152888,366.415799848473
388.7,-227.06776794455,2.07381005351355,364.723288180979
388.8,-229.711054613878,-5.21034452087205,365.876109052718
388.9,-228.968002849879,-1.74322541048174,368.860380959663
389,-230.843725023283,-4.26122990296522,366.34255623198
389.1,-229.535091610654,-1.58229992553065,368.144099478741
389.2,-233.153553009743,-1.75848094381231,365.681483691997
389.3,-235.462763471333,-0.432179060652351,367.157953368732
389.4,-232.615099235058,-2.70805851758265,367.017032456569
389.5,-231.802628234078,-2.82619530460899,368.775540664214
389.6,-234.443650457891,-2.66341923951635,365.872951987065
389.7,-237.103527982392,-1.35250084695486,370.071716589364
389.8,-233.176755136146,-0.872715038330412,364.657715992615
389.9,-241.340252016964,-2.25596607231781,369.583726853014
390,-236.896732926762,-5.64957110689716,367.377657159776
390.1,-237.104010201321,-2.43896174279719,366.471076773932
390.2,-239.398846863737,-4.96841186003852,369.154760766503
390.3,-239.634144962431,0.228575884274425,369.216641659919
390.4,-240.091081069413,-3.49881252831491,367.7813243571
390.5,-241.692136798911,-4.45566495616565,371.155408251537
390.6,-242.885918368993,-5.28709803463941,368.708064865624
390.7,-239.898950307503,-4.51941282381367,368.941774874883
390.8,-242.781866868322,-3.73865948302154,368.798131823889
390.9,-239.520260715771,-3.15534427706187,365.377167208495
391,-239.175314614351,-2.05603562111031,366.53965020519
391.1,-244.236832448751,-0.525670321908099,369.589238479081
391.2,-243.40575463899,-0.499493797312923,370.704697647566
391.3,-244.044321504337,-3.4340325337583,368.633209233006
391.4,-245.008257930013,-1.87467633851225,367.842879853138
391.5,-245.269415896793,-2.12035324287304,369.622188849724
391.6,-242.489049374353,2.47499475859466,373.687954724718
391.7,-244.638562171432,-3.00457180169554,364.860238737243
391.8,-243.682285655583,-7.5957676872779,366.843981041333
391.9,-245.571673817205,-3.91614079990543,370.683085458426
392,-247.196958922926,-1.11225710758548,369.74625674921
392.1,-243.618947211786,-3.3940363836211,368.352080666493
392.2,-247.022524569231,-4.77106846542788,372.932993352908
392.3,-249.341351672406,-0.0391172578148016,372.800419196653
392.4,-246.437590554557,-2.40688168208145,365.930015945746
392.5,-248.157065495418,-3.6509488127862,370.471230130755
392.6,-249.5838282999,-0.767181489557773,367.817286154148
392.7,-249.402066030204,-3.39100308869469,368.108103477952
392.8,-249.851897901385,0.19979040411544,370.433821776163
392.9,-249.866811105076,2.62673392504555,374.26306684271
393,-253.421753230762,-3.70187809656564,367.777404183896
393.1,-252.304702748625,-3.11937709823965,369.191622983089
393.2,-252.473440093378,-4.6634976152553,372.964250452607
393.3,-252.723981415313,-3.13542123893841,372.388052025822
393.4,-253.812045823986,-2.58627475534593,371.150759899176
393.5,-249.567518867507,-2.7355733278158,371.298919398683
393.6,-255.926829255412,-1.80971835349308,371.248774846941
393.7,-256.038302154669,-3.06912520037665,369.175983661502
393.8,-253.979015083947,-0.94592015668707,375.468900118924
393.9,-255.385842165104,-0.595849500591916,367.717599973784
394,-256.466957218337,-1.80950758839711,372.255400717364
394.1,-254.898310270438,0.831294815046561,372.201212331594
394.2,-252.196817969366,-0.657873954237234,371.900399938422
394.3,-254.696806412009,-1.31357260568234,373.545177263249
394.4,-256.941369213656,-0.645783142743975,372.688503796726
394.5,-253.546740495413,-3.18441345956478,370.837315404464
394.6,-253.600617977441,-1.54369057805488,371.996472567235
394.7,-260.07475757036,-3.14836730366581,369.128381767152
394.8,-259.016325126044,-5.26535868318606,370.563277614995
394.9,-256.859757612986,-5.85347390558742,368.39148366455
395,-258.876119461339,-2.43604605716773,372.3365678761
395.1,-258.805020239748,-0.559121485074886,373.998687800245
395.2,-260.915009149968,-3.52549780789714,370.24063035448
395.3,-259.564952587476,-1.60363526450668,367.141248086485
395.4,-260.289159271976,-0.848222865973139,371.826744855139
395.5,-261.687451306304,0.181906852919567,370.174186350602
395.6,-260.501132972411,-0.447814905271012,368.055419533052
395.7,-262.433977882385,1.00674369887918,374.736563251273
395.8,-261.271072335894,-0.747647112971929,372.285787929956
395.9,-262.332883428052,-3.32212484027586,368.036729637649
396,-262.719171467113,-5.15244165209669,370.976386120935
396.1,-261.335336384043,-0.931669894939351,371.357085963882
396.2,-261.456538515656,-3.03563674765572,367.573786266893
396.3,-263.383812757626,-0.438415329803372,367.708715760526
396.4,-261.825210064016,-0.698443852415509,367.474726159688
396.5,-263.955458846733,-0.40399024393467,369.834107119306
396.6,-263.300574706533,-1.27265138456516,369.628137199648
396.7,-268.203379077428,-2.35043374436435,370.867551426391
396.8,-265.471197916818,-3.9635693568504,368.003948410576
396.9,-265.819600152519,-3.67611571150977,364.315493158286
397,-262.266875443383,-1.46277137111494,366.051096931548
397.1,-264.920258351389,-1.27283060879982,368.53813348634
397.2,-267.119117774277,-2.2824147282775,364.289751367498
397.3,-268.062310993748,1.05524420455563,366.587581108389
397.4,-264.468042280037,-4.81875219629797,366.317280004969
397.5,-264.546244854943,-4.69366152987274,367.525329775569
397.6,-264.519881266434,0.40759635297542,364.063187972917
397.7,-270.805327831651,0.633892402349185,365.966738016919
397.8,-269.379755567505,-0.799773081559629,366.08184702113
397.9,-262.35614674477,-3.47342788672347,360.289326008063
398,-269.920702156844,-1.65821704041802,358.644126422953
398.1,-268.762608174648,1.45734803550054,363.694861741079
398.2,-267.880753507766,-2.76002985133215,356.822374806347
398.3,-267.130664422279,-0.259579560357347,359.468284081387
398.4,-267.810368339327,-1.49914034679559,357.611852698066
398.5,-267.975088564804,-2.30839278151726,357.391154821956
398.6,-270.219942588299,-2.72745132427104,357.998426973791
398.7,-270.349277387811,0.0237065090392939,358.817311903471
398.8,-271.230494785368,-1.58648094111431,351.587669859964
398.9,-272.021695355723,-2.08002773059103,350.231656062068
399,-268.991825524808,-4.47726970404579,349.248046168741
399.1,-270.742881745255,-0.183493002155503,350.220626467475
399.2,-271.71428489714,-1.69183001121078,352.036274265791
399.3,-268.786072866833,-0.0849617686469473,351.107655769465
399.4,-273.113023708611,3.02814779662146,349.182456852807
399.5,-265.667635589521,0.242234466141421,349.671902215911
399.6,-275.558280965954,3.51236660947652,346.155989683346
399.7,-268.244437931048,1.31807227849477,345.720271681803
399.8,-271.984559809454,-4.55769675166219,347.10804056516
399.9,-269.462999263301,3.22119165357877,339.800086119791
400,-269.244333160122,-1.91369757096121,343.860458504173
400.1,-271.847123217082,0.767158080849313,343.750066851011
400.2,-269.117728819324,0.754486410201822,338.708905633644
400.3,-274.541436006457,-0.359728971647341,340.487716078554
400.4,-273.018127979129,-0.476563471416234,338.873250197915
400.5,-271.901159191874,1.51343637732813,335.027686092144
400.6,-271.601451354639,-0.746630358757077,335.410602671545
400.7,-272.355098552989,0.323876354092436,330.862896249437
400.8,-273.041330180527,3.10786142007658,332.508493588151
400.9,-272.708367982593,-0.928304908403472,329.081043419447
401,-273.065212529072,0.837951360340553,329.877070262749
401.1,-269.773271983156,3.09534255382862,329.845284524056
401.2,-270.28687974375,2.74885651063855,321.96894946191
401.3,-274.066043949594,-1.67439951667394,324.70855051611
401.4,-270.446319727376,-3.24655766518633,321.926929062507
401.5,-269.328252716184,-2.47463745002648,322.603351410209
401.6,-270.876935304506,1.23684271854403,325.436995538214
401.7,-268.130043723972,1.64891494691553,323.364627488034
401.8,-271.538969026863,3.5222573406932,317.254913419289
401.9,-270.811408218836,-1.74095822045612,319.252161997601
402,-274.450345452873,0.46949053089659,316.162958951809
402.1,-270.782535568153,0.277710637704359,314.997679524672
402.2,-276.11744215311,0.681104103173789,317.714403554197
402.3,-272.725402372479,-0.590246739823509,315.737729849656
402.4,-270.288369300481,0.139088732336396,314.920743823285
402.5,-269.858055413127,2.04442542320413,313.073593998111
402.6,-269.371454974652,-2.03712413973,310.029680016953
402.7,-272.476966878597,1.40205390917917,311.801411549919
402.8,-270.400600565516,2.45929365050877,311.869169454818
402.9,-271.468634209942,4.56863979698356,308.694674267459
403,-271.374343627665,-0.165071856354414,303.930037047482
403.1,-273.373175328613,1.60980298972405,302.53984740689
403.2,-272.683544505965,-1.08865089437448,306.969378538138
403.3,-270.085627469484,0.998348224749561,306.176238011617
403.4,-275.174736161217,0.767992986811444,302.032591119241
403.5,-270.354414437198,-2.69488607996478,297.992029438674
403.6,-272.929515672606,1.86021730626503,297.775268905336
403.7,-270.625742140683,0.494804781587409,297.752317390815
403.8,-270.340426227137,-1.18712697539148,298.19994391388
403.9,-266.770741741301,0.244027844588313,296.430963698286
404,-267.750917467759,1.28137944777606,294.671052033493
404.1,-271.073805732777,-1.65894787375664,290.964665568645
404.2,-268.064844315885,-1.90784774364789,292.576316274153
404.3,-267.178180541792,1.83345469072852,292.303211862139
404.4,-272.129207047767,0.700938367294915,289.239126912418
404.5,-266.947413306665,2.1334442932475,291.215980217806
404.6,-272.250863877166,1.8867318073414,288.584070867254
404.7,-271.822619785585,-0.488239369391242,285.123628321434
404.8,-265.741069027527,-0.0171898746335728,285.169663098996
404.9,-267.315001395312,0.643919026673385,284.564876070395
405,-268.573333802664,4.65031616892554,281.700083382267
405.1,-266.412877265579,-0.394972615354285,282.139475979664
405.2,-266.1638850205,3.4066426689451,280.842362976742
405.3,-267.006724142166,-0.478857344065476,280.623154464929
405.4,-270.800285966655,0.844621230863346,280.92010740485
405.5,-268.857406659887,-0.448536259757025,281.67839536392
405.6,-266.528601696584,1.98268689674611,274.029846206751
405.7,-266.833095866364,0.162303015690812,274.703980611773
405.8,-266.681869330105,0.136364846489453,273.091224495762
405.9,-265.229841176997,0.314338502644804,272.98009077838
406,-265.78195598228,2.67120971731992,269.370880673691
406.1,-266.508440895672,3.63729296803506,271.218269191346
406.2,-269.213678508507,-0.00583882863949725,266.984539732048
406.3,-266.221083147341,0.479972665550164,265.366058542428
406.4,-264.902880322095,2.96234985369425,268.929647813333
406.5,-264.716095110842,1.69505596529521,268.671566966293
406.6,-267.192976096516,2.56986854677454,264.566581553452
406.7,-267.994169929907,2.78696467522716,265.930278870462
406.8,-264.305274268806,4.01620653152549,259.089870502172
406.9,-264.30399404964,0.466888304274739,263.885158867943
407,-263.961342876623,-0.427543521938335,260.205878893643
407.1,-266.320111215583,4.34121596774879,256.934006241185
407.2,-264.982618823293,0.847554579830216,259.26581521513
407.3,-264.629829285585,2.80209544738273,253.005141433097
407.4,-262.780507548905,5.55750886864652,253.344121052037
407.5,-263.942573077722,2.84715706891669,254.854468874989
407.6,-262.331762160883,4.26040244315034,251.704966908995
407.7,-260.101779536349,2.61135947324176,246.578849934569
407.8,-265.024857085777,4.65847209929646,249.887191856217
407.9,-260.758580855027,3.19582247929175,244.941002899016
408,-264.963352042082,3.66834699176174,245.390512062823
408.1,-258.999508413092,1.84137274359782,247.496015278054
408.2,-262.616576228502,-0.104360758223879,244.330160881365
408.3,-260.356176026537,1.97771950709282,245.669779294223
408.4,-259.136444505396,1.27419422517307,241.960492718792
408.5,-260.275040064634,4.16741345549714,243.887793475106
408.6,-261.737818086215,1.9077889727341,241.263089118375
408.7,-256.175981985206,1.46040222068593,238.26517280496
408.8,-258.116348892272,1.36843413415249,237.463628754592
408.9,-257.755226410036,1.5863552501355,243.557291020748
409,-259.960239910822,3.42780949122984,236.773059149123
409.1,-257.824077454943,6.30649846709466,236.602095199085
409.2,-254.627521401469,-0.920530249415833,233.418992362089
409.3,-254.42703226876,3.16041596339873,236.780037066031
409.4,-251.011933861044,1.28001166495172,230.976066409631
409.5,-256.553948020081,1.27137644222603,231.480100615512
409.6,-253.231894142773,2.36498012701573,227.118795327138
409.7,-254.477520164766,-0.564230088605027,225.740446416159
409.8,-253.997223065717,2.69370915111949,221.963679284406
409.9,-254.816087099496,-0.0681889903957553,225.7576489261
410,-255.104770308152,5.53812621292517,224.581837294433
410.1,-252.072466741067,3.709333501272,224.366840910438
410.2,-253.802226177042,2.39236369927762,221.266551487641
410.3,-253.692358865437,6.53408497987965,219.94797758259
410.4,-253.556111020797,3.00708390726591,217.31615545591
410.5,-250.037968900852,0.646880001013622,219.088057394154
410.6,-253.178212800595,1.25272397484768,217.686201181115
410.7,-246.673379312203,0.783543995593739,216.620926376887
410.8,-250.719100547773,-0.0227707359888338,212.478824302794
410.9,-247.121806641576,4.13231624092826,214.666671073375
411,-248.48536851334,4.997574882973,213.438645358474
411.1,-249.44456755109,1.66737082145676,213.912855315952
411.2,-248.861982401962,3.4597849773133,207.514310804516
411.3,-247.376082697183,2.06577354318749,208.524738336443
411.4,-243.798093327828,-0.651631178156841,206.3926624156
411.5,-245.652627104381,3.79269058043595,203.936919397276
411.6,-244.149118600046,6.07192677484358,208.434993174681
411.7,-249.377779885382,0.686779112359703,205.503929138622
411.8,-241.204367529425,5.3512602915384,199.874917947479
411.9,-246.617078222228,4.29592457019392,205.393867926582
412,-247.455818424832,-0.640958562092107,200.180692677987
412.1,-245.711626769667,0.810404090363111,201.494127610836
412.2,-242.767602896266,4.36839354720943,198.068496962597
412.3,-239.89288462854,6.12555102383368,197.026248737796
412.4,-243.266210737975,2.45286465179012,195.23026628946
412.5,-240.280613343387,3.73559959565336,197.570579360861
412.6,-242.003140178226,4.38551821707626,192.516672415852
412.7,-240.588294797982,-1.51680597664547,192.334283107071
412.8,-238.31383400282,0.329561555840942,190.3400009965
412.9,-238.780958414649,2.74920504762133,193.127911624109
413,-237.835593892236,5.4531508294914,190.804915191196
413.1,-237.9360137037,6.97007336060979,188.098313513018
413.2,-239.26193468194,5.94502773624524,184.47226720043
413.3,-233.880386059227,-0.220096741598674,185.63115777025
413.4,-235.621139844003,1.56535927003287,186.825047626958
413.5,-234.494027000417,3.20508936350499,186.742668005145
413.6,-236.311181771387,4.42675648016963,185.451613471576
413.7,-237.019831107448,3.87853287400122,181.583348827564
413.8,-231.117004673673,4.74887617947167,181.766132547824
413.9,-234.324459454924,-1.3216580879689,183.573896762088
414,-232.609607352402,4.79899101494302,180.255571090792
414.1,-232.413139939444,5.69403206749362,177.017369930745
414.2,-233.869932478613,2.58866501536906,173.865164861479
414.3,-230.419929292323,3.40053805848916,177.243850098317
414.4,-231.320933667738,5.58062310077038,175.380673419299
414.5,-230.509211504491,0.121484759642014,169.661101826683
414.6,-227.633851746587,2.2839404660899,173.376994475027
414.7,-230.693307685242,2.47302250307921,173.554852869247
414.8,-227.570583156193,6.16226965221921,171.669625329794
414.9,-227.561477400694,2.64143489319152,170.085034975019
415,-227.667533164178,4.49255802539409,169.702084163803
415.1,-221.756527876199,0.278793292372059,170.606506784908
415.2,-225.47182801706,6.27725532528909,165.161872544669
415.3,-226.659383719101,2.55220468252155,167.283757639823
415.4,-224.25719150357,5.35274493303602,167.662067858447
415.5,-224.661420734234,0.676689315576525,163.413567314782
415.6,-222.729017973086,7.74583702756832,159.127477488855
415.7,-219.44062806824,2.67869815874785,156.794461163147
415.8,-219.628238929245,3.50100769738463,159.667428391375
415.9,-224.487122817439,5.69900987643294,158.269234357294
416,-221.24200763869,1.31553421506069,160.829164772223
416.1,-216.084463694038,5.65732003398316,157.615565393305
416.2,-216.178705891554,2.32969322192814,159.04494247114
416.3,-215.084091236967,6.44191303876897,154.814511191595
416.4,-217.093486905628,1.72059261164103,151.967834805322
416.5,-218.318730989477,5.00415126262973,157.540726584121
416.6,-217.737972651988,3.50074490808901,154.635174635806
416.7,-211.729344164946,5.84648608486837,153.936382370015
416.8,-213.77805290787,3.06747358193972,150.516635854332
416.9,-211.014387044168,0.0543383205387742,150.439511341253
417,-212.103435659727,3.02506306705603,148.519466805731
417.1,-213.549673009948,1.65104189178038,145.402336528832
417.2,-211.378250879713,7.77456581045879,145.803666329144
417.3,-209.978486119288,1.54660539654772,149.558644010594
417.4,-210.45901902568,2.08942145102668,142.396711932019
417.5,-207.098609390019,4.24794225527673,143.838140602896
417.6,-210.281064992834,3.58529798168123,144.169535480269
417.7,-205.189781758828,4.07260724081904,143.872854010372
417.8,-206.629184627656,2.88677550525754,142.121979344226
417.9,-204.097786584398,1.32739629882924,140.566104095907
418,-204.905628029427,2.7145240634304,139.253923405206
418.1,-205.181303506205,2.58168553950609,138.779782422009
418.2,-200.329242667415,4.96324307015706,138.78181886582
418.3,-203.749246969929,6.73083265978283,136.040106446801
418.4,-201.128975879377,-0.767497265491955,133.60550643673
418.5,-198.578726594042,5.10723185227393,137.779779363558
418.6,-199.982318276201,1.19573155514525,134.934653048467
418.7,-198.777530965264,1.57367195279238,130.233172445223
418.8,-197.73570438188,1.98820591951759,131.941588581871
418.9,-199.701525739529,-0.308371867734984,131.251797278892
419,-198.04127152262,0.138964594493462,128.380353055442
419.1,-200.848891540048,2.15917836489305,128.380295572852
419.2,-194.123573610481,4.54318624494949,129.053073285977
419.3,-197.047927060215,2.20874400750729,128.933336382579
419.4,-190.655370279367,1.4102070575764,127.503099685776
419.5,-192.849138092852,3.88887002327824,126.475575740702
419.6,-191.369114990549,1.7184293586691,125.054091893783
419.7,-191.471189362141,4.17312758150658,121.604925304555
419.8,-191.826433401769,1.55841356305998,125.540468672124
419.9,-188.99570703788,1.76433577794284,120.64355571838
420,-187.561607872789,1.45874698711732,124.190422528028
420.1,-187.668620880494,1.73311670462803,119.324093922069
420.2,-188.514475456058,1.52734781255821,119.03425288564
420.3,-186.768966093454,3.48554614097988,119.440361256421
420.4,-187.649351781157,1.95697560781818,116.966599314481
420.5,-179.796322743925,2.41296829694207,120.168268714056
420.6,-180.579692884908,2.95126979223352,117.864742700763
420.7,-180.051118491984,3.57134187166511,116.20484013874
420.8,-178.766602348161,1.58311649530043,112.290519631326
420.9,-182.604228867604,-0.00372685011420737,113.974678849089
421,-177.956063872022,1.55696503952837,113.322909149834
421.1,-178.26459459596,1.88355984027939,109.276517152546
421.2,-177.846886994363,0.217494830180981,108.948608944331
421.3,-175.607903892127,3.2209009113498,108.97241226423
421.4,-175.691124977514,2.43755088710518,108.865793888005
421.5,-172.173425427299,2.65042344568137,107.169323898132
421.6,-169.112935929089,2.12888842339001,108.567267086544
421.7,-173.387817411123,0.410327695915924,102.489724184374
421.8,-171.330413487142,2.84369776389671,105.537618785226
421.9,-170.26628233163,2.40863543032734,102.604104879592
422,-168.382781161948,1.98711513564921,104.620093424626
422.1,-163.96101100847,-1.16749560735874,103.41026872786
422.2,-168.461414430312,-0.0962202605550075,101.75288386468
422.3,-167.003134817163,5.24470580627896,98.1691785426378
422.4,-168.9620833389,3.39269504823149,99.5754456888626
422.5,-163.797170389977,2.47626125227768,101.880044799867
422.6,-160.849081803995,-1.24202709264515,98.4384945475601
422.7,-162.061568581191,5.46088740751072,96.2448545895791
422.8,-161.70659626283,1.95696288866699,95.9799945798206
422.9,-158.808003300069,2.80506801357129,96.4758070778062
423,-160.071234073191,0.233765136551321,96.7760796756724
423.1,-158.539857973011,5.05909467220523,93.7512076324785
423.2,-155.149653878318,4.5360614787458,92.7463092427643
423.3,-154.726355571556,1.36210014910406,90.6944479396013
423.4,-157.554680440883,2.20486630793335,89.8502058763106
423.5,-154.057020719746,-0.649806468541921,91.3744333242089
423.6,-152.554537948215,0.596285590381259,90.8757204811449
423.7,-151.722206706955,3.37955007187956,87.0821258402892
423.8,-153.523682228808,2.03521516114713,83.9802856556181
423.9,-151.470029414475,0.765173263060944,87.3776765670806
424,-147.780517922564,2.52688716703783,84.8628558346275
424.1,-149.90267847252,3.50460289259478,87.7326406252464
424.2,-147.462187501201,5.51987674389012,83.2160948308106
424.3,-146.429157768489,0.0518906539975585,80.9146880994908
424.4,-143.088386985557,5.62775787560357,80.1177972807316
424.5,-144.230572331859,5.68028017948417,83.9712410855474
424.6,-141.964029397527,0.802770484862053,79.9684008743213
424.7,-144.534732642421,2.44489637211192,78.6158253018588
424.8,-140.337651867398,0.694191570345854,73.8151122084682
424.9,-140.94608458861,1.80218334509099,76.5610203009866
425,-141.561465307526,-0.876541576034413,74.7501569921135
425.1,-138.905852857163,0.312377036078748,78.3209656910807
425.2,-141.661168633889,4.7948056368221,72.5019676347622
425.3,-137.555145540658,2.33509814316805,75.1354370446192
425.4,-138.167013913311,3.14610483315922,73.827415296543
425.5,-133.34992340815,0.465805414149387,71.6772555150672
425.6,-139.043304021392,1.02096081702639,66.0111161020709
425.7,-132.310481649964,3.23040358352188,71.4918954118524
425.8,-135.788546466473,2.08511238129266,71.4286874903965
425.9,-130.607457930236,1.84863309471846,72.0140285294445
426,-132.218220282061,0.388397456462658,69.8956504938717
426.1,-129.224326906267,4.69930823176936,70.1774530671609
426.2,-128.494367386444,3.07778941921716,63.7704651646776
426.3,-125.744673991614,5.79623409548069,64.1114630982636
426.4,-124.888246247135,2.89133115820465,64.8699393225018
426.5,-128.790426825091,1.98807236193451,62.8956894621378
426.6,-126.193259100125,2.21996449128703,62.9563013960431
426.7,-122.603544712421,1.43295835486018,58.4530157075028
426.8,-119.510622179532,2.46772858409234,58.5574988439001
426.9,-120.70463381857,5.80601278408098,59.0062513602391
427,-119.945927390854,3.64282349819885,56.9697164915384
427.1,-121.016957601154,4.39183006950739,57.7026590543626
427.2,-120.56517997799,-1.31968472932027,55.4906326339848
427.3,-117.38113411392,0.533485810447295,57.7475891151188
427.4,-117.746043952953,2.24840747436636,55.8181713301051
427.5,-116.970295070079,3.52828875781002,58.7142673052648
427.6,-115.615635912574,1.11938637473747,52.484738260548
427.7,-112.907184162198,2.99337653458813,50.1481472466659
427.8,-116.645888530873,3.25506519549241,49.9366360081162
427.9,-108.588357718996,6.40842458911728,48.5027829220349
428,-111.761183377811,5.03138372966559,51.0090835564092
428.1,-110.627176160577,3.06048444683822,50.1045022310307
428.2,-109.161690230454,0.0641388539139944,48.4182977704202
428.3,-108.396377159138,5.82658086251569,48.6191554014579
428.4,-107.281251926778,-3.6584725148695,46.6986914204062
428.5,-108.282079612694,1.02554020053921,44.7358626788017
428.6,-101.857082503574,4.46859821072285,43.9096933851565
428.7,-100.148381150973,2.09840004852709,41.5402893262591
428.8,-105.041720615083,-1.30667580089,43.3048959060588
428.9,-100.649852673851,4.0766965990089,42.2226886379458
429,-97.9298264708845,2.71412186135094,40.6594498481869
429.1,-99.7634635842109,2.30681698773702,40.3884326918271
429.2,-96.2506594921572,0.278906772442062,40.1937464098649
429.3,-98.1806032845568,5.03929140447977,40.8599963613632
429.4,-95.3690421457748,-1.19832868758077,39.8504148820012
429.5,-94.0255148154134,3.83961532358384,38.8252711015281
429.6,-93.0079078022047,-0.517442213554082,36.5019317995099
429.7,-93.8133286699903,1.42258215361656,35.2976131796903
429.8,-90.2414878052297,1.25593082925567,33.1889562197293
429.9,-92.6290378713589,3.84148678035918,30.8836763722559
430,-93.7989530498321,-2.70119168241842,33.5196985505726
430.1,-87.9390581556545,3.00399007498447,34.0050735779523
430.2,-88.3326073239438,2.79977603263916,33.5512278445789
430.3,-90.4935405812882,2.87081499414957,31.2714159560209
430.4,-87.3689516712195,3.92478850989253,29.7167983618319
430.5,-87.4015411862885,-0.223478680520612,27.8718586121748
430.6,-84.7346224467973,0.895616603798113,24.8514572456568
430.7,-84.49264008477,1.60779117503261,27.1781670192718
430.8,-80.8333943868995,2.20067006991564,23.5925803167093
430.9,-82.4479968756464,-0.847429534571036,26.4193727962594
431,-81.4834500177031,5.22978727079843,26.5666983391522
431.1,-79.337202037687,4.09125861268034,25.3719333328867
431.2,-77.564929889833,2.42489117517498,23.0993351573864
431.3,-76.7259878255302,-0.36820099401887,24.2354103295108
431.4,-77.2929861835178,1.57750240071663,19.4226333453333
431.5,-74.9514035303716,1.9139338739886,15.7734115747274
431.6,-76.3541060131778,2.70005000504638,17.4189740967517
431.7,-74.4746519547664,0.421981925071721,18.7409052471781
431.8,-75.419730727673,-3.4037802966937,15.7191751168993
431.9,-71.3107544631477,2.0348535685911,16.1836312536704
432,-70.0941784044675,1.86425912397089,16.6016014741284
432.1,-67.9014111132143,0.399126892240491,16.4010850506839
432.2,-65.6384863242638,0.755058207789978,14.8740166444817
432.3,-70.3461106075945,2.67744810294943,13.3220556350776
432.4,-65.2973970397464,0.572221384597391,11.7672379306284
432.5,-66.1935012556433,2.42418854082101,10.7354278155552
432.6,-63.9288982271473,0.376691977071512,9.49305966061267
432.7,-67.2294080479902,4.00395636177563,9.6365609616047
432.8,-57.7935171841205,4.13412065771632,9.48227213900256
432.9,-64.1591398785546,4.71225931257091,5.8099715654168
433,-64.1349549376226,0.474913860624526,3.83418762958673
433.1,-64.0856105828917,1.99920481546475,6.11166474039743
433.2,-59.0334719499068,0.900297060232783,5.77005645124774
433.3,-61.0616456086136,0.049313678185225,4.91779064271603
433.4,-56.5746994958931,1.29970795742608,6.32520019012107
433.5,-58.0350900014721,1.34124051635351,3.47667778116974
433.6,-56.2596581961042,-0.878963090647644,3.65668588522319
433.7,-52.9200608131756,-0.456237799456274,1.49234777499553
433.8,-55.0201851618848,1.87488779605112,2.10377819166335
433.9,-55.2975115094365,2.45260232441525,-0.616156827119403
434,-51.7313867839873,2.45950335274865,0.858585745775165
434.1,-48.92813752273,-0.687325960521439,1.5214235801856
434.2,-50.4552471762496,3.34430078993607,-5.11911690370505
434.3,-49.969044557043,2.13855326402432,-1.6566147445002
434.4,-48.7681935228461,2.52343842696863,-4.55561840288519
434.5,-49.1958320140623,2.28150994553982,-4.24781727674889
434.6,-47.2436543413626,0.554180867551543,-4.15908686462801
434.7,-48.2315559296114,4.24104562511318,-8.56909397337843
434.8,-45.7109329056527,2.27014192726379,-3.23705874423607
434.9,-44.8328140954078,1.5049773316727,-10.0593716301116
435,-43.5564790083595,2.96875689297389,-7.89530375861034
435.1,-44.568250688546,3.29246340663875,-7.49625164235266
435.2,-43.4842652365205,1.61976401075332,-6.18831945751517
435.3,-44.675293114878,4.7738819892657,-13.1497372193415
435.4,-42.5039770749467,-0.0128567145191842,-11.8321269274468
435.5,-40.204725550099,1.1937361725872,-14.8597056929735
435.6,-40.7391316867685,1.00295610559798,-10.6478749355588
435.7,-42.9326528485347,5.24844138158324,-11.0321477904415
435.8,-39.3002013248628,1.52561309303663,-14.8421006831322
435.9,-39.4763936123243,4.77528014228679,-10.7653644026372
436,-38.3727409583446,-0.278290920871829,-11.0169574368922
436.1,-37.4543294185783,-1.14502711751137,-16.6140650854379
436.2,-40.2033105394261,0.921730719051263,-12.4219391343974
436.3,-33.1716986862166,-2.34713037721419,-16.528079352612
436.4,-31.5887351673007,1.88517041205035,-12.1004393583981
436.5,-36.3982663001307,-0.741652874670427,-16.6932663889399
436.6,-31.8986205411206,-0.890561977750251,-15.3492066750258
436.7,-31.8808821491864,1.54437724536456,-15.9582599724825
436.8,-33.3498743941873,1.47536539767062,-15.3490645204819
436.9,-29.8792848952075,1.90476640982535,-15.715460984293
437,-33.5967882990269,0.745664121617886,-17.6886756709157
437.1,-31.4533811351397,1.95160710169311,-13.2324020960332
437.2,-27.1557917104735,2.0994498671889,-19.6199732581826
437.3,-26.2666864225588,2.18019408751409,-18.1817588317729
437.4,-30.0754438543861,-2.47157105025022,-21.6603722781881
437.5,-23.9588832912368,2.2991240218991,-14.7948722242199
437.6,-26.8471297598922,3.98598799409552,-17.928733994162
437.7,-25.8819182249119,0.929035934912534,-20.1146353151137
437.8,-24.4814914956992,0.237181861277428,-19.3395902848611
437.9,-25.4669342979954,0.689821596128009,-19.2200651709488
438,-24.478938124905,3.43236803837123,-18.3216864951992
438.1,-20.1383332186441,-0.751875989080967,-16.2943212074254
438.2,-21.8108900669627,1.36593242776141,-15.9871478136571
438.3,-23.0965137710928,0.191719257631952,-13.8982500740088
438.4,-19.3897057588458,1.91191248225941,-14.9925180378276
438.5,-19.2775729765679,2.90154421861874,-13.1382143151533
438.6,-24.5384682111614,0.645112720866496,-15.5033973611213
438.7,-18.0448826634666,0.725904498387195,-16.3999436934858
438.8,-20.5557623902433,1.63375499702415,-16.0621425889563
438.9,-22.2255008351889,-0.514208100203669,-12.6397313313887
439,-16.6057674228318,-1.14364517699301,-12.1083715573088
439.1,-17.3141843583505,0.9358792017742,-13.9985549630867
439.2,-16.1543062796005,-0.813272817115368,-12.2775685956104
439.3,-19.7910796863188,1.85661726396671,-13.105351471025
439.4,-21.8670666636356,0.0548229340563064,-13.6533930316791
439.5,-11.9458447744736,-1.4295279053258,-14.8450637686708
439.6,-12.7822797942176,5.14403780291947,-8.86056618799197
439.7,-14.7509961572731,3.84139221263028,-11.8568757867399
439.8,-14.9605956616479,-1.98950882072591,-12.5819764053381
439.9,-16.2589957204956,-1.60478312512706,-12.910999556418
440,-9.6455732416906,-0.623321248980418,-12.339229608417
440.1,-14.131432309162,2.88802869039049,-10.761166996532
440.2,-13.7351735541229,-1.06950169502777,-10.8538523202191
440.3,-7.48455696597355,-1.03251986055687,-9.11471523481292
440.4,-9.87007862183752,1.25008037169708,-7.87430874550595
440.5,-12.1994885435181,3.12747964786396,-8.90336978424266
440.6,-6.97589772428895,-1.27055571188513,-8.51484672077319
440.7,-15.1825191752579,0.270737224363815,-9.14637856294332
440.8,-12.0047428568537,1.79519206294245,-10.3274707243153
440.9,-10.7725283517026,-2.20557696259869,-8.8923339642284
441,-8.53074068169867,0.725355420611824,-5.64104258755561
441.1,-13.0806272513425,1.8108944484622,-6.53483642092724
441.2,-8.34724794684071,-1.49851744729895,-7.18699063623581
441.3,-5.00467853120282,-2.35566097707863,-12.3520051024969
441.4,-8.70238618182002,2.67395903322039,-6.80409851621425
441.5,-9.90052017099066,1.80733662000032,-6.75307242949162
441.6,-5.14260218143267,-1.75606389033398,-4.08712496876996
441.7,-7.3308968926448,3.08193026694447,-8.53940798034557
441.8,-4.85643555917712,3.18057046583163,-10.5341419591154
441.9,-5.60965223977709,2.10941533919138,-6.81187706016425
442,-7.40348977864527,-0.997062441321487,-6.22284484621261
442.1,-5.46918539161948,-1.17350456420695,-5.86125393720799
442.2,-5.75953024961279,1.13706855104335,-8.56658866227061
442.3,-8.13746020060415,1.21709049863676,-9.29524375113951
442.4,-6.32638015069736,-0.0262442536746212,-5.56881343907384
442.5,-4.24139248191939,1.1277347835203,-7.02566031329402
442.6,-4.85516740362534,-0.639290254493156,-8.00927310670341
442.7,-4.58671126553229,0.411174179327154,-5.48149232454848
442.8,-4.22382561448429,-3.84721417824185,-5.79710163012593
442.9,-6.00553447831446,-2.01073445650048,-5.27203760600506
443,-5.57784426448677,1.20617330092703,-4.56291170014033
443.1,-2.91622414510562,0.0155569253369566,-2.3202846476495
443.2,-4.04632196184914,-0.268107157533182,-5.7391313884851
443.3,-4.34970570972617,0.29993303691387,-4.22681979189754
443.4,-4.18546120816877,-0.863008994737103,-6.35116370464238
443.5,-4.70415931283132,-1.69178707600806,-4.3551464262432
443.6,-1.72832573989105,4.50796807998728,0.160742163828878
443.7,0.210551638634005,0.586734009432749,-2.10321117290984
443.8,-1.60815187096495,-2.02298408140105,-4.28191746722852
443.9,-0.353924851129038,-3.3159717774158,-2.21112871749716
444,-1.93145600501347,0.413015939951198,-1.67015836106913
444.1,-1.25333259249992,-1.37499166687706,-1.82569960517013
444.2,-4.5165829186585,-1.01393988837258,-3.96654648671266
444.3,-0.247124631184421,-2.88427722085506,-0.4963752080486
444.4,-4.25041510021691,-5.88441313444659,-3.76034627240961
444.5,-5.89123760318156,0.25319371056667,-1.14481296960035
444.6,0.0663742067455497,0.227460700387074,-0.971522286400529
444.7,-0.523810526758076,0.354635091239564,-1.26914977907706
444.8,-3.19330439050513,-0.481281838504685,0.599368611376297
444.9,-0.487660156783073,-2.78251221411978,2.46020721982741
445,-1.524022491911,-1.48782940419715,2.70306525971799
445.1,2.43919855762853,2.88656517616703,-0.616777902741012
445.2,0.270240905692703,-3.00339246460045,8.46961570505608
445.3,-2.18158257939901,0.172161803017512,5.21632391353917
445.4,-1.70939514421794,1.55801875799664,3.44341920468392
445.5,0.85622580836118,-0.282846772100639,5.20626288521086
445.6,-0.300552717737321,-1.00520022262143,4.40839363954698
445.7,-3.53214745319691,-1.03789763452319,2.93182071030657
445.8,-0.735414344072111,-2.06946966565678,5.87638142070737
445.9,1.64179197956213,-1.81144734035561,4.03252236118714
446,-1.72373611228967,-2.00805972308617,9.79016153930631
446.1,-1.27790463537767,-3.40880282069434,9.93441428358506
446.2,-3.12626374253628,-1.82013344805649,9.09248671924968
446.3,2.92617592039424,-0.749921513978748,13.8111652591312
446.4,-1.11521652461936,-1.83158250480268,15.126773298331
446.5,0.0220232137308898,-3.57081727565546,9.55551333729676
446.6,-1.38071566953453,2.51186776396373,13.3315114432213
446.7,-0.539519976581052,-2.32092819902771,12.5476369454952
446.8,-1.44538399986903,-0.258373023510081,13.0399317559766
446.9,0.163168906094722,-0.084479535644994,15.5647428508365
447,2.2977758783802,-1.32015959778703,19.9463119320864
447.1,-1.09570843072359,-1.14735006505343,18.6027617026452
447.2,-0.967429296261967,-3.13076322311853,22.4542820305579
447.3,-1.82346973117299,0.919472460110474,16.2388704748866
447.4,-2.04379001681693,1.41609826267018,20.771571797961
447.5,-2.28380479709739,1.64631396063954,24.8404659080487
447.6,2.65029317013382,1.98308971779494,25.9306500099208
447.7,2.3755404202756,-0.289063134976332,26.0820234170975
447.8,-1.15610668007924,-2.97906209906414,24.8701403454408
447.9,-5.65450366983889,-6.72780724334316,29.1496222835051
448,-4.53374897742433,-5.52535391983083,27.8554367561223
448.1,-0.810779390049235,-1.25175197430726,26.5169845008621
448.2,-4.47119490721529,-0.550752174825712,31.2838699059083
448.3,-2.16222698487082,-2.70972897870045,28.6316567133381
448.4,-4.89638795813726,-0.0836812819153085,31.0819129912955
448.5,-1.75593730616101,-0.619105515846552,30.1209392800062
448.6,-2.82812272336579,-2.16676042743631,35.8244541362053
448.7,0.237750644100056,-0.207282038023895,35.4709631829947
448.8,-1.39489432099968,-3.90119843038768,35.7223113146142
448.9,-5.54256003747298,-4.71678767917896,38.4545603202405
449,-1.51864298042881,-0.612448397284114,37.4689876262893
449.1,-1.81003332756949,0.511326100244393,42.4757265414054
449.2,-2.3555041459298,-3.33738139051764,41.4370442665392
449.3,-3.658233086557,-0.88824091958409,41.1677406399957
449.4,-2.43208516042301,0.320581493907708,43.3361220005475
449.5,-3.2625969467151,-1.56998993999455,45.7706031101225
449.6,-1.58355755937046,-2.24959501705663,45.5834477726482
449.7,-7.48046500415062,1.72301004391707,48.688944188658
449.8,0.514011561705586,-2.43944374940541,46.4481006803658
449.9,-2.71697014999251,-0.769621470096969,49.409817056139
450,-2.70216043834747,-1.57096288882628,49.4904286737545
450.1,-2.33891491640374,-4.18158209127026,48.3191799304618
450.2,-3.49526457246172,-3.7246983616892,50.4862526923785
450.3,-4.90281436169058,0.496716439912124,53.7972008076731
450.4,-2.95780546747868,-1.65191390473897,54.9842544941336
450.5,-3.87040819733559,-5.89735963384197,57.7773047593041
450.6,-2.42843451323325,-4.66884030926187,61.8462602232336
450.7,-4.86090158384543,-3.48785804417403,55.9508676827435
450.8,-1.00300798325242,1.55583431081795,57.5345796781952
450.9,-4.39118853595401,-3.17687268024973,59.4172451282675
451,-2.58211423280398,-1.0460029932049,61.6276896094652
451.1,-1.82378712398885,-5.50256896195393,61.5827872134251
451.2,-3.95759498727123,-0.887412479578891,60.8054975908955
451.3,-3.02411718553987,-2.98959752545323,66.4035526480959
451.4,-5.77128912878061,-1.56186471471879,67.9254713363053
451.5,-1.95959077015749,-6.60553866972957,68.9104076069757
451.6,-6.8819950000799,-4.0314953061058,66.919444352525
451.7,-5.7009858759881,-3.42850431647942,74.959567637146
451.8,-6.95547873571408,-1.29930513581175,68.7984124604967
451.9,-0.776347238164812,-2.22888344610968,73.3748969135288
452,-7.41391465791649,-3.39843730184582,72.7418817888351
452.1,-5.20783554049506,0.26444650303305,74.598389872839
452.2,-4.09522881721112,-5.34199024962198,77.2256866156146
452.3,-7.23144470096314,-4.53583439644009,76.1321007669231
452.4,-2.27472477867223,-2.77814735363246,79.0104825453082
452.5,-1.06367037480074,-1.70775762249051,81.0474217828686
452.6,-4.84638887671184,-2.93724483168205,80.8139942091138
452.7,-5.81613691385416,-3.78980679191303,81.5287704983199
452.8,-4.49616816760417,-4.58333152971718,87.0106014208262
452.9,-3.8455777162979,-0.842331497286283,80.8784509430781
453,0.516431945208796,-1.80548241785436,83.8456051805954
453.1,-4.47967144252692,-3.17998218372583,88.8182365567307
453.2,-5.5071438118949,-1.26952017620421,89.9193842137172
453.3,-3.4770995366462,-0.765820772199158,86.2352539313086
453.4,-5.08690559473897,0.530716781500263,90.2695643128729
453.5,-5.26076354357426,-0.300420181634073,88.8353171776395
453.6,-2.93059157720488,-7.78532014620504,92.5225711752671
453.7,-5.93358665234994,-6.89988703981327,94.4885630202113
453.8,-2.43785153325919,-2.45735307392133,95.0410438593948
453.9,-6.22407033217442,-3.31788065186932,98.2205260612988
454,-5.17392766274133,-4.65010480820563,97.755948250569
