Time_s,GPS_X,GPS_Y,GPS_Z
0.0,-0.916624370981809,-0.808549135228705,-3.76706565785818
0.1,-1.50518766373036,1.66430024007079,0.0288614943083787
0.2,-0.104580439125628,-1.09788673232018,4.51834139151755
0.3,2.41682645225225,-0.876838024826526,1.35087965097987
0.4,-1.19168403000722,-1.61844102726487,1.05261454265057
0.5,0.6279964075618709,-0.15664490493829675,6.40038348746994
0.6,-0.9410130083397582,-0.634183600390827,3.24048465381628
0.7,-2.431435951014035,4.291504055898442,7.54491373418952
0.8,-1.7561368856845148,2.2590801395088125,4.16479046767713
0.9,2.409774755456308,0.07568135798665532,8.49236081890142
1.0,4.70275933515077,-0.11259318090882653,10.1782374741111
1.1,4.126490184133377,-1.8832397111100154,7.28836796872688
1.2,1.335475564300091,5.062319321554925,11.0339392056118
1.3,0.3946190492570901,2.184367761162132,10.2840714260201
1.4,-0.5703007186263946,-0.45402269564229236,11.7351815845007
1.5,-1.0888415827515197,5.8998251354842175,14.177880952334
1.6,2.66944761496827,0.4447242187057685,14.314616001834
1.7,-0.3446227844599865,1.0692353278960676,12.9514167200205
1.8,0.16649715652594343,-1.8379843735793724,15.9518755932292
1.9,2.534036760113739,-2.5282206450525533,16.3757059617434
2.0,1.428907165699306,-3.4550203764435135,17.7929157131679
2.1,-3.11826063273638,0.9592781266396805,18.3458708315966
2.2,0.2472341223116099,3.1265764918151664,19.9594627622872
2.3,-0.8882266025930201,4.573633834509106,16.6865500162885
2.4,0.8589455232896617,0.5318274420339619,19.8341205252104
2.5,-1.963920569625218,-2.501118500030827,24.1228926740499
2.6,-1.6809471209177178,-4.281279050188747,21.9423708595312
2.7,1.439841006021727,-2.192006224958499,22.1115530345912
2.8,-3.1713387856182935,-0.7182518039370576,24.506305881181
2.9,-4.146812087184373,-5.210323997002886,25.4030530757665
3.0,-4.331028950392675,-1.1104190506637739,25.859228538494
3.1,-2.9611630593426743,-0.18395635114024378,26.5823312188005
3.2,-1.5853684847889058,4.640912370901193,26.2193789210237
3.3,1.072128293685457,0.9875940947621822,25.3263286030763
3.4,-2.0189140411412207,0.5756328992460751,28.4368969616567
3.5,-0.4576020292101315,5.588730324853239,29.5520769140021
3.6,1.3981586418191174,2.0247305268898392,31.2515774088028
3.7,-7.050678942118875,0.8133614083758314,36.3326635279568
3.8,1.5624075270211113,-0.6151313229719465,35.2445261961619
3.9,1.4829314241240121,-2.205938715319253,35.1902256828538
4.0,-8.638243504357497,-1.7866224113006701,34.5661544172588
4.1,-4.774581419732181,-2.946463368076128,35.2590915926441
4.2,2.060267400714573,-2.956798004114645,38.2588482716449
4.3,0.27386180332141274,-2.039709313248012,41.0895723460217
4.4,-2.977032608219927,-1.2490473423526982,36.2655929676177
4.5,-2.489636445218482,-4.685767210740284,41.9879164141289
4.6,-1.5935782564346224,-0.8008301252921062,39.5225968341144
4.7,-8.480157158787275,0.8517997272096649,41.9850468278984
4.8,-3.5362497171709775,-0.6195414509839976,40.2501763441723
4.9,0.05340294264785994,2.571833143335228,46.588787867901
5.0,5.884366519045411,-2.950790644638124,47.4635646181854
5.1,0.42475893276797017,-2.0097291735657796,48.9990019446565
5.2,-1.0691565453829526,-2.9041287662547055,47.6808684946952
5.3,2.4855716055230657,-3.8602561079318787,51.6840813046308
5.4,-0.805374290282134,0.23936407959786088,47.5791109292133
5.5,-3.3933137724553037,5.591200995392802,49.7482908181903
5.6,-7.156209047308869,0.925655322295398,51.7739236103065
5.7,-7.116678495571321,-1.68969852643411,53.2565448722036
5.8,-8.655255889641651,0.565299779333633,54.4927607888886
5.9,-4.687328436646843,-5.552781497409089,56.2204803641962
6.0,-0.11814732177104914,-6.27991133826805,57.5107131888266
6.1,-0.5064684090359051,-0.5934701808310248,57.1307865330149
6.2,-2.7972099171244054,0.6671690352278254,58.2834091415761
6.3,-2.593262029237509,-0.6884924605957015,62.7462604286304
6.4,-0.07068886983873912,1.3968485707060294,58.2832647221391
6.5,-9.644681201368964,2.4876189311115557,60.6020689243959
6.6,-2.3404084136723458,5.373041909368851,62.4039143474898
6.7,-9.44866423842227,-0.612658160010493,62.7122652518938
6.8,-6.963592630488359,-3.776713873385288,66.5580973856917
6.9,-6.7034433297018,1.97329710097626,63.7213050450663
7.0,-9.266259124451443,-3.2475233702645188,64.5822441572133
7.1,-6.439716172457043,3.224623787116409,64.5348861196465
7.2,-2.379859210702943,2.9681842509602596,69.6477670796833
7.3,-4.648217952663234,-0.9700932965930682,68.6290366393334
7.4,-2.3059488814744906,0.6660583445703061,68.9869821819651
7.5,-5.712167392053114,-1.1921740121723774,72.2275259108308
7.6,-4.932374883960657,-0.031072986738857944,70.2789593058623
7.7,-3.0502914614958017,0.34459050481095477,68.7932639005039
7.8,-4.33828313323304,-2.8166073246063243,72.3580537900526
7.9,-6.630665204770904,2.7658558051416056,72.3873874253241
8.0,-5.453834456917011,5.239455941619855,70.6845103264734
8.1,-0.13374227239360836,-3.5379639476418263,74.5047063609303
8.2,-2.5562471532347457,-1.8123726715893556,74.3471201967345
8.3,-6.759886643023062,0.44535425602678336,73.9181010961288
8.4,-0.597047986002524,-0.02943529464024708,75.7488753479525
8.5,-3.637647856835823,2.9579646863362665,77.0887989420324
8.6,-7.3962759297374765,-1.9534432111458506,79.6528829880555
8.7,-9.075600964127798,1.4141128500106597,79.0152316827303
8.8,-0.42633852890931506,-2.449298641930479,80.4469117765957
8.9,-2.0889280150542313,-0.23794579405514904,78.3599797932325
9.0,-1.3539430689505039,1.9158382878933147,78.6545185160873
9.1,-6.350645741502474,1.8176180533493147,80.4668086518736
9.2,-3.9391140538466036,2.0292754223049547,84.7320021697819
9.3,-8.144629835124437,0.15654900747496514,78.9050411768465
9.4,-7.666846870234736,0.3752439768675053,79.9285489573841
9.5,-4.353199275395289,1.701729936319334,81.8412089072838
9.6,-5.656978063218129,1.374838199992424,81.6801606408292
9.7,-5.5925487236884255,1.0884944040348545,82.2468859808087
9.8,-4.277595032190355,-3.023339917851356,84.3521659502407
9.9,-5.1121242463743855,-3.925115864123706,84.8556581055695
10.0,-3.9696286910681273,2.1731686571117876,83.6896897505413
10.1,-5.018365973935329,1.063574281479302,84.776288098197
10.2,-4.6094633854272455,0.8384179703425731,82.4912938884639
10.3,0.527251890859659,3.820604974382169,85.8814700034045
10.4,-5.839512677543276,2.919948806769747,85.2249839751534
10.5,-1.6525928173131668,-3.68546528957967,84.8647235376138
10.6,-4.036452563188152,-1.5847090958583563,89.8918008543411
10.7,-0.6899593307633105,-4.696273085989777,90.0135653161499
10.8,-6.010450478819864,-1.2086528305586293,85.281810654384
10.9,2.4077574380147135,1.107298804952031,84.8048050780679
11.0,-4.032475293425858,3.8176368068054733,84.9046576232792
11.1,-5.809483951576629,1.336057671498855,86.4342891880835
11.2,-2.4993826635999197,1.2670570117284248,85.1331600734892
11.3,-2.293410226272088,4.393225296109328,90.0050043884431
11.4,2.465832838328417,-3.5111114926691607,93.003340190893
11.5,1.602715832684214,-1.183634642928821,88.9821308431214
11.6,-1.0581678841851532,-5.012475716786426,87.9006947736111
11.7,3.7684297298627376,0.7390692234962941,91.8168876016519
11.8,0.2193300886494174,-4.404416553065206,89.4694483875764
11.9,-0.007169689984313221,0.8756099334270611,87.1140688376255
12.0,1.0475019224009374,-4.906635375231431,88.5384533655712
12.1,3.1713805458337094,-3.688429079857262,89.506203064295
12.2,1.8546073466114934,-3.0878207661194668,90.1907785222027
12.3,2.8184507702728916,-0.35060113654943637,90.1318899240472
12.4,2.8634354550394914,1.5957608488703738,92.4320018489625
12.5,5.649937823269844,0.39936026203211883,89.2624146420378
12.6,4.448459257054144,3.0394175617002572,90.3236531476134
12.7,0.9079427208117777,-2.188233545119991,91.4663693524417
12.8,3.152055029151719,-2.075703663311529,90.0479696863252
12.9,3.1839666848088894,0.9609975802729513,85.4035184302572
13.0,11.211330919178796,2.969181151062401,86.3247899704286
13.1,3.0771085141465315,2.624405757977944,92.4676248515966
13.2,2.2745805946683113,2.7060452928179237,92.4651355217926
13.3,7.8134377116818055,-0.3735810344521733,90.1592034753722
13.4,4.764655559355155,0.858874680015687,88.159515176039
13.5,7.067282029832905,-1.3529537756262533,85.476491289176
13.6,8.996016737270576,-0.44725777987015025,89.0928323271804
13.7,11.890302274333706,2.4329131184174098,87.1356625084191
13.8,5.982796095295911,-0.3610831809477677,90.614169838271
13.9,8.138740021399101,0.6243974546927324,87.3466404479861
14.0,9.974906904106302,-0.24589115463968714,89.9399708372267
14.1,11.743505429246843,-2.913999084267914,90.3741098245183
14.2,8.438914312165744,-1.8562084628079436,88.932871802767
14.3,12.863999423191913,1.99686323195262,88.2644745986258
14.4,10.415360046655014,0.9534929329736204,88.4766495958672
14.5,17.336553671678516,1.7137572658373301,88.7650290747755
14.6,16.575230319729847,-0.2268891604722647,89.8738841413452
14.7,12.69814297840875,2.4429004596692154,89.7245788407808
14.8,18.197009437691527,-0.3865046246231558,87.6839881270066
14.9,17.213857191040827,-0.41114151908837604,90.6532046862116
15.0,17.862711930159122,-0.9147156414854241,88.1594172012701
15.1,21.161142423797,1.439104692926334,87.9178965455782
15.2,21.0508714879261,-2.446776715437796,86.5172549826576
15.3,19.887512582465696,3.9334175947776044,86.7736199624066
15.4,18.938145657135994,1.7478269264119102,89.0374665879001
15.5,21.22782526155439,-0.6426108097437582,91.0748686451125
15.6,23.93640427710929,-0.40772058364575825,91.7916173224501
15.7,28.08218128653239,-0.2458155865714482,89.2866780306179
15.8,24.204843524350867,1.0308243760936215,92.3040789482427
15.9,29.53100783685767,1.6214357365255712,89.9076397260149
16.0,21.839865176652662,-1.6146926582076886,93.1751540077638
16.1,22.35371338416166,0.9259017522705211,90.0879190630889
16.2,27.566172985412187,3.305590528206637,92.6688075151692
16.3,27.80118224490576,-1.355620271207406,91.771129053649
16.4,27.05565912089777,0.8964654666574123,92.2354547810068
16.5,28.763570431540106,-2.619224580631715,90.925108307586
16.6,31.239118009965807,0.04013478327313447,90.5585120183253
16.7,33.75964198934588,-3.7244363919264183,89.7084831527948
16.8,36.56774630408768,-3.528729930305918,90.5886224610614
16.9,29.811648069550134,-0.7809703700326827,96.786137643462
17.0,31.748566777999734,2.971663017326967,86.1483144680894
17.1,34.003074484894924,-0.6570969199218633,88.7742958329973
17.2,37.39043897646494,0.612955025586182,91.6170279227112
17.3,37.34962812670364,1.4201194134215518,91.5258413420245
17.4,37.52553154318113,-2.3712073375007092,89.5831575266396
17.5,39.69766453907054,-3.0352148235954193,93.1151687933074
17.6,34.819358773683724,-1.5995045512843609,91.7107546466236
17.7,35.69944005663882,-2.3903471346423713,91.7935207500037
17.8,35.72705947127075,1.1223601987598508,92.7846175176199
17.9,40.591337754133185,3.9389206686886324,88.3802410134104
18.0,44.46569513239128,-1.162084812656408,90.606216415295
18.1,42.13343124134456,-0.8455751203703699,88.8907915649203
18.2,42.02767923766096,2.0467195474194404,89.797849915044
18.3,48.053500380459404,-3.907134144768502,90.6441187032163
18.4,45.86135654873841,3.9773232520820945,88.4265408542769
18.5,44.63324535006711,-2.3753283343046716,88.8253714565218
18.6,47.67150006607512,-2.130710418820727,90.686769191963
18.7,49.81451143197122,-1.6203622067962264,89.5815717086765
18.8,45.34647444780602,-1.6537042653823333,86.73949310553
18.9,46.082138816403614,0.9975466083531366,90.3927289267878
19.0,45.440514674284614,-1.4430053884164433,88.8732707738594
19.1,51.108166564388625,4.179968439078687,86.8230963993092
19.2,47.965327414854826,0.5015583589053971,89.6852790334775
19.3,49.68660452465672,0.8104655881409846,93.7638554733604
19.4,52.75470174086972,-1.8205909184678557,91.1084435504385
19.5,50.566931364376124,-0.45831752736501574,86.5421543573111
19.6,54.711409364149375,-1.255146983723761,87.6671738753118
19.7,53.05974151562597,-2.885378767049901,89.5066817292043
19.8,60.9683470166772,-0.6406564289473984,88.2254265390332
19.9,50.771394844058705,1.5596757970114554,91.946946770442
20.0,51.10199973713001,0.5966929557168656,90.7631642060561
20.1,47.867675961440085,-0.03171876427493814,93.5505919298398
20.2,53.635923793765784,-1.5091704397118777,90.4877504469055
20.3,49.14560641544468,0.9081494600190423,91.8315628828814
20.4,55.5647124285862,0.5443297899156079,90.1309781557281
20.5,57.85825448717941,-1.715042262429657,88.7014735685024
20.6,53.29229955259711,-0.843814468685467,89.1437462750894
20.7,55.3841901089222,-4.378438012509034,91.4597836039788
20.8,56.69518917638899,-1.2583782214864785,87.6361540628638
20.9,56.04402195035719,-4.553094048328118,92.0930175098105
21.0,56.765770690376556,-2.0672817167603865,92.3392501135291
21.1,58.41740271007837,-1.845270748681977,92.2197266761552
21.2,57.807841206409975,-1.228719204257727,92.2458107518955
21.3,59.9959089239261,1.3694968558793246,93.3430790224598
21.4,57.07621353538386,-3.5685565867375395,92.0510656833388
21.5,58.67294176138596,1.92833224382218,93.751670871733
21.6,59.07269413614731,-0.7122451256116697,95.5696682428217
21.7,54.739548452228014,1.1617669201044571,95.0401076982433
21.8,58.79915020997392,-2.4559205173991825,98.1126741623813
21.9,53.24446645934678,-1.3607700676159604,99.1142939659155
22.0,52.26373494084838,0.7500031951095694,96.3028654544655
22.1,55.05185577734468,-2.0564545725388905,96.8062160379096
22.2,54.982263842434406,-1.5195690830397925,99.4803351878868
22.3,59.826509870479605,-2.5081970974987726,94.0417437902133
22.4,59.50910603157692,-2.358605899201531,100.326483986573
22.5,58.73088523767525,0.7428135729161864,97.7193445606422
22.6,60.79004490347735,-0.7413274608990239,101.180089473927
22.7,61.71582430015321,0.03688972889739439,102.309688348457
22.8,59.20080251260394,-3.4651417189261338,102.568394795721
22.9,59.31190624504084,-0.3657899122221737,101.166495357503
23.0,58.86031940263061,2.3070773613363897,103.499078453898
23.1,58.010201563470815,0.03244088741729989,99.5913620526011
23.2,57.79964921609921,0.39693186781307954,107.195367298141
23.3,57.982782020035515,-2.2705648279686246,101.483671649039
23.4,56.99353619191361,-5.6701148251834335,105.933721248342
23.5,60.87499282013895,-7.750713026780231,104.131910107909
23.6,62.51580235244043,1.577479980375764,103.273505133504
23.7,58.903026794039235,-1.7882721028530568,108.569905311736
23.8,64.93748596959294,3.137666605333033,107.328161155472
23.9,60.12829518175104,3.7366203057231333,106.399635114792
24.0,64.21464874735746,1.9615005288452636,106.81906939144
24.1,61.57004251293259,1.0274239296484664,109.237130130809
24.2,66.2279833427785,1.343346458920256,114.705399008601
24.3,60.45988153269011,-3.020675691065603,111.382242289155
24.4,61.53245721245151,-0.7354491569621335,113.621226376093
24.5,61.09073792075223,0.16305647387802136,111.96539861339
24.6,58.55123313087674,-10.125893647681664,111.101287344342
24.7,61.922750447525736,-6.701060877686474,114.720330324417
24.8,59.94333641661494,0.3877570698288073,118.497764926876
24.9,64.23380126303944,-2.654724170531593,114.43352953832
25.0,65.67744144763753,-3.958676689212922,116.247437539744
25.1,60.97182641539105,2.146913693629487,119.109075317208
25.2,64.58998289834696,1.6452008638240763,121.212404337143
25.3,62.6515614040042,5.576573844337333,121.700674660184
25.4,62.79781114843207,-3.7842572564606827,117.017419403281
25.5,60.51212371852866,-1.9308736040159125,122.52891890062
25.6,63.865066274243325,-7.254854136775824,122.158785481803
25.7,63.11580899430792,-5.289417381845954,123.587990963191
25.8,63.841338860345026,-6.028796766388574,123.894178068998
25.9,68.06869500363054,2.133215919981832,122.267452429644
26.0,65.47040588527993,-0.35851991410427786,126.984168457226
26.1,65.03658120003509,-0.01601697284751946,125.618725612822
26.2,70.2786694137878,-1.6361654413868543,126.484321531759
26.3,63.88283726067971,1.7488661646888062,129.578806721124
26.4,68.60388244275656,-4.790991027372784,129.398027919674
26.5,67.03332080785636,0.9435182566260867,126.843726777274
26.6,63.203415857181156,-0.838683219210913,131.023720707426
26.7,66.13377861192413,-2.0502819986119336,128.986152295112
26.8,71.90487793013253,-4.695688702808124,131.130706587152
26.9,65.84893868089561,-6.361557696335919,131.429825066345
27.0,68.34106613763805,1.416896079289324,134.826871057837
27.1,69.51888767485735,-3.4009949305529954,135.181283661688
27.2,71.21979740581277,3.5349270272128246,138.492295357123
27.3,68.7790343682782,1.336043588239339,136.255969226784
27.4,69.0982343586324,1.4777631363795996,138.577927063424
27.5,69.46489347505398,-0.9401446993917562,137.453049440881
27.6,72.61883481475661,-2.3742182503800047,140.893715464482
27.7,72.13990745298221,-1.3914781608445734,140.735836680866
27.8,65.92620126017033,-1.2692689746612054,140.883227613296
27.9,65.54498990143873,0.7553435062283747,139.764950349892
28.0,69.74918034194482,-1.8686751494467746,144.500520972188
28.1,68.82237331044365,-2.7462034289899098,141.86124797452
28.2,68.54608232410705,-3.0354806278595206,142.593675936311
28.3,67.26278187078326,-2.8480302933180264,143.297144761282
28.4,70.54237206423359,2.8562515496519643,144.646670174593
28.5,69.01017404843779,-0.6105024665218455,142.608092194457
28.6,68.37171735276786,0.6746388026348882,148.36081929219
28.7,70.88036393146739,-0.5883993533195859,144.597936126744
28.8,68.49733112199029,-0.2571512598259158,147.279053169269
28.9,68.51000323496676,-1.6798710934414958,151.402979871557
29.0,71.57241803574335,1.7776054723212438,153.501769534176
29.1,71.58101384352126,-0.9729311940234853,150.435514630869
29.2,71.51087217491236,1.7295686097983882,151.407819894701
29.3,71.53258647931786,-1.1284884005645326,152.885783907403
29.4,72.08073674592744,-0.7398847307948397,152.375073165522
29.5,69.18992652908028,0.993645732648841,156.172311110202
29.6,70.54178569596908,2.934955160012211,156.826522870251
29.7,72.204927922972,1.441337344100634,157.346398397774
29.8,69.16493481875676,1.058002859566603,155.907045533132
29.9,69.71636909171716,-1.907520407078807,156.427017645545
30.0,65.18878280791871,-4.388403757569424,156.251898721083
30.1,72.02377944705536,-0.11096427522270158,158.34566685967
30.2,70.28785221131996,-2.9157050466663312,158.49783196725
30.3,75.30187395830364,2.277643704863003,160.926326977563
30.4,74.7559967622114,-3.7437769354972215,162.500415668361
30.5,68.11825134769329,-0.40245303308656055,165.204271453345
30.6,75.16859193382848,-3.26119797800581,161.799541837759
30.7,73.43605625366908,-2.9058647663199393,163.737315967172
30.8,70.3954384879667,1.4027380962788003,163.822393472171
30.9,68.14250292081347,0.3954035962395688,170.095686374415
31.0,68.47807229428658,-0.7985406426027009,168.031638641292
31.1,74.3704846409505,1.326886381335986,166.81585381376
31.2,72.3417753996838,-0.2379134416394839,169.868933398942
31.3,73.0687339896572,-0.5378545069555312,168.56577329518
31.4,71.75302064782055,-0.10650408541831613,168.347409653223
31.5,67.79937950725946,-2.030873050427857,171.486814378196
31.6,75.6828450548402,-1.0134829370097371,169.727806774299
31.7,70.42022625182672,-2.4691124853822854,172.063143906731
31.8,71.59099380628491,-4.8983125145985555,169.82369997719
31.9,71.28267780770234,-0.5630136380206867,173.830519551082
32.0,70.99974017695715,-0.25464289609727686,171.377278255166
32.1,67.47008054307115,2.880407231095864,174.201674782982
32.2,71.57949170409677,-0.32423225415416645,180.683340792953
32.3,71.49307904571037,2.4413333236406425,178.635106560028
32.4,74.93577904488228,-0.9216987539754946,174.917218854511
32.5,71.49631741701555,-3.1089527790034257,175.937703154165
32.6,68.90858004182954,-4.033320289033597,179.29283360764
32.7,70.75667260919599,-3.091282676879585,181.600512200348
32.8,68.91354531268937,-3.4726481815175623,178.928218118434
32.9,69.35762651750017,1.3672331071472374,186.233031378446
33.0,67.45972999270356,1.1236871034370361,185.866768057713
33.1,74.74287166036663,-0.5258924802649929,183.522343239933
33.2,73.30316017748804,3.5215878903773365,187.590674139454
33.3,72.00148474556408,-2.287037673168059,186.752817630771
33.4,69.74096983850889,-0.5264715309465382,186.023750782999
33.5,72.48525093834492,-3.8277048609789457,185.588733034652
33.6,73.31393291655148,-4.348210785686557,189.767417778986
33.7,69.73179331569517,-4.841921500385715,185.967573524866
33.8,73.97957991102808,-4.36145478068281,186.628116143353
33.9,73.67754107027747,-2.17216889559809,189.860368087989
34.0,70.36138523694909,-0.6763824404080037,192.45079801899
34.1,71.78029004730008,0.32601681504347724,192.619818942332
34.2,67.96533232516529,-0.1589735058034929,194.844581409387
34.3,73.07207539342515,3.17275242961123,192.470691119275
34.4,77.82489960680955,-0.5693494781472204,193.821056622897
34.5,70.59281283064426,0.2866646328274367,193.304293683626
34.6,70.30817006886106,5.024694657905386,195.52606060701
34.7,71.12909471403457,1.0576144401388365,194.162031350318
34.8,70.47125021378162,0.9753319421695537,200.035633390711
34.9,66.39676970068872,3.574669995706734,198.776432257388
35.0,72.84540307311778,-2.0132734411331716,199.49926722099
35.1,70.87736615544527,1.6384020120444776,199.580100802973
35.2,69.25025090432827,-1.8385921859498326,201.217412722222
35.3,72.78846934918057,0.11656985184636603,201.103801676269
35.4,73.29021360109418,-4.481963134633045,198.724370222378
35.5,72.3690793075545,0.0009832035672676653,201.655374035366
35.6,68.46063494118104,1.5327752135104928,202.186929623143
35.7,72.13140748917334,-1.451998336914837,204.211531464019
35.8,67.5546185407122,-1.8808544288135707,205.473114729266
35.9,72.17708584691489,0.7327920388182498,207.5315223884
36.0,69.3212536192184,0.6544448169877093,205.746340368681
36.1,67.10432096320243,-2.8868835294452655,208.279012657195
36.2,66.15100216350602,-2.4718845399467657,208.901369037463
36.3,72.26489792498839,3.2794565620666605,211.247462744357
36.4,68.79365063355458,2.2134394739981005,207.063644301124
36.5,71.66204956295529,1.167356334666831,206.957719414311
36.6,65.8333478215511,2.09468521318529,208.738504237584
36.7,69.3838367183681,2.64141525855126,208.751212556902
36.8,73.6113591629475,-0.2174450102059975,215.090460176655
36.9,69.2044849123497,1.3211218256505433,212.919085107829
37.0,72.1960223340184,-0.09642358572835619,214.224051929081
37.1,74.06430646815689,-5.479864372946256,212.557352725563
37.2,70.0895589391639,-2.1206954536302565,214.647347383992
37.3,72.95904692603288,0.8928398446038432,214.131985675616
37.4,66.19605281889238,-1.5106345806852381,218.03470228751
37.5,67.97676097810779,-2.4826187624480376,213.874574589122
37.6,74.29505862884753,4.07614542505174,216.12076205216
37.7,71.90229477707892,2.951335294029139,215.362040261394
37.8,69.70585810055461,-0.858414340617287,219.640858128127
37.9,68.39400746322231,-1.9969449753707877,219.353938735677
38.0,72.73618389600851,3.7253044852833934,219.399935308604
38.1,68.18956603569242,-1.3957739567838576,218.984860824532
38.2,70.49268895617632,-3.152742431776238,220.700781515654
38.3,66.74253500064785,-4.3260006201503245,222.474637141939
38.4,66.43844258284375,0.08215826142969451,224.997561468741
38.5,65.83588686455946,1.5653711644280248,221.26372493781
38.6,71.78919119853853,-2.3504409201925416,225.435568761522
38.7,69.51502792219884,-0.8752950681127416,225.576637054315
38.8,72.20176374663627,-2.051478918308269,225.59191692073
38.9,71.1620929740349,-7.049239043066615,221.404228106807
39.0,71.80812079776001,-1.3882437503362954,227.526560293341
39.1,69.46894465976655,-0.7853700932062893,227.258476958314
39.2,70.61707610416975,-1.87145884129618,225.323765779902
39.3,68.72433592159585,2.682085230031631,230.033371935463
39.4,67.48861940297914,-1.3110792418071737,224.756949545824
39.5,71.43397058538385,1.0639667445933458,230.166647702614
39.6,67.38898617918893,-0.15531194380429536,227.541287043446
39.7,68.96710381242224,-3.49222675170164,231.453068364557
39.8,72.32015360817053,-6.254933300880129,232.363548015731
39.9,72.16724989746254,1.9498600532211512,230.323162475949
40.0,74.37891732580654,0.03576135762706123,233.725783959934
40.1,66.24523514183221,0.012038724988485683,234.247315135828
40.2,70.91162171039755,5.482171621724086,233.472177726706
40.3,65.04812535100561,1.1779094653389155,236.202651122556
40.4,66.84703713733629,-3.082211563213683,234.082754546282
40.5,66.48137845044951,3.976252413295085,236.856759016278
40.6,66.7788925826665,-0.3672318925604223,235.943014816094
40.7,70.90338285164567,-0.13045755600993658,237.545825058369
40.8,71.87477395989215,-0.4514443153118659,236.932504021008
40.9,69.19600060834296,2.718021118088835,239.271280667958
41.0,68.76277451796372,-4.9392213624477,238.544126853794
41.1,72.03354260442923,0.01962348927360047,239.784154450488
41.2,68.74714480876969,1.7917366470507954,241.035389921764
41.3,62.884078104059185,-0.21776607734546438,240.502283661208
41.4,68.15581946186643,-1.4008052384497116,243.927466966154
41.5,68.31256800448614,2.8764824406005083,241.957549962107
41.6,66.68283398597524,-1.6586796882278545,235.981741768067
41.7,72.73084156724873,-0.3533116025995948,244.170741772283
41.8,70.48902531858704,0.6355766789255046,241.951952770294
41.9,67.09717974277213,-1.6943213854042867,240.542473178563
42.0,69.11551257060702,1.4130486665583533,241.021545530355
42.1,67.46004125384792,-1.3904396798388508,240.137445680452
42.2,67.61666858344445,3.4715249531674433,242.334620162397
42.3,68.12496099918864,-0.1730512723865676,241.833062203507
42.4,66.08859215866983,1.2639054420320281,243.086395956777
42.5,64.53503445988797,-0.2793787285733078,243.424014904787
42.6,64.68840886982207,-0.013301991355707088,241.544298901094
42.7,61.15290740230611,2.758716202769575,242.948484900006
42.8,65.34783087098856,-2.543004722028673,245.485080822355
42.9,65.68200915550236,3.543826930182667,245.369395404747
43.0,67.45917799926774,-3.6109707735636576,245.491810812411
43.1,64.98580341485534,-0.45755919043773474,244.864390331169
43.2,64.75683979415204,2.7910538701729166,245.092850899295
43.3,62.103082332260044,5.179086589409172,245.960603767029
43.4,59.84444837496626,4.092391895508408,241.485441103426
43.5,58.576346770630565,1.6061504854605086,245.65380497018
43.6,61.74738333266687,-2.079732170025892,246.412868437125
43.7,61.16943611198857,-4.135451043216193,248.675594184073
43.8,61.91695997280064,1.0957159393380884,242.925682638143
43.9,57.96044764102009,4.756228737226381,246.303496342275
44.0,58.01873537047259,4.192908036381132,246.75708980638
44.1,57.70430255010275,5.528814914436492,244.659263284218
44.2,62.33864245683375,6.506350716156772,243.60005641818
44.3,59.651582577306414,0.8945505395550111,241.622824820089
44.4,59.24271274936481,2.4152427678497093,245.053292589632
44.5,56.23119516565651,1.797953400378379,243.735569953728
44.6,56.19817679679281,-0.8443029233408659,246.511679036588
44.7,52.46631063319461,-4.884956036884764,245.752326707855
44.8,52.529133763207206,-1.0957662239956658,242.348097111363
44.9,49.95552614982896,-3.789856927479436,245.423044464754
45.0,54.13755471111816,-0.5688327166266358,243.864164702613
45.1,52.28354294728379,2.8105734302184313,242.852602738326
45.2,53.406011524503356,0.42961367479149715,242.155490105818
45.3,50.395948618374256,3.618895963895307,244.374461898484
45.4,46.40760574191903,-7.002958407230857,243.578056848999
45.5,50.05227066390963,0.9522017080261733,243.501984929866
45.6,48.02380968947143,-3.7329182610319567,245.825123762817
45.7,47.36319335486659,5.515867636985979,240.794504748569
45.8,47.74598900059659,1.2578454616648784,241.42236637186
45.9,50.241503145029064,4.074247064852672,242.171851894175
46.0,43.33535655661768,5.5394480024722785,245.053710039181
46.1,44.17304168720658,0.39936956484653763,244.280128197384
46.2,42.907603112087926,-1.8785828546183794,242.069124828143
46.3,35.403543598255375,4.268944164851046,242.477664359541
46.4,37.97041584205157,7.664208822011266,246.713715077725
46.5,37.928314169238725,6.163760369248693,243.849423719581
46.6,38.467701904578604,2.9870869022596294,244.782809475375
46.7,34.553052034017504,2.928105906879349,239.606311754188
46.8,36.52429400047015,-0.6067220703201937,243.186166662418
46.9,36.53484988446095,-0.2964249585531942,243.272670240294
47.0,35.76544921061075,0.4726816808670051,242.29566049619
47.1,37.86884791412875,5.564486122285295,244.335088107053
47.2,30.495782801077652,-2.600556890542874,245.531880618927
47.3,29.042991845430056,1.9583595309840272,243.281478820539
47.4,33.26188556076927,1.7956324323199793,242.184302619269
47.5,32.379917663224475,-0.9558995935233714,242.242124482464
47.6,33.646314952182635,1.368635606478823,245.159668089941
47.7,29.066978906818004,1.3370889158610444,241.200957291776
47.8,28.548479952044005,-0.6042813487252552,243.124332842538
47.9,29.152498517369978,1.923840299841567,244.358511736258
48.0,31.425668357973077,-0.4906633350115239,242.957153695369
48.1,29.22948012646138,0.43408787484435685,240.367293020801
48.2,27.577968546530624,3.9009562483616973,243.817945168454
48.3,28.567475583569724,4.506339943331647,242.895742056373
48.4,26.032320546489704,1.1917327863648346,242.205642732846
48.5,21.158430890543155,-0.29071682409739275,246.315927885669
48.6,17.584491926251854,2.4107510410007578,240.017450397496
48.7,17.80042883863514,1.8546937282029567,241.006307953916
48.8,17.89437576616786,4.9278032505828815,239.39035368126
48.9,20.05012699199036,5.456161192260462,244.895238528655
49.0,16.514187472455138,1.4662601673330826,242.261120678459
49.1,10.986803798625138,-0.7758600444917079,242.953205326598
49.2,14.351961157859737,1.4679348721193612,242.830202927794
49.3,14.203189619015587,1.475785756871943,245.464530146096
49.4,15.279339726501687,1.4963341798521936,243.132570562068
49.5,15.97743776676821,1.7933947493626796,240.530057906589
49.6,15.02071963041821,0.5280271198568194,236.490405591958
49.7,14.76150131972411,8.2477491171736,242.698058608293
49.8,13.391569025685342,-0.8615768431872342,243.057884615348
49.9,6.391675889145704,-0.1016049593756545,242.286572375515
50.0,11.190924996697156,-3.957375293935755,243.008458434551
50.1,7.588717582685342,1.6492946484426447,243.36922098955
50.2,8.309001051951572,-0.855222414079865,242.402180975678
50.3,6.744679692173064,2.4445918064098686,242.440748194357
50.4,7.1715084724724765,4.964389471563503,242.652298329913
50.5,7.3564973391848865,-1.4642673697328377,243.86979952803
50.6,4.383061987554412,3.260179541818977,242.077308583639
50.7,4.219243268085242,2.061347543881837,242.828789918034
50.8,5.502873510004991,3.2368484901914876,242.59498673665
50.9,4.077221321137931,3.710557683373292,238.558467889
51.0,5.9318022903327305,3.1604028446147723,238.951226568169
51.1,4.735388520088561,3.8846327227804887,241.612718803228
51.2,4.104028364233139,0.1603130322487747,241.325756752251
51.3,3.49661136620708,-0.29508687344937456,241.41089992084
51.4,2.4725544934293655,4.3267948297285574,241.258785276557
51.5,3.3368866629207665,2.487240024760852,240.873009789825
51.6,1.3213009581812063,1.9916068566266825,243.373249115599
51.7,-3.6313008532356994,3.768795918291091,243.278231567787
51.8,2.7179308899067713,2.041713911933273,243.898205650877
51.9,-1.2137699917273888,-2.7831734457972264,241.968752637807
52.0,-1.010149898804523,-1.1870014863392626,241.696164752853
52.1,0.6521738361540381,-0.005949749877917299,241.111907735127
52.2,0.015365624413058221,-1.1995209052096873,242.028856074211
52.3,-1.4259737398967613,3.2042822694881234,242.920771282686
52.4,-2.6748573815954364,2.2588568045238553,238.897389206618
52.5,-2.442860004346846,2.3979426060799955,239.049177969438
52.6,-5.5484406504652215,-2.3708651446196036,242.163622741561
52.7,-2.9520587243798113,0.883202963478797,242.994696965451
52.8,-6.382807631024352,-2.6634695989157535,241.529942189383
52.9,-4.818574425444886,1.8555786440101363,241.138355925883
53.0,-1.5580446471895957,1.7229044431498064,241.966422817005
53.1,-1.8362916305325885,5.135198837145795,242.283596843823
53.2,-2.0837625934036725,2.425265730785828,241.032432814735
53.3,-5.9971920799599125,7.431903240069269,241.046471594844
53.4,-9.37346925538001,-0.1087278804524825,242.827068559931
53.5,-9.075865952720592,4.454938649384722,242.25635265098
53.6,-6.008529664394342,5.060364358304223,243.322050577636
53.7,-4.573484772887438,3.699872785336755,243.824153945838
53.8,-1.6038050743823669,4.7975350978229185,241.257195558735
53.9,-4.055939071976097,4.304814036467408,241.185643768781
54.0,-6.482537566334915,0.0378640416933802,239.74847299067
54.1,-6.815068409053804,4.29962706329794,243.094347631534
54.2,-4.341134600971815,8.66905139160764,244.541504824718
54.3,-3.207008074989341,3.7181657568373687,242.582964943725
54.4,-8.99140919447488,2.3268037826077705,243.828275476856
54.5,-6.46557912630495,5.411388706118631,240.684638776101
54.6,-5.204536649049977,3.36329623439922,241.280784332457
54.7,-10.505994260057669,7.391655305134946,238.524508278899
54.8,-10.728375440872579,2.995663447890376,243.369937009903
54.9,-11.306369774099414,0.2991999094311826,240.758636316653
55.0,-7.795501016642058,5.579056215242693,240.156455713935
55.1,-6.584091017370458,3.7334918474783123,240.903607389218
55.2,-3.618233536951051,1.4527783939230865,241.030748909481
55.3,-6.9913443502849795,7.297304010732649,240.059549887125
55.4,-4.527495408055708,5.933483707402929,244.715639792657
55.5,-3.6223692770370817,6.499170100163234,242.205748446718
55.6,-9.274829561783921,4.462284318258543,240.538680550076
55.7,-2.453305584527714,7.054082634513362,241.270370356543
55.8,-5.232804395658606,4.273195718310635,239.982764571255
55.9,-5.477767269315827,5.918612111480815,240.812093948069
56.0,-6.545766607976918,0.3984656799231612,238.344596951665
56.1,-3.516803987421078,6.698616063471011,243.457800413971
56.2,-5.809653636632549,0.03698979306779471,240.317440875842
56.3,-7.449960106369871,2.2628532547069486,242.334064478412
56.4,-7.596035745498791,0.5837811249994278,241.684916647843
56.5,-7.523591778618691,-1.872219830879379,245.756715308964
56.6,-6.547056723126129,10.825463562935441,241.509648328589
56.7,-7.1696617302956795,5.624487220217522,239.935775358086
56.8,-10.836182292871538,5.564081989631767,240.186328142807
56.9,-6.731990270253904,6.11525633075162,240.520106392488
57.0,-3.6749209529897446,5.35288965534259,242.193018772559
57.1,-6.163628444706705,5.176061196833046,240.097161685808
57.2,-3.7840553945208155,1.6484143936978413,241.097477396241
57.3,-6.289296525841846,1.926648066645381,241.967925109337
57.4,-7.7075276109321145,0.506790422357815,247.130085878962
57.5,-9.706360597529684,-0.38005207055360657,239.265084113745
57.6,-8.142553557145103,1.3375300858068773,243.529412395636
57.7,-11.690951725106109,4.4245580141891665,242.19615174471
57.8,-12.102094806864008,6.813649087336887,242.097721841669
57.9,-12.174777534086852,-1.0963554943143325,242.505816898937
58.0,-8.931846713138752,3.901614095878127,244.532749513328
58.1,-10.771816269364773,3.668696174514037,242.445410122211
58.2,-9.017682219987774,-0.8854078752042822,241.737568571155
58.3,-11.405706404097607,3.1640273273185135,243.255771124129
58.4,-10.547327236496299,3.3367883286879962,243.728262896305
58.5,-8.392895449526359,-1.4922008727613942,247.206957641588
58.6,-12.786295562981989,6.5973804883369604,246.611934016939
58.7,-16.542922792829188,3.98514853806366,242.086500959078
58.8,-17.117088335408322,6.3801640550721,246.931128013569
58.9,-18.056934414183722,5.2236144831482605,241.16628240761
59.0,-15.134889309986663,6.818549807794197,246.456631248789
59.1,-14.96141667085645,6.376385435005279,246.659600333784
59.2,-11.04948501246105,3.005027473889278,243.606031806716
59.3,-13.78440648118645,4.703390919481269,245.408858387364
59.4,-14.592581180467462,3.102537335108506,249.654077378086
59.5,-11.175202564103525,4.53592000504287,247.295098687454
59.6,-17.630647931611623,4.08843720510929,247.691326762163
59.7,-15.886074815930828,2.5084832396768304,247.151814009126
59.8,-11.787847973447217,3.731822612500716,247.284144903288
59.9,-11.868522845856434,2.013714066713293,251.764687883625
60.0,-10.091072419788935,3.978113247869583,252.086292652637
60.1,-15.9122710519396,0.989728719226644,249.975794698816
60.2,-15.6708387520562,4.045310985763404,250.951863813751
60.3,-14.749416762839346,1.1979869611247889,254.422368375789
60.4,-17.691497739105245,1.8660376911231094,254.254945021344
60.5,-13.601117454895205,4.285711219407809,253.051343430134
60.6,-15.614413106423262,2.948637243382331,255.382262956585
60.7,-11.937488336343343,1.914490106552618,254.817596921902
60.8,-12.238211037963042,3.0721291684540093,256.035605515096
60.9,-12.854070457011442,3.318255635159389,257.320974406479
61.0,-15.223183344155297,3.2851991634541546,256.652102378276
61.1,-14.874339494482097,1.4929974551481635,260.425339112844
61.2,-12.723228168048031,0.5009742887509532,262.280536570843
61.3,-15.901152147264458,5.525991506345823,258.747949417321
61.4,-15.526383104363457,2.805262183943084,263.532415299456
61.5,-16.848964644429294,5.285769864831039,262.614991174334
61.6,-23.560917845107944,-0.1707173630924217,262.136520771232
61.7,-11.012970117467303,3.870920966974669,265.212414939665
61.8,-15.22059856794859,5.413122344276833,264.030055134303
61.9,-16.280718673221365,0.555453768806391,265.190021284015
62.0,-15.237929312943068,1.1081743899320617,269.004363795812
62.1,-15.614841959362424,1.7570204184127673,270.18074682867
62.2,-11.988563576680425,2.6748470492744874,266.334551180285
62.3,-14.414716991946758,0.6667408363091685,266.96041883997
62.4,-17.01530826172772,2.9998142761215822,274.206070130722
62.5,-15.615476699607022,0.3645867918013117,275.23011223268
62.6,-16.736161468658494,-0.7860133878817095,271.247483774243
62.7,-17.290127220195295,1.227527357196779,277.574581382843
62.8,-15.830363107157002,3.821737221049907,272.518467586681
62.9,-15.850408911815997,3.2455106942301573,276.046027788191
63.0,-13.580285529830997,2.930269314559328,280.18810809275
63.1,-17.29448058705108,2.588239724494869,278.411018652853
63.2,-15.771777279504583,3.7751197334987996,281.274359575474
63.3,-17.158564663898787,2.1842291899476187,279.062397660485
63.4,-17.274954953348637,-2.0480488184413996,284.085786986002
63.5,-12.580737733642435,1.8437645845837007,282.408713250669
63.6,-18.045200235435203,1.9058785686809614,285.442389055725
63.7,-17.595033110736203,4.3890783352444025,283.431776672641
63.8,-17.685259135453236,2.62847231136546,281.844505005792
63.9,-18.012613732325324,0.5628744393098568,288.447340154694
64.0,-14.475475329778924,2.850640480374498,291.24701270718
64.1,-19.40383623696405,4.50808673345532,288.076271634018
64.2,-20.05567085540375,7.8436068350575,291.909845913237
64.3,-16.031296936387182,3.075213607027936,290.010370213326
64.4,-12.863718784525446,0.6543343203148222,292.734161112378
64.5,-15.139483130694046,1.3790414915938722,291.161578291851
64.6,-13.075857840523032,3.949771017394471,292.917549457574
64.7,-12.85644990548153,5.61281408031666,291.882503851034
64.8,-12.281574855095604,1.491418135284233,297.672707435078
64.9,-17.631980590397397,-0.18077953091027332,294.406552509671
65.0,-13.727924977767795,3.2749204451198555,298.760934970214
65.1,-17.167622057493897,3.697994854922028,298.365915749529
65.2,-17.624061158126597,3.339707699218147,299.669892368418
65.3,-17.718076210563996,0.5137478202604271,302.684012729709
65.4,-18.75556611064181,2.621605020798606,305.96861104181
65.5,-17.41382491662101,4.835418949888986,306.421406380696
65.6,-14.086221320007827,5.25714359420296,304.481201826956
65.7,-16.280817287109464,9.675529137154395,308.253520828234
65.8,-16.362025642704065,9.547782273934505,305.546448530212
65.9,-17.046274770302787,8.775866683916039,305.299637386661
66.0,-19.02724134389766,5.056561111979607,305.326850739956
66.1,-17.570996915058263,5.471149737947328,307.434570577531
66.2,-19.596574763046707,4.260171778361146,310.362127800383
66.3,-17.807745369477008,-1.9762245667180434,309.920952243996
66.4,-17.686841534071107,5.764984672283896,312.812226032416
66.5,-17.915485838908037,0.24580954261978327,313.050492997709
66.6,-17.463621609339338,-0.794497210622497,316.586315833317
66.7,-20.884423762568538,-0.42172449887045893,316.428200121418
66.8,-15.889483814388242,2.2795111160748647,314.844385364925
66.9,-18.61119353976894,1.1960039556855744,319.540998888293
67.0,-10.38406540442013,4.7176220111516685,315.352145190088
67.1,-17.1559200065825,1.1013133716711003,319.437174415541
67.2,-17.2992286790317,3.7567124100542397,320.713235117445
67.3,-19.801800297366682,5.760257603013084,321.116977209336
67.4,-21.055482311908904,2.103189863444957,321.642502534783
67.5,-20.157122090778604,3.3172284674256662,325.289768422202
67.6,-18.94393105940057,0.7228050244477799,325.14589118723
67.7,-16.25696689015389,2.3881439616216706,326.143449547552
67.8,-18.15003505904249,3.192102881106992,324.507522283355
67.9,-16.014598888926137,8.688683702798086,327.216019652001
68.0,-16.405584838782865,3.2476033988393542,326.148525456753
68.1,-14.785321618212365,4.966390227973375,332.835228503408
68.2,-20.651408975011904,0.20144556460724594,334.09792380438
68.3,-17.06448997091357,3.304622531427336,332.660653663597
68.4,-12.963434886800469,0.6948804893390648,331.328378211696
68.5,-17.18097870211144,7.32671624330286,334.10325274923
68.6,-18.223387535669644,9.3874115953228,333.703109593747
68.7,-18.747114230179342,5.417789807524509,336.628715551122
68.8,-13.984945557967333,8.988787703320558,338.108978852362
68.9,-20.36239675076063,6.401095086369068,336.336436767853
69.0,-18.972908348486577,7.926259292424551,342.232575925252
69.1,-17.996250374981276,4.584937597823341,342.776105402935
69.2,-21.45177870788528,7.2195998263188015,341.213821711767
69.3,-17.328872521763188,2.1195485072936577,343.796087437161
69.4,-16.26697685682789,2.533717977688857,342.462600358695
69.5,-18.140827592180873,4.346440428110572,343.103128750368
69.6,-16.718734570361473,6.523546870483022,341.92228233133
69.7,-14.094199355363674,4.831461025693992,348.3001811598
69.8,-18.826140951417834,5.398063187957833,344.914053593983
69.9,-18.43676490865034,6.381845550465071,349.850452457661
70.0,-19.40807216148091,2.7204297728385693,347.469861490729
70.1,-15.79843129971895,6.854910816966171,354.376961333267
70.2,-17.712463999854247,8.0014481436774,351.555157262086
70.3,-16.266929378305647,10.25532090757432,351.866472949549
70.4,-18.96028801731829,5.036206526716429,355.759563899387
70.5,-15.407835472645793,4.51905125119443,355.198856188725
70.6,-14.950123159024422,3.0628232069303607,355.27692661849
70.7,-23.016759209944418,3.884713600994621,358.087868613818
70.8,-21.83203480092232,6.53091851284412,355.863698423316
70.9,-20.528953998809687,3.004215253793042,358.012464765585
71.0,-23.69508498070702,8.934251253768256,361.272345050568
71.1,-24.72565077102262,5.1906044331679055,361.157398622198
71.2,-20.785367264117134,7.865341410514999,357.754032782752
71.3,-17.81935928744664,4.768668930936354,359.032035880688
71.4,-17.87531793696264,4.305801458140854,363.268911653192
71.5,-19.59465332631604,1.7468534840733057,358.70394397827
71.6,-18.00631244200819,1.796994817148951,360.918140295646
71.7,-20.67907777674579,6.084168984476591,364.133043120033
71.8,-18.685314338051175,7.558888752624048,365.103732972939
71.9,-21.31148719941327,9.43790905428024,361.324442400488
72.0,-20.88214037278657,6.760909218277661,363.950203631266
72.1,-18.607602619047665,3.633862813768854,366.409189761938
72.2,-21.75391571505345,6.746489679351576,366.654119150116
72.3,-19.76504621194695,9.288583454102126,362.003622521519
72.4,-15.680270718774441,3.7813571331402915,367.452268379839
72.5,-19.98602131106194,2.1797875874076915,366.482275735395
72.6,-22.384695496709238,4.7618360258924906,369.160362623902
72.7,-18.25012109032723,1.2469661289085359,370.536769446858
72.8,-22.60244962327093,4.571708655168246,370.560041948649
72.9,-21.559752218842092,3.2994017816099,370.57898677222
73.0,-20.319171192294903,4.0060652577797455,368.728360746853
73.1,-16.830685135103405,5.732589328882746,372.229124751385
73.2,-13.93396711353608,8.159230596848838,370.401952138175
73.3,-18.015586256709177,8.213122506873338,373.847219795913
73.4,-18.450295986236053,5.321235414058503,369.604323378872
73.5,-18.94780091944557,1.1863531514053935,375.279023885995
73.6,-20.50064503704527,5.919961924437104,372.066928376428
73.7,-21.425984200158002,6.238311098289545,370.661421879918
73.8,-19.7984175681973,6.813696147550926,372.351623238475
73.9,-22.2673697243376,8.153573279423679,377.868629522242
74.0,-17.297421951271758,5.657054029207071,370.127325928862
74.1,-20.319903546802763,7.099144557826881,374.27946372914
74.2,-20.89358007115662,-1.7279885525333896,376.095495889481
74.3,-19.878427835706525,-1.4953741074960902,373.315062155153
74.4,-18.71778411599486,3.4739194678699867,374.819393830982
74.5,-27.81142126416351,7.042683303282383,376.831142763904
74.6,-22.64060234879981,11.420067546796542,374.905344344439
74.7,-27.89544220257061,13.110990109856221,375.310110713899
74.8,-23.427697860455158,5.239649328727085,371.206343893725
74.9,-21.93780832713796,3.1097224123818776,375.216165625982
75.0,-26.30920623462196,4.582235300102058,374.608801422666
75.1,-23.20902875883986,2.5446326969382778,376.084008386087
75.2,-25.330126501759167,4.0831168915560685,374.463281198436
75.3,-29.104673475402564,4.166344553797488,372.926016868223
75.4,-31.863851561252563,7.437439678039077,374.769648963472
75.5,-25.159666963383167,7.015702431083671,375.432055867624
75.6,-28.924313707114166,2.7398692841785905,375.866378686272
75.7,-28.633929141236557,3.907710308873469,374.501394425703
75.8,-29.85572868506766,6.131904771406189,371.255706871054
75.9,-27.482253781467893,5.280610968458548,374.750344558517
76.0,-34.33397873067515,5.282931240696028,376.213196292245
76.1,-34.34608763864275,6.424594557883118,374.381866296761
76.2,-32.50120255738095,4.720853322845429,377.324446304183
76.3,-31.431130419996784,6.934826622515461,373.799282883858
76.4,-35.50990317251802,6.592224334963024,370.519992501301
76.5,-34.77340538865272,7.980445129710043,374.855621244417
76.6,-35.08811306097982,8.611141017056514,374.671308722867
76.7,-33.16180902419124,6.5884743229297165,376.136879388837
76.8,-39.21394447383416,7.035357655741112,372.18657837169
76.9,-38.67386562861937,0.5954678686145023,373.273888919975
77.0,-42.417654424962635,9.997469671890977,374.770268837819
77.1,-41.471983688716136,9.421695676479446,373.034701613783
77.2,-40.26290344574776,11.612123097554461,373.01118537061
77.3,-40.33968769263826,7.964273773460519,371.797176635408
77.4,-41.741805826992156,10.870406389218608,375.732768204603
77.5,-41.58827708106385,11.993398290164876,375.26031958165
77.6,-48.60120199315556,4.432669885292269,373.058204987633
77.7,-52.560629043054966,6.01183888773993,373.425914603424
77.8,-50.110769421012854,0.22038807016281048,372.248753806882
77.9,-50.88992404798924,0.8613165553819702,376.844976031331
78.0,-49.93537643561174,5.317478501247379,376.002398328067
78.1,-46.66771413381483,6.9527210032549664,369.966401414306
78.2,-45.2118052931469,8.340293051786555,374.334806371902
78.3,-52.24879228971,7.747720120868506,369.895044637221
78.4,-48.674355649636745,5.181103295837714,374.422673279617
78.5,-52.98240927684256,9.169333068278712,373.506972529564
78.6,-50.96265495304566,9.579900489102172,373.09938947131
78.7,-56.93997840372717,7.23811032613829,370.192427665894
78.8,-54.71318688023527,9.20206618678123,372.887733460145
78.9,-60.14634683894667,9.34944077990113,371.273611189079
79.0,-58.006994771708484,2.3953547166969518,374.150535998337
79.1,-60.012102291748384,5.784949715479453,374.662009423956
79.2,-55.61573498476296,2.9105615049057754,370.693542347498
79.3,-60.381529365078315,9.684349591091815,372.937641540953
79.4,-60.96721844772352,9.483254246310295,372.934903666672
79.5,-63.79781386321792,9.629816668542757,375.206204443314
79.6,-61.17878567799597,7.488425030448239,371.29169970153
79.7,-63.886752222031866,12.456371755685998,369.927632463865
79.8,-64.81884064844274,6.265203532843479,375.450843079371
79.9,-63.55426187286608,8.49546774429226,372.121342986627
80.0,-67.83236648595928,11.29311984993754,366.920986205424
80.1,-66.73646420509222,8.968994826132024,375.360529801646
80.2,-65.39531042029161,12.884175766548111,375.585637944792
80.3,-68.90924564823491,8.153841472917032,375.583206535761
80.4,-69.12696426402886,8.617851923531216,369.192144659467
80.5,-70.17868976395174,5.857393832070295,372.202465933343
80.6,-70.81549155378704,9.789374730354005,375.315894686761
80.7,-69.59008765427998,6.764359488430362,371.396708829537
80.8,-72.816026974715,6.540608152668003,370.328283302019
80.9,-73.6020035923767,6.267830136192904,371.781025190143
81.0,-75.28143202377939,8.44961024505742,368.909657060086
81.1,-81.39385442418539,9.152723096750458,374.293912638603
81.2,-75.01476992107867,10.706485006078871,370.212465964657
81.3,-77.7320777929062,6.4624313955438915,373.05435366259
81.4,-76.3417873077617,5.8443176409142925,372.954077147083
81.5,-73.88075049664646,10.085698468484974,374.902277343132
81.6,-79.37005563326505,8.351028377505536,370.306773067214
81.7,-79.51515003414734,12.462004643539219,370.684322588078
81.8,-81.84924598945226,8.277837133749186,373.478530250896
81.9,-79.96979194569256,10.524539921982484,375.817109552354
82.0,-84.74906270215702,7.427384730807448,372.114142399202
82.1,-87.26137617969518,5.721467590447917,368.92709443843
82.2,-85.79968680176238,10.550050383185088,370.943886599941
82.3,-83.41219573134937,7.147933647998007,376.34508161239
82.4,-87.74219952063243,7.499965506393957,373.63063273622
82.5,-87.69466387341691,7.746658484459717,372.847613179466
82.6,-91.91774643770911,11.687597572830986,371.442226772367
82.7,-89.10217498626062,8.599209138748657,365.754379880726
82.8,-94.2730861015729,10.79596472696079,372.104417622422
82.9,-95.72175511929241,9.023113258511517,372.15206919003
83.0,-90.89215846295832,12.150631612572257,370.846661322394
83.1,-95.37817829261334,4.6541141934070005,375.139970223958
83.2,-89.92700634653603,7.64115377788676,372.880825861363
83.3,-93.74274164946786,8.125217205915273,370.958188382188
83.4,-96.4047153613116,6.655113049908084,369.442172697274
83.5,-95.4859081516143,5.983330859093084,370.465672527892
83.6,-95.74029152445235,6.5982243818058475,369.735057928083
83.7,-92.17312829037758,10.31386239267345,371.212342432084
83.8,-98.26819422027347,3.873818150831049,368.494196594608
83.9,-95.55632105790251,8.493894897644225,369.428371700008
84.0,-102.11231904131611,9.531025312746252,370.704005965385
84.1,-98.46124338354092,9.954228866967421,373.844877218738
84.2,-95.56056052442258,11.044250188696342,372.69251677908
84.3,-98.14378959419525,1.269394466721593,372.993506007281
84.4,-101.79544686500715,9.688562470781871,370.250368634338
84.5,-103.28801401964715,6.741676037699821,372.11248329011
84.6,-102.66699757330663,5.703008792741716,370.484094219755
84.7,-103.04143769640764,11.551826439404826,371.963109033842
84.8,-101.83373991781106,9.417264640510773,369.429305460355
84.9,-101.45580539426706,10.115775520185322,370.974043011027
85.0,-105.76601550361711,9.949393269481977,371.888534256708
85.1,-103.12879016828057,4.649214802605105,373.475301081791
85.2,-105.20412582512958,4.724525974180105,371.878103472075
85.3,-105.66744282170781,11.661478625813954,366.82436759468
85.4,-107.07466962355781,11.512503840417903,369.214776894642
85.5,-106.88420348211082,13.362604488926598,367.916757924961
85.6,-109.38777931771881,11.582784385267859,373.768416380252
85.7,-107.60619780795984,12.228912790804955,368.14900276351
85.8,-108.48255450465794,10.127289294208436,365.445246371023
85.9,-109.19046568755795,11.433021413066946,370.418616376474
86.0,-110.30584098953395,9.864598090876477,369.116459534889
86.1,-109.13907475922755,12.108130836397404,372.908656965789
86.2,-113.27438091283834,8.487963563701888,366.975467125745
86.3,-113.58039998567934,7.130393859513047,368.993910891968
86.4,-112.71992596418683,11.390548489404738,370.917414507674
86.5,-116.21401258527384,8.317997044192008,367.006246127076
86.6,-115.23496584283632,11.11862289732895,370.102825364797
86.7,-114.85791600762232,13.247955315789419,367.951832823187
86.8,-115.68884700998142,8.684684456606114,366.241110776597
86.9,-115.86457271262033,10.558977623130492,370.108683366288
87.0,-119.08087251481233,7.418209942179262,366.137562233291
87.1,-119.3222515785871,9.17084441405516,370.085767485769
87.2,-119.23871366907811,8.589551554923471,368.891310166468
87.3,-124.1076201028845,8.682999949361628,368.079891931586
87.4,-122.5997619379955,9.481323955011328,368.38512741655
87.5,-125.17345132003408,10.673874354702196,367.912026035652
87.6,-121.92443871861809,9.031881771377586,368.936066708847
87.7,-128.68750853325108,16.117095042129577,373.113103738568
87.8,-122.48336337825783,13.627590103932118,366.8994408642
87.9,-123.66426032607784,7.1483750439583975,371.269097587528
88.0,-125.44218859905445,5.703274020281902,370.588228652853
88.1,-126.50542812171787,6.779092163291574,367.530271096316
88.2,-128.82036868657985,5.8397950632226845,369.014854414983
88.3,-125.40282277065052,6.470206614354854,371.507043123814
88.4,-129.8047650309939,14.76384821829545,370.580466373282
88.5,-133.17968689946292,13.049832098732782,364.997961032935
88.6,-137.64219588661567,13.908985114121784,362.38855437629
88.7,-135.97814056614195,12.94354513036729,369.296611039089
88.8,-141.68164405980096,9.692527136554892,370.600715652191
88.9,-138.32725612883422,8.092270185125745,368.162807690364
89.0,-139.42826722775555,11.343068703500673,368.773679148404
89.1,-140.55488326198954,13.806684450677315,368.813022438258
89.2,-136.46432822832483,11.538678194623909,372.467474772778
89.3,-144.74886468765857,12.556811794070157,367.029651493798
89.4,-143.77293064746758,12.246263549931188,370.528146641401
89.5,-143.61508988824008,8.94671843364697,369.265671727457
89.6,-143.6545056712701,12.654324163069539,368.228947554929
89.7,-149.2900679584341,13.92261291814679,367.143873487906
89.8,-141.48022090500396,10.977389434151712,372.789866691657
89.9,-141.23395847262896,9.251285568252802,371.002870499546
90.0,-146.97111276150432,8.686940731209923,369.991929594781
90.1,-147.62905111970446,12.458856198502676,367.450365470409
90.2,-147.38322008755446,9.124132413955568,367.062788076155
90.3,-152.92450929601705,11.000559760718067,366.833760825662
90.4,-146.14567084053417,10.50676794962104,368.664802966725
90.5,-151.32841362321815,6.48638252049976,367.693104502801
90.6,-148.33070612070316,10.994579014670203,369.796772188276
90.7,-150.59004397378374,12.90996534803781,364.661843291033
90.8,-152.53899863393272,10.792268139233911,366.563254833137
90.9,-155.72913083746084,12.67385883061778,368.406800035648
91.0,-155.78137554449285,13.70877407156816,366.879264621859
91.1,-158.22928342820182,13.39351215065848,367.409746581054
91.2,-159.6820594422935,9.219788345846453,371.548918761023
91.3,-161.9634273040605,9.097877669068232,371.614187591668
91.4,-162.2077217967111,13.679440642683783,368.269736972552
91.5,-164.07149318868693,6.463414486124938,364.454114083013
91.6,-164.70523678289192,10.38318021927902,369.406944020743
91.7,-165.04078453067734,7.514543327708046,363.505221608283
91.8,-163.33893047535219,7.190954762283495,369.101197277049
91.9,-164.5389704355282,12.849757028462054,365.135838485917
92.0,-166.50854774930838,9.212420105070269,370.303769271033
92.1,-170.58480664635536,12.964150427801478,366.125903272019
92.2,-168.80913271941338,14.504844195105258,367.504335417409
92.3,-170.8429281688397,8.39626521792188,368.443121490136
92.4,-167.18977069556368,10.47217818765324,367.300776306079
92.5,-171.48958509602585,10.026128709552484,370.290232211173
92.6,-170.98849750532463,6.998954680261905,368.706778831119
92.7,-170.22456504172465,7.2120887546468335,366.686813608505
92.8,-168.55343588648796,11.18557343480364,367.174114179226
92.9,-172.61763121952515,15.99551914454834,365.356824918609
93.0,-173.87981777843913,10.36997320620733,366.744839216313
93.1,-174.99854911618885,11.08993674927327,371.63521613731
93.2,-177.39586529992116,10.839102555639506,372.03326454974
93.3,-179.24676107061214,14.244856142527986,360.783571207711
93.4,-176.6674826992561,9.15586250810389,367.380656173771
93.5,-179.21120531041288,14.16414649633537,371.07324136631
93.6,-176.87523691543387,14.27116102967429,368.214069990036
93.7,-178.19244048639374,14.715241282136255,367.489345782602
93.8,-177.44708187655775,10.685245489415923,364.407555416533
93.9,-177.88177769395773,15.818546374265523,367.844898059779
94.0,-176.88765314999605,11.468567549910965,366.057166081549
94.1,-180.93271000381904,15.892950131057024,363.160609608143
94.2,-182.32230942619094,11.895992681906726,367.161654979621
94.3,-180.74773843190292,12.249879271205007,362.929848091131
94.4,-178.66094847426393,10.522748129988088,367.453786920916
94.5,-179.768455632598,9.4494381448633,367.889749153893
94.6,-185.21089844578384,12.49333685015333,365.913837405429
94.7,-184.25017654087682,12.30620684768672,365.474712366221
94.8,-187.22007497759182,16.813892886090134,366.298442373248
94.9,-188.96316827462886,11.504488980560495,366.484071313279
95.0,-185.88632613005086,11.265387389168765,363.287927625304
95.1,-183.5760975939012,9.753898283743887,361.819181580819
95.2,-187.53573171957643,8.54281471402512,361.509547208224
95.3,-183.33096170216544,8.885410182350949,362.706019703374
95.4,-186.65166251370974,15.072035803732165,358.931957373349
95.5,-185.9070907153137,11.119051164714469,363.846418615222
95.6,-184.5525112477807,9.342692275148679,361.549354777985
95.7,-183.36799662832743,8.481155856363856,360.644693459875
95.8,-190.3921029912076,11.785398221878753,363.392689537582
95.9,-183.9311263712666,10.633798964333343,360.171094328469
96.0,-189.71996125941038,11.473129399696768,363.405110515054
96.1,-187.67845018330914,11.819213782509372,356.919203491147
96.2,-187.69628101349613,13.902039513182201,360.335768256565
96.3,-187.090264509075,14.452484921781984,352.344348643959
96.4,-187.21731333398375,13.206189383548482,352.000831954758
96.5,-185.83708131642976,17.117995816221654,355.206000364962
96.6,-185.200747554465,9.916632910346145,358.186936633484
96.7,-188.77613171200056,14.208619916480217,357.057529492838
96.8,-189.58842732032755,14.777966623928647,353.93735130178
96.9,-190.04363910842724,16.235659440316454,352.974663613632
97.0,-187.7058191026553,13.79987991542221,351.592050203238
97.1,-185.13943506782232,16.57087677610624,350.061775982804
97.2,-187.57554501394299,13.049704694023049,351.816075846468
97.3,-186.06910426827912,14.054066513103514,349.90785873687
97.4,-183.43681716824813,13.155647540392845,348.525028304818
97.5,-183.08230382044326,13.54791124885908,349.143973243949
97.6,-189.89685771755163,14.136613080024013,347.99104375281
97.7,-189.5615651532656,11.971462193806541,346.558678909151
97.8,-185.19222607036326,11.98971353773648,347.232967623849
97.9,-187.74496469103326,12.53120412373615,342.388046445459
98.0,-188.91188643325225,12.340424928081479,344.314405217601
98.1,-186.3569332013185,11.188053690252456,341.152205787045
98.2,-182.9592258436425,10.143404309110277,344.766492877764
98.3,-184.92799632279326,11.312681993031532,342.605541333374
98.4,-186.2518950210401,10.777592905828563,340.527358271322
98.5,-184.8047183949221,9.600319336277725,340.608778473105
98.6,-182.50888704581078,15.651451741615377,340.763030619994
98.7,-183.16774599154752,13.018170103897564,341.58897359773
98.8,-185.5700150578475,8.844810214294833,336.464556956133
98.9,-188.2618469604683,10.605127810539148,338.675707857951
99.0,-188.5520531816318,10.460444023270153,338.662683621518
99.1,-190.46756393933478,11.529149593949453,334.86636456993
99.2,-190.12553262032193,14.606239717486059,337.041674733668
99.3,-181.50212144526145,8.591317483328432,334.638305966339
99.4,-182.61524447800744,9.029178161249114,330.745492295861
99.5,-180.435091284611,7.932670308714524,331.847301560402
99.6,-177.72933095573774,14.92629786429411,331.195288059258
99.7,-183.28396653759773,14.154615055234343,331.520689958333
99.8,-186.8006905228557,10.431417897511519,327.701014584356
99.9,-181.6722045488887,11.60193793972196,328.288738289419
100.0,-186.0750344627357,11.966622906103469,326.082706120781
100.1,-186.1740025894033,11.441863297275898,324.721396539504
100.2,-181.6267114955543,12.760518322391256,326.223079427597
100.3,-182.53896962899202,11.62431142433549,325.012286222948
100.4,-183.20530928447002,10.1254070730115,325.670730955861
100.5,-184.8984265501374,13.989089638295143,325.768873165503
100.6,-184.04340700462865,16.10628529630755,323.024555215426
100.7,-183.64395436147367,10.849500317613337,319.671408384688
100.8,-188.21560184463968,12.773376028158058,319.176268281178
100.9,-185.28510836369267,12.555503111497348,318.839491547529
101.0,-187.5028261052316,7.241920020755109,314.725673531772
101.1,-186.7659845846646,10.02599907171525,313.714347684394
101.2,-183.52645175218836,10.872116388354923,312.132979735605
101.3,-186.81345666476363,14.153608515016746,317.260876208387
101.4,-180.80627517355663,12.494094935494047,310.96033732264
101.5,-185.61609524580217,14.708457637645498,312.533487534491
101.6,-181.37262273402482,11.691427723363345,314.693452712202
101.7,-183.64760639443483,7.482515643114856,312.007752740626
101.8,-183.82679498166212,9.219797857865279,311.453870959191
101.9,-186.23837980804254,10.003416230008256,311.554169203854
102.0,-184.94448644580652,11.473494286284565,308.729859523899
102.1,-185.86205977496897,15.095131804442017,305.857579556376
102.2,-184.00991732342425,13.117746369650888,304.168820202228
102.3,-187.05340331777325,8.482963644517328,305.994236067288
102.4,-184.12938799225375,8.702314711863597,305.692648051593
102.5,-183.713039146938,13.727422903559278,305.378974719124
102.6,-182.773037503517,9.626403959228451,301.051037801126
102.7,-181.28499685203943,16.202686744243728,299.465125313468
102.8,-180.19593317016944,14.346726863570504,299.58500385584
102.9,-186.3487725131302,10.223105434998764,299.865535428579
103.0,-185.82124349583563,10.50992547267134,301.117392481121
103.1,-184.77214350256963,13.008997610114825,292.63632007915
103.2,-184.77355484425928,9.438536393866872,299.204544310762
103.3,-186.18227992656426,9.489228649169371,300.003247317312
103.4,-181.71469079322986,8.56471601149449,292.325283599295
103.5,-186.34125276535306,8.49445020406336,294.194865271277
103.6,-184.20994955451405,12.10124234336622,288.952968168879
103.7,-188.92654330722323,14.455317501823917,294.982365780789
103.8,-182.80237071227228,13.62709543877049,289.572913038586
103.9,-181.7088734607603,14.608783135129281,292.384607579332
104.0,-182.5419286738438,8.889208108217398,289.813721064429
104.1,-179.84879086279588,12.648210938442535,289.387966237193
104.2,-179.44786633617787,10.974342720621705,286.628140792946
104.3,-185.29882151279014,13.122564744520954,288.884433769353
104.4,-181.17968938069612,10.741007469441435,286.167925426352
104.5,-178.9245310449261,13.091298719838715,285.503996173188
104.6,-181.43635567673206,13.559999364355479,283.353364639072
104.7,-180.33088275902804,11.60931686454412,281.563072458261
104.8,-179.32224337606004,11.933986510687015,281.598272816871
104.9,-182.16174677930172,11.767207201854522,282.128003302569
105.0,-183.16742670961864,9.058780973492569,281.515019057666
105.1,-181.35329853341062,11.34259255788899,280.642710989041
105.2,-184.49079364617486,8.699893844099998,276.912012329006
105.3,-183.10172660640322,11.260656823404197,278.941222307021
105.4,-183.01230382987924,11.032781172469878,273.015748887221
105.5,-181.64428600635358,11.537707455973147,275.746084918327
105.6,-181.92410330831183,14.734157523060233,271.452591869592
105.7,-179.85360181805882,10.960855465681057,271.280209745495
105.8,-186.82152404908942,11.574248270006382,273.672210958802
105.9,-181.47401594338325,12.591612915041646,273.186788611643
106.0,-182.32140343123126,14.301170092667878,271.966517459932
106.1,-177.89054811438282,10.528420118031821,266.331530477801
106.2,-182.73212078336954,12.646701871842813,272.11259131681
106.3,-181.98695296256253,12.681823464497883,267.60921432573
106.4,-183.56789190974052,14.384285225446224,270.237260972585
106.5,-182.26127236262852,15.763735229751688,265.278070001445
106.6,-182.12174757486198,15.25136705232627,265.848094623695
106.7,-184.15265221983506,10.882028382363675,265.920064116999
106.8,-181.51305007958007,11.588891577975254,264.282675037301
106.9,-183.34252670220965,7.60633579631666,259.383307721774
107.0,-180.13709047457064,10.29516183905632,261.393770570528
107.1,-182.5025464846316,8.133455446671837,262.358770066443
107.2,-182.15238076773073,12.461050634091762,261.41232986836
107.3,-184.10811144909474,9.324886564842949,257.862457564822
107.4,-177.19565518818183,11.718805466759825,258.635259287062
107.5,-186.14888785309884,12.251080007169074,258.13951073926
107.6,-181.88482699271086,12.888942273641968,252.347417293847
107.7,-185.07291530120568,8.854548315856274,255.587044984398
107.8,-187.59375157898222,13.061062300143778,255.80910692197
107.9,-184.25583027418423,11.482386746456944,251.954727238306
108.0,-180.9955458371931,15.996314260804656,254.091833729803
108.1,-186.68361347584624,13.24692838274159,250.62916646167
108.2,-183.40846863952822,7.310669626242561,251.46548312783
108.3,-184.91420991676915,7.326859842354563,245.891453705067
108.4,-185.42741930059813,13.801075693763142,248.327511654077
108.5,-185.14681241670394,10.441375444026905,247.632438217012
108.6,-180.07803657745262,6.765012892656408,247.526966086388
108.7,-179.32428258309363,3.556990549943163,246.2185755917
108.8,-182.31329887844961,5.210315469906653,241.628433739361
108.9,-180.45470509007336,9.569913258292313,243.076902124136
109.0,-178.19435793708655,15.68018011447035,239.907617100671
109.1,-180.26162786228855,11.51050558523298,240.417803298193
109.2,-180.06114536839647,13.331248765981426,236.975588776896
109.3,-180.95403640186046,9.899753053125075,237.597459412928
109.4,-179.7077666842597,13.955953133391612,237.346577958991
109.5,-181.63605534227077,8.645344759940675,239.210134270113
109.6,-178.77868425554377,10.585222348995336,239.450201480084
109.7,-177.07977664786821,9.363107309112255,232.613127523159
109.8,-179.31526308926223,9.056975421839727,233.038899025205
109.9,-181.31867426932436,8.426699170299258,234.69623205413
110.0,-179.68330665015608,8.013557169322613,233.791343217628
110.1,-183.84902501546807,12.144196214363014,227.421695425528
110.2,-184.1332952550601,11.888851059346313,231.555030715473
110.3,-179.64254162264407,10.62353336119748,232.028639524037
110.4,-182.5629006784806,7.082420185298367,229.77705138627
110.5,-176.68025911649357,10.387306417921218,231.566973002815
110.6,-178.21813576412058,10.165337565331606,229.59838375429
110.7,-178.33877382138857,12.425918076094476,228.659158631718
110.8,-180.81031284214595,9.19821844625019,226.48436285254
110.9,-176.44401201419794,7.351739833389847,226.540430387262
111.0,-183.85715701841696,10.469659711425168,225.845659930992
111.1,-178.7057923433301,4.357630651683375,226.28920039475
111.2,-179.8359113262451,10.399427197022785,228.04285137145
111.3,-176.05413518926156,10.743179561818113,224.907158691843
111.4,-177.57455449141656,8.59963498842316,224.464259498069
111.5,-180.01943597608414,7.31274940626075,225.531089027669
111.6,-179.57479888047263,10.930328202047418,222.10720024662
111.7,-179.80514805725662,7.186858387382782,224.746126944328
111.8,-177.59153458327808,10.773027475373677,223.194624184643
111.9,-180.79293871680008,16.387613536297867,222.704778069171
112.0,-176.96775686987579,14.515582367948463,221.986248859327
112.1,-183.27664499063437,12.34376387633172,225.127285289755
112.2,-181.68038347591838,14.451020824923194,219.164213013525
112.3,-187.42672096214795,12.715516765099757,215.901307439675
112.4,-182.02883369643695,10.233114037831692,219.042953556421
112.5,-178.85957117133708,11.41086125362131,219.458137722528
112.6,-181.70050842574224,12.57454967714667,221.716688090749
112.7,-179.74682828390925,13.094954686732471,215.529404295826
112.8,-173.11664823247682,5.044630744863563,219.861683830861
112.9,-180.2603925143488,9.783851491177105,222.411850623997
113.0,-179.54072380513665,6.6705025297198235,218.767980561762
113.1,-181.4992552063968,13.091081879457102,216.369986466919
113.2,-174.3269610516708,12.041123494766202,217.336826554688
113.3,-179.91344598064254,11.090720226229404,213.130453347093
113.4,-172.22324185550653,16.011931908409956,217.856623888278
113.5,-172.94762776490253,11.315325437881855,218.193956402795
113.6,-175.62046180060312,15.629643126715717,219.172344022845
113.7,-173.39498834544014,11.926333858033217,217.577483077517
113.8,-178.61232068288913,11.705817182212776,217.664800160385
113.9,-174.7068813269677,9.943602271687013,218.396015201747
114.0,-174.5824330452977,11.068580374356008,216.846664388823
114.1,-168.7277755652159,11.201756613281002,212.622284279823
114.2,-169.5957668372099,10.354076226722965,212.996964555501
114.3,-172.9615482953746,12.741625615334648,215.196844364315
114.4,-167.6154896072683,10.962999381018426,216.297953746935
114.5,-169.58921768590932,8.529982097903844,216.220911881766
114.6,-166.6363890531943,8.549433598836593,213.673321305016
114.7,-169.87419843870222,11.014552602930332,215.544281680752
114.8,-168.31222561781377,12.759601108268587,214.675175591847
114.9,-164.42461090296575,13.13490771605937,217.798923523402
115.0,-168.8975442140705,10.531159087929396,212.923541275669
115.1,-169.18480993645449,10.225071651468943,215.552659615443
115.2,-169.0881865809584,8.54757699193283,213.180385171924
115.3,-165.41742824280976,13.881560257987214,215.096515553979
115.4,-163.71891732770277,10.89472970467405,218.144957455409
115.5,-161.28614965846054,10.70113642702652,219.881558722832
115.6,-162.29639404837755,10.831072967163589,214.721477196108
115.7,-160.05146527942998,8.396962970572973,216.470126727279
115.8,-154.92059868263343,6.937910741572201,214.407157941436
115.9,-154.67979384814242,9.04540699161261,213.782612470029
116.0,-160.44302142066937,11.63196508232869,214.285760648206
116.1,-158.01672435832438,9.056075253681083,216.625919974825
116.2,-157.73070013272147,10.630770931977178,217.701981256231
116.3,-157.62067566622247,10.068208674589664,217.623986800993
116.4,-155.84033311475147,12.31969536243754,214.638588685579
116.5,-158.38793374316344,11.814577325974849,212.954310215601
116.6,-151.44576951872045,13.126641056144887,210.748162364663
116.7,-154.48739952889446,9.785034072794376,213.209635787591
116.8,-152.34895195348057,9.652930032834172,218.311434805779
116.9,-147.56048199597046,9.332136413570304,211.91406980772
117.0,-146.88714084422045,11.397941869239512,216.550712863724
117.1,-147.79812194989145,6.171326476441749,217.148057572988
117.2,-144.51919458240144,14.83494847198776,215.009487626729
117.3,-150.3570580371373,7.235029632130967,217.917006769703
117.4,-149.84572385085232,8.699920158495487,217.742731614476
117.5,-143.06009792758567,6.18978019226903,216.918619578655
117.6,-140.152100077694,9.29232262822014,217.77178017318
117.7,-140.990870611042,12.995766785707435,214.083182905366
117.8,-138.71709257935,10.147814433505793,218.880545543547
117.9,-140.520127299226,7.676990840079364,215.454191011342
118.0,-137.82003876675452,8.699273642944371,215.808198239868
118.1,-138.11080806148152,6.375297784706701,218.092702577875
118.2,-134.1951151753835,9.13100667798173,216.858301371136
118.3,-139.08146520849948,9.967886662736728,217.605325447457
118.4,-138.82288701779348,9.440399507524134,216.952103907666
118.5,-137.0931650029015,11.004308041882153,217.457559235522
118.6,-137.39236153942048,8.461733221718244,213.482408990745
118.7,-137.51049762439078,7.310203444442317,214.431648855776
118.8,-132.27139667995556,9.143315100368895,212.358022313766
118.9,-134.83281891064257,10.179375827286078,217.377535153588
119.0,-132.01688230615855,4.030529041510855,217.270102504554
119.1,-132.0508553387174,13.395603567579522,217.239944159822
119.2,-132.57403680984868,12.882821657521525,213.761198346686
119.3,-127.51358286461866,13.063492058197975,216.706707641721
119.4,-127.95905193912289,12.062799251799522,218.252695240747
119.5,-130.8253524713419,11.607779311156452,222.995292945713
119.6,-130.70329209280737,7.959186759790018,216.657975858073
119.7,-128.41055094681437,8.924930289086028,216.912062566008
119.8,-125.98637674168245,12.101965594764076,219.365953074831
119.9,-127.18710404464086,10.298510155008984,218.771813348641
120.0,-126.24077071416286,8.815056264547014,216.041831999723
120.1,-124.59179707419686,9.800822611860692,216.078498475138
120.2,-122.9723013893999,9.794152167434728,220.150112943419
120.3,-122.66944161625631,7.201249525852564,218.369613717497
120.4,-120.7876367017873,7.163697956558263,214.52576691661
120.5,-118.60646017255631,7.9201226587412235,217.875340258201
120.6,-118.45166644800646,5.78684880493708,215.028346443711
120.7,-123.69612800978582,10.215178446364382,214.647340597078
120.8,-122.58095195863383,7.513586791339678,217.786684392104
120.9,-118.36188878200083,7.823839995355488,216.74989969009
121.0,-119.56399103420783,9.259303653798929,217.664319010355
121.1,-120.58951073169983,11.359320259696569,215.323815663018
121.2,-116.40398228222975,4.7981788332995805,215.395579793986
121.3,-111.84591178164075,0.3224936402211602,219.734814769008
121.4,-117.25865559759275,6.326555054687634,217.71206017087
121.5,-117.23078415509775,5.203084977200051,219.158495585386
121.6,-112.76264986223275,8.09418298066544,221.031664307702
121.7,-114.85897377935497,3.9322547023701944,217.129706420502
121.8,-111.30402489835197,5.200492044216935,212.756349616251
121.9,-113.88093736872698,4.926748020833815,220.191284244664
122.0,-112.59174476953096,3.3653530581676945,217.42261596102
122.1,-113.22805575703286,8.82748901029716,215.250925223278
122.2,-111.05091764441022,9.51753492510662,216.088856099027
122.3,-112.99246303471323,12.594161894689751,218.900629995906
122.4,-111.26737491283522,5.52659784182408,219.113389330449
122.5,-115.76463867552123,10.186191295059627,214.430172758213
122.6,-102.8551408722353,6.147016221908306,219.863908859073
122.7,-103.5288394817723,8.434189377955823,219.233461823737
122.8,-102.8037231018273,6.790668810850805,216.875407730653
122.9,-103.3145356786903,5.108849304947595,219.858005478742
123.0,-99.9164764581363,2.7187973694549354,219.743859579439
123.1,-110.7165884726921,11.797572214881438,221.520140339819
123.2,-106.2821199009031,12.347040104442758,218.418951921102
123.3,-107.02937446558309,10.679307012574487,217.520491920627
123.4,-105.9687746488541,13.526024573508009,220.212741104309
123.5,-105.5759329589171,11.918609880009438,219.908749106381
123.6,-108.5621365022605,9.312517673085987,222.674545560375
123.7,-108.3325058601735,11.199038320549262,222.969430696919
123.8,-105.5256272425995,5.443682423927033,221.319060768751
123.9,-106.1817954172015,6.005682571976152,222.78046801304
124.0,-106.8887942379445,6.278578176970653,225.310239507331
124.1,-99.20050685793676,6.727367244292406,225.477851437345
124.2,-102.68706161234977,9.902167351128169,225.004857802159
124.3,-100.32473209977276,6.924001912728626,225.568294776741
124.4,-104.67155162937077,9.017785978694306,224.476556851939
124.5,-99.77220502903798,6.787001276255159,227.237413238682
124.6,-95.90445024381313,5.432865206825566,225.938521514868
124.7,-99.27614744782363,5.875913862589396,230.607048478998
124.8,-94.81235011151452,6.938038017059147,229.634866989736
124.9,-101.95054943461264,8.816057325280937,228.821897942667
125.0,-105.78242911025372,8.289368268234455,230.579481818608
125.1,-102.8445234340467,7.666963334557625,232.734009074512
125.2,-103.66361627333251,7.056417298569725,226.913087992639
125.3,-102.90884645513987,7.6056509152574865,231.346675812471
125.4,-103.34434393522848,6.667027531949186,232.686460673335
125.5,-101.16251773235838,7.186196787369336,230.274665366366
125.6,-102.65048229018429,8.018085543127915,232.38122474146
125.7,-101.52074878272319,8.479799087963295,233.419601048809
125.8,-102.53813175790913,5.58459033115056,234.619365149384
125.9,-99.76056494737252,3.69147430995407,234.367221227603
126.0,-103.19903682574032,8.767465666521538,234.196585219135
126.1,-102.32585993615302,8.882223042367322,237.211521464005
126.2,-103.65800458220232,8.14648468097321,237.027806663755
126.3,-98.30435146111283,5.428086814461098,235.098634090335
126.4,-95.72818517740453,5.026002890124948,235.932920432676
126.5,-97.46430719078113,8.250418484281555,234.22617534784
126.6,-98.07580898526562,3.0611591667267275,232.723899348823
126.7,-93.61994390693613,4.863540264533178,236.600678350659
126.8,-98.31851452064772,6.6895660982753675,237.273185747696
126.9,-98.365415260232,6.977263919888013,237.061111437193
127.0,-96.672513470324,7.166440224775522,236.804119125783
127.1,-93.5877983475055,9.526463863711367,238.329277824976
127.2,-97.53662830882581,4.489445627334863,241.978973099733
127.3,-96.9993730517193,8.56925761102261,235.886004919514
127.4,-97.31456064366724,4.583618154272707,235.688233852736
127.5,-93.93154405908564,4.074599639170787,239.355706430106
127.6,-93.12476739989624,6.0151392356441775,237.294048560489
127.7,-91.72856781695555,4.934431332650987,234.372878315376
127.8,-93.41140573194214,5.147701247430047,233.892141090833
127.9,-95.96993003322362,5.368525857333707,239.137422026348
128.0,-98.71286288508982,6.302916176351407,238.395954478447
128.1,-91.13564087924861,5.3785903949492475,234.394296899736
128.2,-91.10436830986872,7.056462454428747,236.445307323436
128.3,-91.01616925532211,9.299210883068378,235.980132669128
128.4,-91.18868928613732,9.199940516172727,239.172202561566
128.5,-95.42088864432901,5.2964151339495285,236.538413213275
128.6,-90.89600324082251,3.405056865249838,235.869114995006
128.7,-95.28657951699701,5.467153271130329,238.332075334565
128.8,-91.12278273643972,6.0546753328354885,240.076926607831
128.9,-92.0097947208349,5.041435848285348,239.425667728808
129.0,-88.65129584154869,6.8461921928861855,236.522748308474
129.1,-89.92052619513849,7.744878885609216,238.597888145611
129.2,-88.7654003999316,11.552093201370917,238.679731718072
129.3,-84.73710769197739,8.759689125289427,237.154092210077
129.4,-91.29889467954789,8.273844727953716,239.842475827504
129.5,-83.0029726509482,7.583136284350927,240.493304316579
129.6,-83.17680058999659,9.864302104248063,238.352670713307
129.7,-80.34783667791909,6.199166822973997,239.262785060533
129.8,-80.1271478902945,8.018492212624068,238.164170000856
129.9,-80.2651380872327,6.400759014465757,238.104315281818
130.0,-84.69566948496873,13.177541016835477,238.534172151085
130.1,-80.85254637156002,6.861636799320297,242.427569844699
130.2,-80.67718272805743,8.095663716090957,240.251789031987
130.3,-79.69791128300783,5.596451639852967,237.377368489778
130.4,-82.35013484924832,6.570607678892587,237.745624655425
130.5,-69.56260220523771,7.547298019151576,236.169742778395
130.6,-74.00244304056811,6.033446195637236,239.57815460159
130.7,-71.0332546411884,8.824003338225255,240.666779378157
130.8,-76.65853852411391,7.0169566335828355,239.800788161883
130.9,-70.34592285648351,2.011466641383416,242.191536561844
131.0,-69.7900245218516,5.304492584033706,243.684026032372
131.1,-70.19204103099041,6.843149902299356,241.362007009317
131.2,-72.30466044384801,9.012143443200996,240.164194994672
131.3,-67.55887128456502,9.801921979052073,241.998937467502
131.4,-62.9215164652471,7.589554665096285,240.76936007675
131.5,-65.18325441521361,7.896261313541215,245.862355729353
131.6,-67.49101589162932,7.416309314872466,233.937330974645
131.7,-69.6220518390914,2.6692658291369487,237.613742801515
131.8,-66.17666757129129,7.739215260696289,239.81187379756
131.9,-60.78966567928519,7.857433569972079,245.253891269369
132.0,-64.72354663411089,6.9030324724349885,238.345329708951
132.0,-65.24941956604273,6.62150882441029,238.345329708951
132.1,-67.62907121494045,6.328032989368406,240.306707099953
132.2,-66.37726244332997,8.328435157560307,239.527280753126
132.3,-63.921981610497255,4.974714052374667,240.997671460775
132.4,-65.26015865391716,4.603235782969967,241.635098522392
132.5,-65.09272447095528,5.321710562195669,240.026292278627
132.6,-63.5606288609032,5.467419801556029,237.56792933247
132.7,-61.8787447812861,4.61601157054358,238.567189980125
132.8,-64.5650186380248,7.212312973314969,239.902673289268
132.9,-60.917634740164395,5.592947923190139,237.546411205155
133.0,-57.68869961709458,7.427206416235972,239.678880847358
133.1,-55.81533519922725,6.84447109329432,239.797910872026
133.2,-53.08373129334445,6.038446650268071,238.750506454435
133.3,-52.332896629921144,3.4936929017836906,237.390599759529
133.4,-49.156375702070946,9.179392200859951,235.104663503331
133.5,-56.997747075546265,2.6025719694458553,239.954479594164
133.6,-56.26607437952326,2.5725332174424054,242.859006576566
133.7,-55.719885350052465,3.3878651546835954,238.720557284993
133.8,-53.084580031935566,1.5522215420099457,240.27625680726
133.9,-54.25411024055066,1.369271419273085,238.779578221655
134.0,-49.10495853664836,6.261445287037829,241.14637460213
134.1,-47.38787200427426,3.5150416748212088,237.154560744742
134.2,-45.016865339541255,6.795821988224249,238.883347853266
134.3,-45.840523766338755,8.18839066598053,241.196486752298
134.4,-44.88858791708116,6.891693532172429,236.770649529563
134.5,-42.91178096950359,3.293263647754906,238.536874128703
134.6,-43.84884628141379,7.019376480103927,240.982579463619
134.7,-40.97102588144849,2.5965713560828867,243.52219697025
134.8,-45.14939162303629,8.038390716196016,241.503515868104
134.9,-37.75260072542999,5.6380525873524165,241.212877370271
135.0,-41.70234719172726,2.256890699194413,240.861396318092
135.1,-43.21851814545966,3.553044371478933,242.586141335034
135.2,-40.228704174348465,5.763908543171063,242.097165086951
135.3,-41.88141108464217,6.558579347789243,241.009186130132
135.4,-39.112263329070565,3.589892524369323,239.852301137153
135.5,-42.075972143214614,6.107606696293106,242.872365870193
135.6,-37.557685375299414,2.8825947136308763,245.160791955387
135.7,-40.17533428170562,5.4364766125068265,244.300625954628
135.8,-36.111281059677815,7.538230074763806,242.187184319582
135.9,-35.726796129386614,5.588992759572056,242.442975922751
136.0,-38.514447379266,6.9652495940026515,238.900031923647
136.1,-37.1455173252243,4.423147173659112,242.096622282587
136.2,-31.2928866236606,5.224191918279011,240.77583264403
136.3,-32.7633057592853,6.643520793425552,243.154268971661
136.4,-35.4960169935459,8.948122617879282,244.120486921637
136.5,-30.18943578194689,4.01826860079189,242.502526962104
136.6,-26.59682034084169,4.109626151550939,239.142712776078
136.7,-27.15049273644899,1.9499647827062798,241.984114191619
136.8,-27.57421395586359,0.6379052588013501,242.816315958024
136.9,-28.98563719343099,-1.6786567141280102,241.966270699359
137.0,-25.655630946310296,9.98412956646908,243.77714157864
137.1,-25.072548788352496,1.987168078773042,243.530643675608
137.2,-25.525491404364896,8.037436468313512,244.092883676387
137.3,-27.446631798240197,5.502782453732831,240.16396093777
137.4,-23.525877804336396,5.593644507691031,242.395736015169
137.5,-24.988886906082488,6.915114297212979,244.046046701432
137.6,-29.485250841889886,7.380631746905778,241.39254777389
137.7,-25.707089475343686,10.740537547983758,242.391937514747
137.8,-23.387456302859587,10.968386696262838,244.639633704097
137.9,-25.70389649028309,8.837637341276018,243.551083713918
138.0,-26.213297177592715,2.8564955420294096,244.505227826308
138.1,-24.494523031292314,1.8548352714018597,241.291140199154
138.2,-23.526225970854714,3.6096298505319195,242.580499007903
138.3,-25.998432942839315,3.3307174443952396,245.524372222439
138.4,-24.470330057192015,-0.40111933004721934,240.00508333266
138.5,-19.60964614853595,7.93690638801632,240.879532589511
138.6,-19.05918561216825,8.36802927496992,242.193723577835
138.7,-20.882405169409452,4.2675756952162605,242.083245699705
138.8,-26.445202724080552,8.2111852803794,243.776904456991
138.9,-20.789440140076852,6.73493852114564,242.077977693839
139.0,-23.67667300925711,3.066818878945261,244.929956722957
139.1,-22.05122269226351,5.44804865636185,239.633754456288
139.2,-20.78011627486201,6.20051303063747,241.457964865387
139.3,-23.42991696859531,7.86716321550299,242.195963251851
139.4,-18.70537636387381,5.882712267016291,245.242197035256
139.5,-20.68634636911031,10.94209885743195,242.230459819838
139.6,-21.28227817582855,0.8805821895873884,241.525887287538
139.7,-18.096875404542054,0.058620826717088015,239.104392501394
139.8,-22.714340275664554,2.9054798639861583,242.734135981603
139.9,-22.32604596784635,-3.0423300633615415,240.875673124127
140.0,-23.619979085838754,-2.955290781165382,242.980246126198
140.1,-19.473441290175092,9.529127648945682,239.296444850664
140.2,-23.263222291895193,11.44974529701866,240.46461410672
140.3,-18.975894508060694,8.050280916644674,241.622571371852
140.4,-16.941215671142093,7.481551231987263,242.70199626172
140.5,-17.017776071927493,3.585353522120302,238.853383069247
140.6,-15.722936620972092,9.205649835638884,240.191440534992
140.7,-18.45098723386949,7.616329225365595,243.857530268412
140.8,-19.57663439706409,10.100162978747575,243.255194436054
140.9,-21.30439081282179,11.257952379971735,241.524585686327
141.0,-17.227399402958692,11.486057451773764,239.699417107002
141.1,-20.86979411518969,10.297641144827464,240.506919634462
141.2,-17.03567312154249,9.810084367684315,240.086901253989
141.3,-22.055286817997576,5.7820819346201695,239.048701064989
141.4,-16.524643980587474,2.0618131777852096,236.526877538686
141.5,-19.171303797238277,-3.418784545740511,239.399706697295
141.6,-14.384165740502276,1.1531727689352893,236.299978925542
141.7,-15.099279332528376,7.755229576250151,234.750507413141
141.8,-20.87243658365328,-3.2663424394850296,238.418348446296
141.9,-18.196156928428476,-0.494080625243309,235.064420420699
142.0,-19.535925238575178,2.091534085053631,233.879454116156
142.1,-19.871197456976077,-1.9048325539656492,231.606321878526
142.2,-18.869432832072278,-4.705501593780189,231.21811204161
142.3,-19.62048825344148,-0.7737759817341594,231.765448995716
142.4,-14.47727179839112,6.171861341996001,235.766388253173
142.5,-14.99036406367782,5.416604093151761,234.977723708677
142.6,-12.888902866910021,1.6580611440896318,229.751167562347
142.7,-16.63777518120652,2.9955431961535117,229.943538483583
142.8,-13.52258645055552,5.474243786049682,227.456705333548
142.9,-14.100861101880115,0.2692748132931282,227.862392353083
143.0,-17.569138227668216,7.071639568811959,225.883508978247
143.1,-18.751506032772117,4.787923510702979,223.972798923278
143.2,-15.567959064600615,3.908152534767539,228.890392883421
143.3,-15.597284939146416,3.773522385463079,226.566028543425
143.4,-20.376400157115672,3.408924652929697,222.732603780236
143.5,-15.31334301910537,3.9716824544349363,219.259478236123
143.6,-15.14127615028207,0.45348973639156576,220.148126572412
143.7,-14.53324676241557,6.829863966817996,219.186030332474
143.8,-17.98073877818957,5.493918386352256,221.247625931833
143.9,-19.01258018000957,3.015580694778307,221.186189026968
144.0,-17.809579927732813,0.8455775728024566,221.111109430888
144.1,-14.00132963900191,4.664923227323466,218.615070538419
144.2,-13.464333790411409,5.662354483304426,216.652659374429
144.3,-15.132403742535711,6.913411051869286,212.82999943749
144.4,-11.901417258490595,3.265104076007237,215.579134159244
144.5,-15.499678968047473,4.080136918829496,208.998570879946
144.6,-18.03606371883917,3.700657938658426,209.47924279361
144.7,-10.939087256939073,4.6569857484239865,209.936383016408
144.8,-12.839924408642773,3.9075715967158757,209.450563619986
144.9,-19.46429561139461,2.8918136883832766,207.987086032626
145.0,-14.24959809478681,3.517298060619506,209.549186136289
145.1,-18.82663667403341,0.952693358304086,207.494496168176
145.2,-16.13662244302211,6.312383752469026,205.766117231434
145.3,-16.72938790639891,1.020230315610756,203.585257352505
145.4,-17.83712068727608,5.549710428048555,203.768363915833
145.5,-12.368173581689483,5.260076710362824,201.255535770094
145.6,-17.106442633547882,3.9811093852121946,203.243224612885
145.7,-15.527885537118681,6.1919117847963046,202.28306374739
145.8,-16.92058848926818,5.385336115566015,199.39428143383
145.9,-16.500964071496846,8.632768132777738,197.741520699253
146.0,-10.030470825698444,6.545247514256767,196.86535310199
146.1,-13.375835028877345,4.4240720211168565,192.37992598072
146.2,-11.845874545664344,8.070533200210466,196.383732481386
146.3,-15.370550882882444,4.1021202599151865,191.389521442409
146.4,-15.108404372413444,6.984321534240727,191.485669916888
146.5,-15.217482791632516,4.40891714732756,189.851618816925
146.6,-9.991732724320816,-0.5360498716166102,189.070018113652
146.7,-15.209822166469316,3.49746023874732,189.908415038253
146.8,-11.310725385438516,5.9292085746472,186.993334476506
146.9,-12.173445797483895,2.89375727265923,187.010835505379
147.0,-14.145650342355365,0.24575505857892388,186.95814350908
147.1,-15.628311202472565,3.7302310229818243,180.775990067899
147.2,-11.180565763827705,-0.0945528258419257,183.3403861316
147.3,-11.591752599454795,-0.1318113834377561,179.931100625727
147.4,-13.95745728557084,5.54321113376408,180.305990584952
147.5,-17.49293113685017,6.44871557513331,178.830270101909
147.6,-14.917746791329371,10.549057404816175,176.351573034482
147.7,-16.94823471191097,7.80916031304879,175.868060105909
147.8,-18.75644096670387,7.67547533707556,174.123699914692
147.9,-13.911672225004208,4.817469446880317,171.550933872772
148.0,-8.457461889925288,5.615258581005947,171.88488371021
148.1,-12.282826765151807,1.221677427791657,173.560594467027
148.2,-13.605909928001507,2.7797287585701467,166.537044391008
148.3,-11.077802750948674,4.571228418987396,170.455277268879
148.4,-12.616088308267257,4.467062573461596,167.538815401492
148.5,-11.850234022388557,6.647199890676445,166.052759874796
148.6,-11.489112502965456,5.188977370454795,163.903757750536
148.7,-13.757289866003356,6.304274400188296,165.695850739893
148.8,-10.084696128252284,4.225889112777333,163.037222368145
148.9,-10.029465791861483,4.9344313163030735,159.983944466124
149.0,-8.469076683146243,2.9489935210350433,160.595447031731
149.1,-9.008786755524675,2.443835817082613,158.190814866689
149.2,-11.588130632747283,0.1240526554698631,156.832142240985
149.3,-13.712724784274286,12.86227208814635,157.392945742898
149.4,-11.562167048094885,8.81129897645731,155.111765015294
149.5,-11.423410921668786,7.057848540321721,151.299230281269
149.6,-12.134938887205985,6.268702891425211,151.811029109558
149.7,-11.166089060917646,5.707315121112701,147.734504727573
149.8,-11.93315117337206,8.186767805286353,147.473763401536
149.9,-16.87833085722513,7.493756090796273,149.701394579128
150.0,-12.28300746075805,6.609936978910242,144.86329528244
150.1,-16.40156256548953,6.928760889539912,148.010362427519
150.2,-13.51681581516213,7.304046947857183,143.285084350797
150.3,-14.920602990520454,8.573842985275167,144.126202558173
150.4,-11.692684913850124,4.3246397682621325,140.861697966939
150.5,-16.071286677841854,3.3026220357052427,141.406784487161
150.6,-9.617331997871174,5.443620286251873,138.991436896234
150.7,-13.749089998172654,6.678596368152863,136.473049284108
150.8,-11.030853795589405,6.608266150739007,132.987748756378
150.9,-11.924342960833114,-0.055769078597370125,134.216742992498
151.0,-9.773110073232214,3.78637209617691,127.474846119549
151.1,-9.214824478290705,5.0039116740538425,130.542338784548
151.2,-14.789795429947514,2.27090973891946,129.906896270572
151.3,-10.473075224443974,1.36173853136685,128.655336623243
151.4,-11.622968088490515,3.32228636594682,130.767761254872
151.5,-13.25486299947156,3.8469485361004128,128.422876717467
151.6,-10.021385832512982,4.4027234224612535,126.49258963922
151.7,-14.231813675073361,2.2163225056939933,125.067976899977
151.8,-7.544353996228981,2.6560746501877333,118.557613136272
151.9,-11.265218006026732,5.056549590130823,124.887771951283
152.0,-10.881190418542964,5.326112264027379,120.528316568067
152.1,-13.170993093570683,3.7729457459354188,119.085349905965
152.2,-12.698511365480183,4.344142456799329,117.51463801509
152.3,-10.972739250483674,3.9889092983633887,120.059850212277
152.4,-10.458925423367258,0.34488596485153433,115.936966987641
152.5,-13.610863641291127,2.9195373797379993,117.777088812898
152.6,-10.824521449967968,3.8401161837218596,115.092871268964
152.7,-11.134696884577437,8.548997216277119,114.298453700032
152.8,-12.064273655071702,0.8289647665976032,112.31511534963
152.9,-11.395934072104085,3.8605540636231432,110.260260267728
153.0,-13.357474861078165,2.4503801180474203,111.020279657471
153.1,-15.090207157385185,1.0607547077343202,108.739716869222
153.2,-9.744621832189965,-0.10059716165863986,109.2821541101
153.3,-15.149413341301285,-1.9850722089127895,109.295896244711
153.4,-16.324706044108783,1.5382383767882502,107.877179979642
153.5,-9.022086317197045,-1.1210073389691302,105.779549240493
153.6,-9.174214125223434,-2.0871605082526794,103.305323521441
153.7,-14.853617765604675,8.037896781828398,104.173749522136
153.8,-13.941651883530703,9.619593390335984,107.67279099531
153.9,-15.348134359968444,7.014017541686346,103.180913144249
154.0,-13.705677517680623,8.872893264658186,99.6221997755471
154.0,-12.384748418753977,6.882843788403678,99.6221997755471
154.1,-11.088600995776558,4.3918918708295855,100.882702667424
154.2,-16.491503391883306,8.557544910323896,103.161717979532
154.3,-16.31542891426101,6.424307267812454,105.16801522173
154.4,-11.127114899562297,1.7235838195657864,99.1273859605845
154.5,-14.111512620883978,5.371500284201927,97.6806142728591
154.6,-11.472136469230051,6.654988440659983,98.597939073311
154.7,-9.609727989130661,5.876162535484283,96.8626704883021
154.8,-8.925000735010531,7.561006412338602,97.5742723293429
154.9,-11.490435438471618,6.867924592361839,95.878899201904
155.0,-13.356655578684581,10.82199234603734,93.6071556437844
155.1,-11.52076675407628,5.1970146001648905,96.0166288599929
155.2,-12.74894814389695,2.5518436214752507,95.048357210872
155.3,-12.224146599417228,5.115774161672995,91.3926738263016
155.4,-7.76951906516852,8.5152166092707,93.9276422416254
155.5,-4.94932147897257,4.560019001003565,96.0759143760182
155.6,-7.15836789933222,6.465979619259395,91.0561461356894
155.7,-6.12527902454121,8.394755360220957,93.793211365608
155.8,-6.884829000789246,2.991424596723289,94.1249791620309
155.9,-8.619561878119486,4.648070744326979,94.5018752934996
156.0,-1.4510837406317678,1.859712098677469,95.2849333766232
156.1,-6.515942543058786,2.654603746881939,93.2040037027761
156.2,-6.359968146210425,0.12241280821153921,91.2386945143395
156.3,-2.100867618740319,8.445421230970677,93.0155282196742
156.4,-2.363822715173051,10.13286949053776,93.1842742636873
156.5,-3.7920851209544244,8.576417907726027,92.4051111155033
156.6,1.923012171849386,10.294349231814751,89.5773482864591
156.7,-6.325266243860314,4.573670905426939,90.7999219566496
156.8,-6.9625096431099,2.52594763448534,91.3852072550513
156.9,-3.5604852820179036,4.326039309898118,91.5152613823136
157.0,-5.770194260826074,-0.8977265918083797,91.4302625878116
157.1,-4.923334726418093,2.73515690658738,87.7956129505954
157.2,0.910805161510492,1.8144202914310918,91.4218456841774
157.3,-0.613309316784358,6.5880097821429295,89.4128130059823
157.4,2.147993376145102,4.899271438288381,92.2875910609994
157.5,2.9669934063517225,3.8425035294490115,90.6798667384293
157.6,4.340593699541962,3.1116412309958514,85.3893434039197
157.7,4.377216250501958,5.658071401160814,90.2039722712478
157.8,2.6800854401305383,7.296998710429424,88.4233696938238
157.9,0.29999142574474735,11.012283884746614,89.3892324838657
158.0,5.410567210826628,3.109841886764224,92.6047263537817
158.1,-0.7562509110318727,6.786985651125664,91.9152855601217
158.2,10.61909412789699,4.036497516889651,91.9453916643353
158.3,9.355691884893659,8.3436965276177,91.348716937674
158.4,11.133573348449689,5.317857015719591,90.6035347082228
158.5,9.043269694177038,1.8845483824641205,91.6889234109704
158.6,10.441608165858506,6.721365039334656,87.6070062897088
158.7,12.085462622546775,4.457813349255312,88.4090864149221
158.8,17.875527961374278,8.216168667894081,88.7179839384071
158.9,9.508136245816175,2.9136269172209115,93.0472673398852
159.0,14.968963326654876,5.641475890819912,89.9282468749117
159.1,11.149724038247545,5.453092763484311,88.3553284469487
159.2,10.474618854330945,7.52019643649083,90.4325312107054
159.3,10.326438365496745,2.7691243008305007,88.1876707586234
159.4,15.669458409846246,6.065104774481491,89.9363927298297
159.5,15.889317082658497,4.8083611185828445,92.0512338079587
159.6,15.36376442357075,6.30010527253803,89.4420244346903
159.7,15.360212700618149,0.9798782935469115,88.1096069155734
159.8,16.14858226514545,3.2636742620037413,90.3135985100445
159.9,14.127538664022891,3.0992649325899437,89.857942552567
160.0,17.686848402969588,3.143300467475168,88.8202006340281
160.1,18.280909075205386,4.4737385227841475,87.8777085969327
160.2,17.924933532124786,3.9331839426185775,87.1997833248513
160.3,23.749601035872388,4.815231971769597,91.7544531690252
160.4,19.35288214953759,4.753791319788418,93.5836888485514
160.5,23.738763449712486,3.9243154623807976,88.6692380354522
160.6,28.16588720009004,4.4360119512830956,91.8214528622378
160.7,26.49104666304484,5.596990998628086,90.3995830019748
160.8,21.12693722446604,8.810860217910365,91.6137531473319
160.9,29.683133531855937,3.9620658220809055,92.2007878813313
161.0,26.060475588594144,7.555359655042872,93.5358127928517
161.1,30.68087391272943,0.3962562633947808,94.068895489047
161.2,34.36345839428033,3.044790983271941,90.3314492530785
161.3,33.14729868063803,3.070246293496531,88.960180972897
161.4,32.60173002811403,-0.9787815795449086,87.8050284144043
161.5,33.08935238540918,2.0304409069928795,91.3123257740525
161.6,36.70524743042033,4.743782300582043,88.1136824917453
161.7,33.29732167659043,5.109823341945893,92.7999846247301
161.8,35.349896835790034,5.812098225447773,90.6412372412525
161.9,39.74915167228991,0.7346119330157865,90.3116530867505
162.0,38.31080696056924,6.002754728895536,88.2094587013561
162.1,37.034733546928635,3.900544191404016,90.9545733650193
162.2,41.259686955869135,1.0537409986116666,90.7158620075137
162.3,40.09789661332615,7.539050964252933,91.6171716348402
162.4,38.718344258498625,5.999127404565607,91.3749858583257
162.5,35.691401971017925,4.126169640609377,92.3824635944648
162.6,36.028655010361526,9.872573250021388,88.7728233851531
162.7,41.149203738087124,9.985366494080548,92.215071891102
162.8,40.274413347348656,1.0661926038259795,91.2240295672238
162.9,46.04578294582136,-2.0006425216544903,89.60712794418
163.0,46.76089740929346,0.7919194562641296,90.8501097605968
163.1,48.59360723378366,0.6059603459030791,90.9862216065394
163.2,46.78760235532131,-0.7477215062864238,92.2692925082317
163.3,49.3051185835305,6.13890382207853,89.2972307697024
163.4,50.077821612530904,2.9702270031546893,87.1251676030987
163.5,48.5708547350929,5.20439704600062,88.2638557196072
163.6,48.883012287091205,4.09808799314105,89.0078272793277
163.7,51.37352439304113,4.887376356429738,89.3073384184331
163.8,57.567513676141125,2.290711833743778,89.7005750473231
163.9,54.01748242049233,0.8721808256140182,85.3871878590199
164.0,54.75296158223173,4.650366870019238,87.9142230937572
164.1,57.905974570684265,-0.8142407530187796,86.3287575734411
164.2,57.48795523506147,-0.12054919381331786,86.5149094965671
164.3,60.85010761562487,1.6855497651333424,88.2219482727431
164.4,55.50304450297917,0.4824297972514122,87.1345438403232
164.5,55.042557723231575,1.6426178178655926,85.3221417874545
164.6,64.59703121211803,5.421735901989308,87.188373731789
164.7,62.286543501398526,0.9537741507154687,87.4637641306012
164.8,64.11288651815883,3.356650593968719,85.3405200706441
164.9,68.84940967815882,4.151514721720559,86.5726266610295
165.0,65.37276621807533,5.807000950477299,81.8628876051093
165.1,69.28451740874893,2.6031838388250588,84.2025364614355
165.2,61.55595075340643,5.238992449384399,85.8432996122766
165.3,60.90782321221753,5.878182979376218,80.7179911590178
165.4,61.98987166743964,6.819306120531649,81.6810759268342
165.5,64.86677337764912,6.582310012628478,82.748698908565
165.6,66.4128611114963,3.0394155103351297,84.9220907647389
165.7,71.72777351457155,4.038404808054959,80.3862137588211
165.8,70.38568678040455,3.973456460584789,83.7641386334127
165.9,76.37256802123795,-0.23672844048639075,80.5835591885099
166.0,70.60200900703886,2.0315229471219993,80.0171842011881
166.1,76.23293527004465,4.376260881638503,79.1777352930681
166.2,73.42118099317365,2.663022034569603,85.4187916202848
166.3,77.75681634070095,5.510050046702212,75.7054994791383
166.4,78.83495039060334,3.2717997185396026,81.1080685419418
166.5,74.87015955000999,0.12932185316062128,80.4863723169178
166.6,74.61615738579874,4.203701062272298,80.3910899181764
166.7,74.46417634269515,3.605603132744559,77.2695915318305
166.8,75.46478273903165,4.652752855473679,80.6917465907049
166.9,75.48564028992685,1.3617279849761585,77.9383906638907
167.0,80.88034934271816,5.885746121078803,79.7280435551263
167.1,87.08824777624126,2.7484866147570726,78.9910403846149
167.2,87.01509624342177,3.6368107740852826,75.4590934662952
167.3,86.30936707903047,4.093877561552923,76.4807851003445
167.4,85.73887420377235,5.374401112070733,78.2795869164908
167.5,86.74586841785683,-1.8980091118362017,77.318744715537
167.6,83.72495261538432,-1.7299695889725806,75.7735458332089
167.7,81.95778353141033,4.726790093747258,74.9490382297012
167.8,87.75892390056663,1.765609655675049,74.8001628697173
167.9,86.20428200342866,1.1000098346706721,73.9581215990143
168.0,83.59552636589918,3.40890949959367,73.4654584063158
168.1,87.00188683163817,4.85290041984853,74.9805265157635
168.2,85.51743566315157,3.2062200966149996,70.8992865818669
168.3,94.55849990449087,4.261155047377495,69.4751881096691
168.4,92.76550718655764,1.2272301012802034,70.6703347831286
168.5,95.42849473606145,7.1538516106879735,70.6562644783491
168.6,94.12975926314515,5.015476051328243,66.00789831081
168.7,95.13383048023918,-0.6232128891167372,64.5099088135401
168.8,96.42746714090542,3.7592170596971415,67.0971889186471
168.9,94.52025183219843,1.0783110076281117,66.9147343618888
169.0,98.60130510330163,-0.969991476093198,69.3179298762913
169.1,98.79471966607422,-1.9873782129933693,67.9518510899956
169.2,98.40476859682994,5.622138155941809,67.8467908781404
169.3,93.53995948589534,7.615592324372329,64.3118016701736
169.4,92.04959786384964,8.659801910190978,69.8741548864632
169.5,98.57415559989394,9.15027411318914,62.6652304289341
169.6,99.26447882160794,9.040665329902918,63.8126551489008
169.7,98.61619300452794,7.724917229231729,64.069732055787
169.8,103.18837354871172,1.8215368947682178,63.5056850527422
169.9,102.48956953296472,0.6862083456899475,61.7057600841532
170.0,101.16054741732472,0.4964449167971683,59.9693795184237
170.1,105.74327994570272,3.4184377655309977,60.2111555868685
170.2,101.87237264535672,-1.4960625028913928,64.0970203882126
170.3,106.57859907209134,4.483971595465957,59.21784683681
170.4,107.18557517379634,7.040940755433367,60.0130210225789
170.5,106.98650813321933,4.3414458883136575,60.9001053873951
170.6,107.82479032984934,9.208400481988066,59.8562229028119
170.7,105.58516907405252,4.165694006134101,59.8045737780621
170.8,102.40411267108551,-0.5823097011180058,56.4685638692505
170.9,101.84151704508751,-4.028114413527235,58.3035014295799
171.0,107.1730637021795,1.6254746021591142,59.2426342849673
171.1,108.61195861650303,0.4959493589416262,56.6498197268152
171.2,109.45982594144161,5.463670814407582,56.8570852307608
171.3,104.9078630385456,1.6988676385038817,54.0164094524159
171.4,104.9147260820056,2.604363130132551,54.9924373309638
171.5,107.8942742493796,-0.24364516029739836,58.2975266370925
171.6,112.0005439904859,6.239650485002858,53.2260499074688
171.7,109.3185554231119,9.921095995509171,56.7862513273482
171.8,110.78592882705989,2.1223393002609985,52.0157734794651
171.9,112.5618288192109,5.0327618253158874,49.504597249352
172.0,112.1683641678569,3.066455403354408,54.4790157088121
172.1,113.93003023942312,6.067222417436374,50.902009040589
172.2,116.30386097292111,4.452738363721814,55.6998721427995
172.3,110.84615262966813,5.711265452451284,50.217349985018
172.4,116.92675834110712,4.009244274217734,49.1483333209723
172.5,112.37318720183713,3.848866011314474,52.8592942667537
172.6,118.4265896557038,1.7585984644583155,51.7826118445566
172.7,121.73602521092879,8.590135500128095,48.8764958185497
172.8,117.90767564125579,5.0436545666843955,52.3844178447228
172.9,123.59288860563679,1.9728969390975255,46.1639262320647
173.0,122.52483532518178,3.5587279025040557,50.6833766550441
173.1,121.63825301516617,3.778016898693319,44.2006711202159
173.2,121.37012546656517,3.9931351199269987,46.4144968346451
173.3,116.92165581538117,5.271348444339809,49.4103477116955
173.4,119.47282922991518,1.8276843234042888,46.6967835111698
173.5,121.17872205178317,4.8211158398734995,44.6371431627158
173.6,127.66656352989466,-0.6400769439865632,41.6494323025366
173.7,127.42041509364668,2.837064099617237,42.6712742115423
173.8,127.29289594537167,3.374069977104657,40.5640127443416
173.9,127.22122284264168,1.3881146998039569,39.9544536195201
174.0,128.44745427578366,4.575927629508337,42.6884050418445
174.1,130.13898712459462,-1.735026509385789,43.7043271195121
174.2,124.17273531642661,1.0295812763091314,41.4439361358894
174.3,127.2804336817976,-2.565413280988869,39.8308455757213
174.4,126.93968520079562,-0.19669468888708863,39.2092244845129
174.5,129.6494507047146,1.8791147654036013,35.8869850572869
174.6,133.7265234769135,4.53945708239328,39.2589923691879
174.7,132.37002229645952,-0.31439643733407063,36.4732772446712
174.8,131.9727515216185,2.52166716495349,35.8046586370927
174.9,132.09001032090774,2.08715436269316,36.5124931759052
175.0,133.32123443277675,5.45243601297164,35.6098502617541
175.1,132.87615815287893,1.5580065373069498,38.2738018401405
175.2,133.46091840379862,3.5577135670316347,36.1104380358125
175.3,135.9416773959796,0.806327326286425,34.6290049828453
175.4,138.061243080933,8.99430975193977,36.6672070770775
175.5,141.782898119805,5.5149039133993325,31.709168449306
175.6,136.37264837418184,3.4290404222219797,34.2717037859422
175.7,137.46827104095726,0.598893544299191,28.9445638851592
175.8,134.93915153067528,2.5800579896526914,28.0625708659416
175.9,141.08516703597982,5.705341270847816,32.6244612329862
176.0,144.6933823698028,3.854605710269875,29.3853636038108
176.1,143.45854412046563,2.184791456602496,32.2132991791591
176.2,144.31286946542065,4.1828824352233855,29.5503808719396
176.3,149.04382709011483,5.9567539362604,31.904027967925
176.4,146.00779329393865,0.22137523990258856,26.3281386269283
176.5,149.64699275789366,3.8835899837158587,26.5885961080364
176.6,145.89286961180684,2.399205448306576,33.6366985874718
176.7,152.49561932192285,-0.16671498979798383,26.4005661718465
176.8,147.13808085496962,1.2468190861743018,25.222259453358
176.9,145.91769389244786,0.11543982977789646,22.9659281206022
177.0,148.37741089318985,-1.4854469228770828,24.8487931292309
177.1,147.32728283956303,4.486448874427746,21.8248379691155
177.2,148.38418775670678,4.182119107393234,27.2610976494624
177.3,152.50592656518577,3.9971161545456244,24.8289847437249
177.4,151.83252204075515,3.2088512457546656,23.0066780624948
177.5,156.78027835261787,2.4636936345752716,20.57917809566
177.6,153.17657054037787,1.8547290822342823,19.9956247000538
177.7,149.44286992225094,4.757709449547507,21.0300840133343
177.8,153.38317605687993,5.860725768481197,22.7013938100827
177.9,155.76890619558893,4.603004327616498,19.7639802895207
178.0,153.22699818103584,5.929558279721696,20.5200241803311
178.1,151.68098547077184,3.564829043667586,18.9070178187994
178.2,155.04205196978384,1.4363653938311556,19.357432225784
178.3,157.60908265383375,2.446267267895071,20.1677467443355
178.4,156.01930501935476,2.5567986929373117,18.7858231073129
178.5,156.8477679516686,0.41902948018042707,19.1311075276508
178.6,159.1975107885048,5.771641830418808,16.6250131173674
178.7,158.4891132070388,4.021055071631058,18.16464993789
178.8,159.8717103320484,6.770347070831188,15.2101790555726
178.9,156.31964200598802,4.6606613507398835,15.4465429036139
179.0,161.15696961321004,2.9797497080832134,16.1399953669313
179.1,160.0751546625101,3.2635797946900293,21.8064082775819
179.2,162.15907036107754,6.339581400584153,21.0844481145166
179.3,160.32087529703054,3.9816714628738534,18.9760949489259
179.4,163.135986448634,2.5807807874849225,15.3800384069225
179.5,161.39387721195598,4.269575896722903,14.640924643815
179.6,163.5976646062503,2.4141261241318777,17.4563462650377
179.7,161.4045968622697,2.7018739390228186,13.8349726169251
179.8,166.7242269139887,1.361601527568399,14.0013406715089
179.9,163.38890793678485,7.510259880120753,19.2387497285403
180.0,164.79775597180986,5.189026222611792,15.0816537247469
180.1,163.02577384312013,4.886760855525755,15.6460788021148
180.2,165.68583407701814,1.8741905763902444,16.725168398501
180.3,163.81543855926716,1.356514936151994,12.8391408757239
180.4,166.57380385765626,3.583384383695125,15.5064178497671
180.5,169.2907639956803,-2.638600456137926,13.540130143126
180.6,170.84706915659729,-1.1173990512322654,13.980271341082
180.7,170.04173155576265,0.5831869756612855,15.7736498503781
180.8,173.8501602844627,3.1203771587313938,18.6225249066631
180.9,174.19679841244272,-0.03773125052428661,17.287589978727
181.0,173.87532114414296,4.202494750794448,12.23782501537
181.1,173.31476170041674,3.186864955398473,17.2703803710118
181.2,178.25689733459674,6.7528471647660835,15.3696334139038
181.3,173.68526059502796,3.6238755316786815,16.8453352586508
181.4,178.04238541169426,4.449996680789106,15.9587487112909
181.5,177.40437727154523,4.511376941708446,16.5685970771859
181.6,181.42386254734313,6.568473881620713,15.9106842179693
181.7,174.5866787949884,5.506628194343508,13.9441067538521
181.8,176.82946656902138,1.639343161218867,17.1107088519514
181.9,175.39178913529642,1.0119639025154124,10.6847512958308
182.0,172.37325149541803,-0.1527991945469811,16.7059039489201
182.1,178.33923358535304,1.7223464686603283,12.8239277719662
182.2,183.84119340788823,3.7792649234304783,18.4612805450703
182.3,181.5712188843162,1.8430811395576088,13.5148226552545
182.4,182.05238490216522,4.926872464641638,15.4561726085133
182.5,185.60989956938133,3.395804808742633,14.2108554170121
182.6,185.23376980582034,3.240546273392103,11.8984666510853
182.7,179.76196060187308,0.30564570870480345,11.7668353574308
182.8,185.5413131095481,0.003258770254674026,10.8336349817776
182.9,180.68060127848557,2.5976266366728096,14.4819131524723
183.0,188.5772610636111,0.6466690035796301,19.4947959380878
183.1,185.7867856541546,3.1397550471490847,12.830249403379
183.2,184.87350795947341,5.7671006379731455,14.737575099754
183.3,187.99754980863742,4.7452898134707855,12.3658571067378
183.4,184.70266788714082,5.128638225257057,14.7865267489185
183.5,187.05913760026482,2.660987805994397,17.5771990179203
183.6,190.7409667380158,1.7429766042053494,15.1864106599263
183.7,190.9163367071568,5.777513783916679,16.4900060934665
183.8,192.135603871446,3.1016008016011423,16.7898307728511
183.9,194.7870543516574,0.0008030555663811612,17.5598737924078
184.0,191.4058452925705,1.621820393066585,10.8440025570427
184.1,194.39584163302348,4.393579947900395,14.0139975376737
184.2,195.07191845205548,2.9526165201070453,16.2553106931538
184.3,195.32816102159555,5.030771181071454,13.9659869171505
184.4,198.76922765538754,5.722513070502025,16.7717725432218
184.5,196.67722771196432,1.549032091658864,15.5065135136832
184.6,200.4356495721933,-1.3777088750874764,13.2872836006863
184.7,199.23394290988932,2.6369116309885934,12.2015896975449
184.8,206.6755581526495,0.10262930639321777,13.4658643871801
184.9,200.6270642443585,-2.3855093324081427,14.1089015959558
185.0,205.02077283707007,-0.4784358857793318,12.9069525256205
185.1,204.27623562331544,3.936873404594029,16.229787387135
185.2,207.59612986260547,0.26675979997693844,14.2834640142527
185.3,207.1984013450992,6.056885497601424,13.932825912244
185.4,201.97355860488963,4.9600233763091115,13.2636401827569
185.5,204.90951515060866,2.361501783940101,13.2199685176226
185.6,208.72205339412625,1.8530921605543504,11.54934493414
185.7,205.693792945911,0.24983449307258354,13.4695306327282
185.8,202.91398552990802,2.5775103982044136,11.4410922890246
185.9,210.4334964766522,4.733394817340701,14.7412500354753
186.0,215.0077699017722,0.6713371205398513,16.0835118115221
186.1,211.5030575536202,4.623423696492562,13.7469745292695
186.2,210.9589921856169,5.587239643858606,12.1728254585998
186.3,217.68466583757788,5.8968782629588965,14.6345485479488
186.4,215.12250533382135,2.2021087827750936,15.9400078735431
186.5,217.2833371196612,3.372003109060894,15.5376022668784
186.6,213.1023339199892,0.49229273039078514,11.0978705020858
186.7,216.29107369525818,0.9482225071854646,11.8380491419384
186.8,217.2662091738975,4.876362521870922,12.2258670972529
186.9,219.0048516959395,3.799837454929082,12.5542274690064
187.0,218.38015791388446,0.6257862827155005,12.4591419540458
187.1,219.22658446022925,7.34449984405359,9.37250582844359
187.2,221.96651535217225,3.7232836294052998,13.0835022843951
187.3,230.00857950184135,6.903889916586282,13.4877488391348
187.4,222.8229412669672,5.712833303212014,13.3444599157933
187.5,223.06322250262022,4.217361780548094,12.4273899454377
187.6,226.70967022233737,0.9900129522452694,11.8233718789867
187.7,225.82659841120937,5.05818535695882,11.251038400538
187.8,229.48332411306737,1.6554625094569193,10.8014642233007
187.9,224.91848107304634,7.423786347749159,13.6671490490018
188.0,227.81760852383735,3.2612293991873784,9.05219403881687
188.1,225.52858530258132,2.9984421453030965,9.49152448735488
188.2,230.43670383814404,3.306563522838882,13.3119214535123
188.3,229.09909248990405,3.065571546722083,9.30644252838551
188.4,234.16742870879153,2.119062360151382,8.26994122548819
188.5,233.64215187503953,7.592252858414762,9.66668788655734
188.6,236.51920204499652,3.6442869666170825,10.867695491221
188.7,232.53575088015438,0.3457339513332691,13.4971613718682
188.8,234.23929639107038,1.9499227646191688,12.3332524896969
188.9,236.4542347219926,7.2096300260694575,11.1968912766941
189.0,236.6764178289566,2.361408284933498,8.60154796541595
189.1,238.8184782937766,8.274976351980516,6.6245298661712
189.2,239.87122312545452,3.476424511225373,10.1818970821383
189.3,242.07353082711253,3.0551897041339124,10.6412156225448
189.4,243.0092949840208,5.357348382173531,12.0003347576263
189.5,241.7211928889748,3.27754925786107,11.0405570997991
189.6,241.5056851994158,3.18127630687996,11.7974047411866
189.7,243.19958806418558,6.4129424751294835,7.97625173749452
189.8,245.1921331598436,5.465361425520384,13.5459033370373
189.9,245.92458798355747,0.8984259360238731,8.7649783940834
190.0,245.42183008994948,3.712522816645113,10.1711784889553
190.1,245.25352856230475,3.3238449987514125,5.93007860425681
190.2,250.26702912489174,0.5306922215050118,12.331443386224
190.3,249.60959145917474,3.684799566680362,11.5965861334181
190.4,250.11541368135295,3.3867076038396515,4.48997525552375
190.5,249.65344986279794,0.6137933725188915,10.088942684276
190.6,250.26668271760943,2.10177607107579,12.9687406993418
190.7,253.5358565541874,3.124769949863369,7.16076082651128
190.8,251.68372485967242,4.940984290186709,7.98836162930425
190.9,258.31686728736696,2.0363628960843503,6.09066058490257
191.0,255.85840554161297,-0.6836341005778994,7.46967844779205
191.1,258.8507222707559,-3.1838297722385036,8.23339412012613
191.2,254.978626508416,2.882157051942608,15.0316409611152
191.3,256.387120674228,5.139875166404667,8.17723099803431
191.4,251.54093995526173,4.58736031311518,10.1837820567542
191.5,256.3321943654018,2.15125985648433,7.7843760579954
191.6,252.08675022397975,5.43629793980239,9.64088087384035
191.7,260.9649149678905,3.4620594878188786,11.3514060580437
191.8,260.6705417294905,3.8661006985497695,7.71965662293989
191.9,263.0004292289649,0.2932919866841548,9.53208935847582
192.0,261.9364116415161,-1.480354381516383,11.1399660360549
192.1,262.42332108847705,0.9422010078707164,10.4801428187929
192.2,260.9669991210326,2.326432382716849,6.92402116768701
192.3,262.57469107363727,5.819581163479169,6.84883674310308
192.4,261.8748142029873,0.9481619129411598,9.12210445715033
192.5,262.63701659040805,6.1710887433240575,9.46020656453592
192.6,267.660455868109,3.8877782866502777,7.70306381526864
192.7,260.30194755825204,1.698817671654858,7.71264698199575
192.8,268.7445141360259,6.768126459197873,9.22135495504304
192.9,268.7146006763839,8.414624742671535,7.40193487253817
193.0,271.4301703349949,7.824465656497762,4.11968699513049
193.1,269.9058709737869,5.580790501676976,10.3160561102247
193.2,268.57422483585486,1.5228584641192757,7.50018979829059
193.3,262.38154850390845,1.1745323625339132,4.54615030783559
193.4,266.8160302995344,-1.6085679860900868,9.11921355569645
193.5,267.0754865224774,0.5974782307327136,7.38573699164823
193.6,269.6692856454203,3.370796931527698,7.11134578049252
193.7,271.05946717633844,0.16430811276796042,4.48678431585654
193.8,270.6295536195164,1.7534912023962406,5.52251175933799
193.9,266.80621751290187,0.4837654088027019,8.40969868622992
194.0,266.23534349904884,2.415026518504021,9.01226493048841
194.1,269.26007217868687,1.740445418506292,5.13695837895975
194.2,267.99742482048003,2.707519451640268,4.24422163728244
194.3,270.391311625196,2.5982520761824475,6.75925079824912
194.4,268.65150455986185,2.3916762287902493,6.18969281857145
194.5,266.24122543338643,1.0900198096839642,6.0183129828224
194.6,270.2047352376364,5.5854037114415735,11.3795792721639
194.7,268.6700083396747,2.7940781266134547,7.40876266309447
194.8,268.2361173555347,2.8913787382571545,4.53987213674774
194.9,273.5488883522697,3.843115997945784,7.33419453412116
195.0,263.4047055524224,4.675231932061367,6.09018369705651
195.1,269.1697601483444,3.8177021143259857,3.74164713670095
195.2,267.0841477570704,3.856133062982437,9.14609175276162
195.3,268.78687506035317,0.631637948728887,8.93906170668249
195.4,267.90447709927116,2.141081189029718,5.72388475594436
195.5,272.31132874967784,3.335823252986856,10.1386090202641
195.6,269.41916871508084,2.1314525652060556,7.3530335713633
195.7,272.38593399822133,2.913121006755029,13.7434146281565
195.8,275.030124511661,1.3060068140027656,7.8559313935224
195.9,275.461592329577,0.40941766465516594,11.297467691634
196.0,273.0433749004773,-0.023091436391906583,11.1740880184151
196.1,272.8468660956433,5.615226950260444,12.2638488751817
196.2,270.28972467094394,7.427900621517153,9.52918923754329
196.3,272.96996788461655,1.5109228335249334,12.4492517496103
196.4,275.0504942078996,0.7359477367378329,8.9775609048735
196.5,277.82796058999844,-0.21843026592635262,13.3926801075767
196.6,274.1221486933952,0.9266825485455055,11.0288823535695
196.7,273.25253749247224,-0.11287329299489457,14.8126621002678
196.8,274.0999193813608,2.4190230031273465,15.4782884548015
196.9,272.71725473038913,3.0866841771885607,15.9964936142058
197.0,272.6732477009871,4.378750088523571,14.0727449358532
197.1,272.7994141696315,0.8060765464208739,16.7926580035135
197.2,271.8326883433545,2.552578572381673,17.7489293029606
197.3,276.4664555739883,4.273577639398598,13.927471935044
197.4,275.6710809344058,0.630003477117139,17.3563826993602
197.5,278.6133860512648,2.9658735983026094,18.7942698219063
197.6,274.5362049110955,3.129525892764251,18.1833211003314
197.7,276.39467240036055,1.9153541551782904,21.9727370147366
197.8,272.4921236629728,1.8682552190052757,21.7084845571662
197.9,271.1143188599454,2.890842378290637,20.9985682429854
198.0,273.4351925862074,2.0909207206706864,19.8550456589598
198.1,271.2360898137659,-2.160449410247111,23.6647005717446
198.2,279.7232918869646,5.5233530960536825,24.1226279512492
198.3,280.2389374323876,6.955350043513043,24.9649769596399
198.4,277.5627557138157,7.632592121764366,22.6806020860175
198.5,278.45385125804785,4.097576806443607,23.8226806678375
198.6,279.3124146078089,7.4695472256699675,27.6244636343345
198.7,277.5690967378019,3.202666101787454,25.6780424316983
198.8,281.430094123383,2.8102629365790506,31.1905402202514
198.9,277.32072961196997,-3.395925475573609,29.9340115500449
199.0,278.03490138211146,3.2335980705434295,29.5705745996006
199.1,274.4452621478694,4.80712059530693,30.7587560625521
199.2,277.65973240826344,6.40736352216047,35.1230037282285
199.3,275.7508897144092,1.4935801069864052,32.5015870904717
199.4,277.6213661120922,3.4034191996869048,34.2130029701155
199.5,276.8779148259027,2.047171615832479,33.3579531295387
199.6,278.0358087077679,1.4982237086733914,36.9150391366646
199.7,274.5810520490989,-1.2582948602408681,39.0201157857485
199.8,277.72099240015024,2.703564517238352,41.4438051799136
199.9,274.9607090541983,3.4174279171205324,38.6342965055859
200.0,275.07839109670425,-1.4173405257281466,41.1070460243979
200.1,277.7889420432823,6.266620786771721,43.0879056807102
200.2,280.1849258816203,7.490507949908592,41.7443769059049
200.3,281.53948775625537,6.056540768500092,42.921561420533
200.4,274.4059314863542,5.221692270151154,42.2855149937088
200.5,276.6695645859952,5.648208933361925,42.8400806683759
200.6,272.88512346133194,3.816266088988133,48.0290491342873
200.7,280.6153189788653,1.4683288834418828,49.1494485131674
200.8,275.8479324009093,-1.4834846395159165,48.5570950931705
200.9,278.0845458849969,0.8760722458400352,52.0719062787813
201.0,283.5808039307599,-1.8548899062521045,50.1083556239609
201.1,281.4080699551899,0.04484000213819428,52.3308590659572
201.2,281.2884602353041,4.671665170250765,50.9528335309641
201.3,279.0454940079851,-0.7046641262937534,53.9198060022937
201.4,277.78261532987307,1.2889598300045453,54.2418203607012
201.5,275.78849085541196,4.202852061435328,52.8920944633602
201.6,273.742956037257,0.5220296324093177,55.2267858399749
201.7,275.8652534408945,3.809181968541246,58.4689427623385
201.8,276.75974651293717,-0.14285244381428086,59.296514869123
201.9,280.92163671950016,-2.825613892567281,59.2352502153524
202.0,276.85828862392486,2.5890582627734062,64.0228113133627
202.1,277.31500261157606,0.15775258115855095,62.287759910076
202.2,279.29157509216105,-0.359338344825348,59.8587448826607
202.3,277.0200165044582,-4.851348997793902,68.7847187109264
202.4,282.96724097856753,3.330934014592458,66.8248695648906
202.5,283.8461590953325,2.7994387815860584,68.8332101965661
202.6,283.3266790411505,8.848177875753821,65.5958669147586
202.7,282.1584982854235,2.947096815397339,68.6985032572226
202.8,282.8934530602025,3.388118584947538,71.1988205162609
202.9,283.3868214145047,-5.486636426353694,72.0275299729535
203.0,281.112004548434,2.330519382391019,70.1233590223034
203.1,281.241904829545,4.545435819728908,71.6862891561729
203.2,277.121696300815,4.667878520674172,72.3854578936203
203.3,279.72900978718826,1.7593461835778985,74.2467301652278
203.4,278.1522194098523,2.546621685781398,76.6438217662881
203.5,279.57910041348896,0.6760151157890668,73.8176675144293
203.6,279.1058333612508,2.1733850803249872,77.8710469509842
203.7,280.0739359436948,9.211582705459616,79.035850387795
203.8,281.42181563090935,7.523378612926596,77.8615757368361
203.9,280.03836203849613,-1.760258718896985,81.1698509984643
204.0,276.5895101304671,-0.3333784093849843,81.3978819617821
204.1,281.99661978302476,-5.63697104012193,84.0067262267831
204.2,279.86301671535705,2.2273706052310693,82.7249795499161
204.3,284.36914911343604,-1.593809149859732,84.4707012540329
204.4,284.0039865804815,6.942237579857382,85.1795306135881
204.5,282.37697465710465,3.068433333255797,83.6477084743272
204.6,276.4691785683527,4.108998172863947,89.9510664174673
204.7,275.97513183902424,-2.202896190773542,89.0068728897971
204.8,280.1102622248414,1.9895591906257817,87.9557252122929
204.9,286.4088695609184,0.1787016519294813,93.3052268022935
205.0,280.5523550650457,-1.1636613616625677,91.3482443244475
205.1,279.6487690259067,1.8322660046413315,90.7235792253653
205.2,280.42992668228965,1.7164520885068324,95.5635461244328
205.3,275.48574783092505,1.06774449834983,96.2016160657333
205.4,281.24561271521094,2.3671240485526557,96.6988924461908
205.5,282.45993571106993,1.990086989444098,95.7343518018762
205.6,282.1972858010299,0.4531131245314981,97.7548349832721
205.7,282.62891643644775,1.3055559346739898,101.022891392249
205.8,284.9838560786017,2.9351845449114897,97.7202273989953
205.9,283.02268970824474,3.709328296794224,100.668338949064
206.0,283.11290768135456,3.577584988176115,102.763604642005
206.1,285.62428946265754,-3.3306125266540825,103.681844570331
206.2,283.4511970657951,-2.4321838915775693,107.491374962414
206.3,285.5296529562835,1.1066108438122573,102.738808201541
206.4,285.7621187154475,3.250126243331458,105.352689357143
206.5,284.75889495122516,1.307852024696425,104.424524472092
206.6,284.6075523956382,1.486707949973324,109.167231089991
206.7,284.39498357309066,6.03603350217757,109.106346061465
206.8,283.30706438052914,0.9066747620610336,110.975823432999
206.9,287.5321713624231,0.1582184818684329,109.687678735576
207.0,285.25774957478944,2.001932667766333,111.363125210983
207.1,283.61191120421444,1.7147420808923322,111.307523097628
207.2,286.0988200586712,3.251523896516529,110.917384113674
207.3,285.1913102226002,2.0027502804615285,114.380679920663
207.4,281.9820343466472,1.499756375287328,116.396868523331
207.5,279.5026142907992,2.263006520437129,114.238080536318
207.6,287.4730839475353,2.6603774118972936,112.988507575365
207.7,286.4804004452823,1.0539966883831937,116.427133088763
207.8,288.2150868496963,2.021747438343093,114.460746692027
207.9,289.23052527444077,1.9037052079459418,121.129838729341
208.0,287.59782632020773,1.4089109643566413,122.441394081706
208.1,286.3788868112425,-0.6555421919920459,119.460995646724
208.2,288.33836269982163,0.5408296794962535,123.557382559027
208.3,290.48399806997463,2.786379857512454,124.790317802464
208.4,288.4451200389885,-1.0106043355196999,126.008544226444
208.5,285.7736578584069,0.8947056826066078,131.082056154734
208.6,291.99843910217095,7.525899170945648,123.482423553905
208.7,281.80074616838726,3.6162449312200806,124.67669446896
208.8,290.33908310444355,3.0139688800964723,127.23732743455
208.9,291.44435935448655,1.2469705497887738,128.057055839957
209.0,291.5528084949561,-2.0980677683279794,128.198723464531
209.1,293.1617425995121,1.5157518004657202,127.421906591401
209.2,294.9726754737728,0.08448791962125135,128.926335321068
209.3,284.3433648587857,0.6262574194320649,131.7524479773
209.4,287.6669563463717,-1.6714274840888343,132.916212102085
209.5,288.1689467430251,2.589548603744227,130.154581891344
209.6,291.5040164027371,-0.25954199506037234,129.501292791296
209.7,293.4180498978277,-0.13648755239559662,134.894624528203
209.8,291.78314272515223,5.241549825246155,131.196102520655
209.9,286.1830222081782,2.628988531710755,131.615876393533
210.0,286.5348893636839,6.577650898764164,135.982169704169
210.1,287.19634055853885,4.280348527631864,136.363663577838
210.2,286.32092528769783,0.7774083173076676,135.140014749781
210.3,288.8220118854069,-3.1957874756027067,136.244816841971
210.4,288.1514233688302,-0.4392829423151614,134.783105600684
210.5,291.4993373092942,6.421728269542269,137.062370870767
210.6,287.6764419586422,1.6927890485479384,139.323554386956
210.7,293.2486205891626,2.0165292952765874,137.702917137575
210.8,290.9195886554046,2.756705252070187,141.049911159887
210.9,291.8494025052637,1.3452000875744137,135.235890928025
211.0,294.11954044644864,3.1058784751262856,140.332401334413
211.1,292.7890988026646,-1.3697585832536134,140.718197101255
211.2,292.0924395911797,-1.6323291104288984,144.070624178387
211.3,291.16622399916804,1.3648701607161762,142.946599720615
211.4,292.374328855065,-0.4907524699494239,139.728606911902
211.5,289.62872838335636,5.36106587760081,143.53468226745
211.6,291.9869013834386,-2.905529263829603,144.041842269978
211.7,288.3942693634766,1.6588726125819981,140.384021485293
211.8,287.1285149251398,-6.4104674450923635,142.608495782279
211.9,294.2547451959268,-2.933052323280565,143.925922671302
212.0,287.4543214480029,-1.1449891136052663,146.037660595655
212.1,289.3415567296139,2.910938804381148,146.933937842258
212.2,283.57458609680185,-0.3764364640955513,148.356623115152
212.3,287.3616857267614,4.319509737214068,145.657093545182
212.4,282.7712704200284,-1.7239140327107307,144.172538893201
212.5,289.7156396575179,0.2596393192944415,146.025540105514
212.6,289.88690889615856,-0.7805911664950784,147.897260966087
212.7,285.3163800858175,1.5645478030705195,147.998227790447
212.8,284.9485026421816,3.140956388520358,147.048280277592
212.9,285.4579128356358,-1.9324983069734571,147.142553635208
213.0,283.9311343633688,4.463155350510144,151.255231576463
213.1,283.3244603202891,0.6495714259763421,150.387831552109
213.2,286.2128141367924,0.06569118755677117,148.385298522665
213.3,283.85302377483345,-2.9278846244089287,151.491795899061
213.4,289.9068187080644,-0.8903180065559955,151.721925557694
213.5,279.476595452516,-0.39339230739287245,150.821435091173
213.6,284.936709205722,-1.7142112833800702,152.782670794651
213.7,275.29370600956787,4.391060541571967,150.221726521773
213.8,274.5666137089569,-1.5402169142546338,147.874640165936
213.9,274.0016005524259,-1.7692458314810313,156.002479513314
214.0,275.14392292200887,-2.262977654347532,153.826159327009
214.1,278.10720982640936,4.506671887458742,151.62418720274
214.2,278.8005280343984,4.328539872800741,154.584440468796
214.3,277.8301938003894,3.546758661858542,153.114088043086
214.4,274.60423457101587,3.248175367393543,150.586756123659
214.5,278.2999748363529,2.6452104492613415,153.046688567344
214.6,272.93371772439536,1.8361479289023688,152.022109523699
214.7,272.05191264261833,2.211095591604769,151.804028995748
214.8,274.10673904318634,-2.2140868369391313,156.876748398164
214.9,268.66596999063603,6.044547655855668,157.044723861702
215.0,269.00388001312905,0.42915602078696935,154.122209303842
215.1,270.7473388854823,4.497645932487508,155.853578554809
215.2,271.02894500719725,4.032941818709508,160.510808785477
215.3,270.4497352956196,-2.506480772631111,154.36608858612
215.4,267.9093002033254,-0.15415296193814498,155.928931073669
215.5,268.01574509381743,-0.14738288049844606,158.305537596609
215.6,265.12961431774437,-1.8464079002273834,154.442604480236
215.7,264.54220101895635,0.8885319693652161,156.914508823024
215.8,263.1110765469462,-2.7557379818563366,160.95085883608
215.9,261.7732714526312,-0.5139490745894353,162.570416634794
216.0,262.1495495256652,-1.9516078211425363,164.450754794239
216.1,262.61314365396754,6.346241364894267,162.049516895507
216.2,266.8265964228825,-0.9115130268624334,163.603712359567
216.3,259.91508348380904,5.727858433705814,162.742636433666
216.4,260.92861349468706,2.9293506823901936,163.713767378972
216.5,258.484816012959,4.071743100193993,164.800244190075
216.6,261.38416418513026,1.597454298534208,163.74003410678
216.7,258.4212863002154,-1.0974902669850195,164.989985082841
216.8,256.4724120509534,-2.7111665919194206,161.32464582993
216.9,253.9111430687314,-6.534815326013103,166.9402765423
217.0,257.09157027452255,1.2028570051361758,165.917759757761
217.1,253.58468509469557,4.222486131030276,166.988261692999
217.2,253.5378140893705,1.3982730653772002,167.738376545507
217.3,252.47958955415731,3.4474280518306095,166.72463350935
217.4,256.1516471506673,4.904004742896809,168.853429286059
217.5,251.86188694366754,4.189674085765686,169.017606969681
217.6,253.97301238997005,-1.014343243273867,170.226411436988
217.7,252.46076522375805,1.294800329911432,168.720192896609
217.8,250.0757094001224,-3.753096839802863,172.997940990088
217.9,251.72731581503726,0.5286092520052499,169.238086762106
218.0,250.75762665035427,5.606247198657449,168.639144534707
218.1,244.68410951798577,4.1419931718383545,171.97807083813
218.2,250.4331249801202,5.734136290216416,176.356809866212
218.3,244.8763021183132,4.250017498821515,169.456928605319
218.4,246.21916742033716,2.4520634613938963,171.201905064829
218.5,246.82005004497915,-0.6771692383385552,178.652425548393
218.6,247.83723068819114,2.310308099890344,177.894659373855
218.7,243.89261998585533,-1.7207027055385264,174.182410267315
218.8,240.35697467314182,0.08747701962944276,172.018644059545
218.9,242.2164385797198,-1.3951720874641556,175.56406500417
219.0,236.57451455717282,3.9628994333490404,175.91424199546
219.1,238.48058653194482,-0.09280183614637316,176.402879122773
219.2,235.51058759448884,2.9268052895040277,174.364472302804
219.3,236.50739805095202,-2.6451201744603043,180.88110828184
219.4,234.65051509187884,2.97890956481195,178.661187403249
219.5,233.82502707771584,-0.3992808347443493,178.881862897342
219.6,235.3803394364262,-0.8920487252603486,181.903228657775
219.7,235.5104615561632,2.2576409980824526,183.785847659938
219.8,234.8442672263492,4.153952251153951,178.846460124524
219.9,234.86773832722218,3.7873020799003516,184.029851008134
220.0,227.4133940189986,-3.077868294724956,182.679051395029
220.1,225.73037880543458,2.630222709856243,184.061725711919
220.2,223.3700790516796,1.0716097170809444,185.088808842378
220.3,230.14072704624706,-3.536230437935801,179.581604279396
220.4,230.38542963353706,-0.692237866529501,184.407995249219
220.5,230.87638735873136,-0.601706874259321,183.973387964523
220.6,225.59839271672044,-2.7254084941543955,184.821267441686
220.7,227.46696132824144,0.2838376325367058,179.04191516723
220.8,216.01818833555515,1.2512793041357142,186.298368576896
220.9,218.55322317473417,-0.656073176770887,183.093227448762
221.0,220.08172547912915,0.1702960371257145,186.465761942114
221.1,221.056487304469,1.1817853991048928,184.977165404002
221.2,216.224570424211,-1.8837234896983084,186.533886701699
221.3,218.27212029950456,2.5052660021437756,189.038261687505
221.4,221.60508626443857,2.5925259066811748,190.461444560629
221.5,215.66078939172397,0.5812026198326432,186.088659155799
221.6,215.7195826483925,-3.0525739596974493,188.08141191294
221.7,215.1077721146965,0.40602212926165215,190.451617571915
221.8,214.76221885694886,-5.276566745759215,188.274824903137
221.9,215.34187262436186,-1.5398722150052144,188.90744042744
222.0,216.9838037964254,0.2222374753458105,188.683988016008
222.1,213.32091165985142,-3.1700410582558565,187.469005311916
222.2,207.7252380725664,2.8777547988888443,190.718270537304
222.3,210.27701600240036,1.4248031591700396,190.605314767182
222.4,208.91895219298124,0.2954775757699579,193.51022257286
222.5,210.95828755902522,1.5488671794751578,192.880660470281
222.6,210.34555899066686,3.0146023488403078,192.607503229597
222.7,211.6407817086783,0.33277107351042723,189.117953995018
222.8,208.0776949941083,-4.363769513695074,190.266573679241
222.9,213.29008475597388,-0.13833581894119895,193.302126224428
223.0,206.67360597195315,-3.0395675167459615,193.330614467561
223.1,210.13730723447415,-4.221517060920261,192.111896147126
223.2,206.81331189389792,-3.5134213123855087,192.576707230706
223.3,205.81529571224928,0.3659150263649593,197.369062569045
223.4,205.44627909578327,-3.3938835385102415,191.519202579142
223.5,204.36270366394524,1.7295037744204382,193.074621254562
223.6,208.12174518915776,3.017241369878837,193.301035047251
223.7,202.35239995837676,1.4197047839145363,194.457546432115
223.8,203.73768855996119,0.23207045003224813,196.417097696426
223.9,205.22573252124107,0.3248665534145765,193.248721920301
224.0,208.73559053002006,0.44320944122397776,196.211550206865
224.1,210.03064523419258,2.473343371842308,192.020480023843
224.2,206.03345764704835,3.874013213613461,192.678144248758
224.3,205.03806120704036,0.34395740761146065,194.392657977171
224.4,201.8012590723111,-2.9441061472239642,193.536566983261
224.5,202.5384734768391,-0.8004658850969637,196.111502054189
224.6,200.61429935986246,0.6766522822802408,196.367215176957
224.7,204.33182346251598,2.5248165035668446,194.619608691668
224.8,201.674528405667,1.3639998589747453,191.604609178298
224.9,205.42123650119356,3.26584333605258,196.23101687383
225.0,209.47386152847656,2.835766677083779,194.241417018556
225.1,203.33137154228058,0.26999651002003944,196.595378265909
225.2,204.74033785691995,-1.0566417836553281,193.94660042979
225.3,205.41759219977195,-3.356770857157226,200.006230567947
225.4,206.22252208118087,-3.1118838875806816,199.756164036704
225.5,202.59442523573586,-2.0010578998774804,196.077640902025
225.6,200.37503146800228,3.9088527214904314,197.479841538254
225.7,203.26975949181642,3.179239858560525,197.650896059393
225.8,199.64372448169843,0.9844691750355246,196.303850270661
225.9,202.78072235447843,5.268819721500625,200.873948648505
226.0,200.91883179909405,1.7069736087207765,196.124706964037
226.1,202.66063009893762,-4.487706505379167,197.688917772375
226.2,199.4144329627906,1.9264805369104323,200.052449463604
226.3,199.64820799899962,-3.979041650270867,199.856345208956
226.4,200.81764065489864,-2.890522334152367,202.122999112553
226.5,198.28122632853672,-0.872923975819198,199.776834853177
226.6,198.13042233368972,3.5311397902835022,196.703232014557
226.7,195.9388182278927,-0.7646299573329003,199.934570128799
226.8,193.18291827230374,2.610132129945802,200.284214568108
226.9,202.84324910703563,1.655543958306728,204.583355389794
227.0,197.40378917191936,1.676906164472003,200.814619105251
227.1,199.74178597744336,3.4475380798731035,203.724711571311
227.2,199.69646304630734,4.398712959488613,200.911714346003
227.3,198.59410194402133,-3.4391200974469864,198.324033797457
227.4,194.9963789887924,-1.5291197958123757,199.485375894868
227.5,193.3899401379544,-7.023720817694775,205.823276187297
227.6,193.14694450922516,3.605646002768694,203.411004921802
227.7,191.55394204107617,3.0955720429280937,204.376568223727
227.8,191.93208292473102,1.588406874445937,204.69649911599
227.9,193.17519273663402,4.471663123885037,202.338087069348
228.0,193.14878481234368,-0.28580264979272485,204.092136442112
228.1,188.80026430407665,-1.1533259270880727,208.521604840285
228.2,189.87720584253364,1.224084034461626,208.383989483706
228.3,192.65565863003064,3.674046942360526,203.035976197602
228.4,180.462967356537,-2.5309234271426444,205.93396722573
228.5,184.89079153818898,-1.4520597647944697,207.420945692666
228.6,184.318832676364,0.05424287062903055,206.734602816114
228.7,181.12357248195698,1.9294343649921295,208.638991298674
228.8,188.09322071484678,0.8038794937730778,204.021022366763
228.9,184.18967648544532,-1.5563773452647283,210.131951466903
229.0,188.44732634556533,-0.9459054576655284,208.710023838535
229.1,185.38967136321097,-1.9294460412567034,210.635106928069
229.2,181.31203526198996,-2.8931831409852027,213.095191109506
229.3,182.19146072370546,-2.552471778401298,211.316892623322
229.4,179.45435518772618,2.0432357091141604,212.107597629874
229.5,174.97324300542817,1.8532710924807603,213.57820717873
229.6,175.36706954155957,-2.0744523315706402,213.926101487245
229.7,176.09623560895557,3.0958607187293605,211.377798019761
229.8,174.3539867879374,6.496516424741177,211.862595754111
229.9,175.8578549978457,3.506243882223055,213.136046686391
230.0,177.84414964667968,1.0597873100354551,213.461132411834
230.1,176.61746988519366,-0.10346773185381153,215.620120020383
230.2,175.44290098319664,5.469928401569348,213.29211686274
230.3,177.7792819668543,1.0290136067963207,214.249547627589
230.4,174.38191275612132,3.1534025944929205,215.510692654549
230.5,175.26635865990033,-1.7487279384230323,217.360860685903
230.6,171.2817359531286,-2.5380210446345117,214.072648594115
230.7,168.6459155234186,-2.168019528373211,215.670446590548
230.8,170.7499240807146,0.15891346247638793,217.625414505283
230.9,165.51929471663743,-0.23059873084267402,217.939343320206
231.0,163.9529416853239,-1.5289478278916402,217.510921598848
231.1,166.3543801612009,1.9814248979698608,216.69116560766
231.2,168.2416416343999,-3.0421551343773405,215.729502523974
231.3,168.52023306072655,4.430667997442377,213.335716470944
231.4,167.00180485083652,5.6142738544743285,219.691623901465
231.5,167.4656042011895,3.6018159753156294,217.954681110051
231.6,163.26837655935853,5.5078934459879285,219.792521605699
231.7,164.82564545815796,1.9339566885989061,218.538861787312
231.8,165.47977761226034,-1.557892948434393,217.501085114707
231.9,165.72493396984234,1.5103849718835054,221.415277657738
232.0,162.81315085618036,-1.790021473844293,219.21212541792
232.1,164.72969344592434,2.7895883834152464,218.635306553266
232.2,161.55798839887788,-3.246896292657917,220.22058161141
232.3,158.90866445184088,0.6988764062680843,222.336566542673
232.4,158.96387381711887,-1.244879991872116,222.432663165886
232.5,163.38448029771487,-3.619184812959217,223.165301384342
232.6,156.98361493221262,0.6383858967210756,224.951405930749
232.7,154.7903557304626,6.811805660968387,222.648162334652
232.8,154.86903174834663,4.297645797604677,225.038001097501
232.9,154.9317304708746,3.608259420983977,224.941602175524
233.0,154.28822579114862,-0.7363479099931265,223.951130606969
233.1,157.0518776879555,2.0629309216875704,224.893139966203
233.2,157.04676805405452,0.060156002483671145,222.433088457231
233.3,157.02086671293452,-0.21498309028192963,222.875091588443
233.4,157.1465940624275,0.16684051674516986,222.369787324776
233.5,151.54367694785032,0.6516673630351502,223.544900967594
233.6,149.6092419144123,4.269540310377652,221.703851708248
233.7,149.26768448805132,0.4535595466347502,224.543877336126
233.8,149.52954853047632,1.8503956801153514,221.587725679523
233.9,153.4814085428145,-0.08739952569324849,217.815246723606
234.0,153.9214602322771,5.122372495083482,223.35156945254
234.1,156.8514683298421,3.390684916410102,222.988321288928
234.2,151.43656502693509,2.816345173830401,220.042220476791
234.3,146.9627449733091,4.235807546847832,226.807671887628
234.4,147.3032451168931,-1.9764616645776982,218.580023443452
234.5,146.3057532525921,2.194997464284702,222.803548851166
234.6,145.9325468112101,3.5112869291242017,220.580747649994
234.7,148.9791336585287,-1.652559359945661,224.384390358465
234.8,146.3391182049727,-0.3437271960370616,224.576551108003
234.9,144.67845985189868,-0.9611333571236607,224.821553875409
235.0,147.96863577991368,3.1554673863558484,222.37031044625
235.1,146.74638906278642,-2.8799622134462144,222.013817736502
235.2,144.12357277670816,0.902418206588619,223.650129257134
235.3,140.88496069506914,-5.843989695591581,222.571841414709
235.4,141.51259510874814,-2.179188743437882,222.485922224508
235.5,144.46439301529114,-5.6396490968086805,222.253041475154
235.6,137.42785992484173,3.613267823323893,221.01577001721
235.7,135.02762211178873,4.603956567867293,224.451575069266
235.8,135.6227974984097,8.514521684594014,225.774237885295
235.9,132.8856749619897,7.181578461451094,219.821441947522
236.0,132.43871678961972,2.828370121242493,223.380497831179
236.1,137.3655070577248,1.22865611894572,224.394447320208
236.2,135.22875311653883,0.6870953723993196,221.90508244159
236.3,133.6043014544958,3.345923218866421,221.808577530105
236.4,130.98970848674182,3.1508798335297197,221.054723839223
236.5,130.34567624240182,5.590189538164321,224.460755619588
236.6,131.37732704524055,2.703937711585997,220.835127648744
236.7,129.38710401848155,2.8917391914115864,222.635657618569
236.8,126.27102784928454,0.9415808081598769,222.293011933662
236.9,128.01056079332054,2.7141661249110864,220.158999633719
237.0,132.96593906220653,0.6226596006822778,221.394613833494
237.1,128.43345426256954,0.8554706333618771,218.896107977515
237.2,121.69040187379863,0.4205197998954944,223.263629872797
237.3,120.90032987032563,1.6574035862936949,219.837299651734
237.4,116.95941320399663,3.6063410843019845,220.536454777432
237.5,121.50150337759062,0.28435609136679574,220.05031385327
237.6,119.20192140783655,2.8114215495429082,224.239564190803
237.7,119.0775520553592,4.1051749539255145,217.788138542533
237.8,120.27031363140021,2.3355984815527133,222.015899960844
237.9,116.02928272824022,1.662767424792115,220.702794970379
238.0,113.2657290394802,2.7916848339155145,220.975571449003
238.1,114.93393150190322,1.9415684149288133,218.212178254182
238.2,108.02128843897123,4.206180838335953,218.531641952899
238.3,110.18172383403822,2.1902725178817537,218.067132961903
238.4,108.27429088563622,0.5527543732373541,219.967468741083
238.5,108.27337882571722,4.013124671642654,223.089982665485
238.6,110.33245501587022,2.310086238861853,218.520688176156
238.7,109.31765799951022,4.5758293496698546,220.152761412491
238.8,107.56966045291347,-0.8708108298619965,217.625852485827
238.9,106.71963960592747,1.5952384341353039,218.919634775561
239.0,108.82805237417547,3.9181914565358245,218.93001484798
239.1,100.74626263445647,2.963045674549104,219.667808093856
239.2,102.31907946657647,1.9597344498056035,217.968342840696
239.3,104.71000624395836,-0.534063804946344,221.626404600338
239.4,102.36710395741437,1.4341598136825553,223.750459167201
239.5,102.83851608579036,-0.2749519164948442,222.356036169326
239.6,96.75231454975976,3.2371214378147553,221.284644948567
239.7,104.41064570845937,2.3972750103120557,221.117310523401
239.8,104.89633665560437,0.7735351303969562,221.073365341274
239.9,99.40204762080677,1.754687877943356,222.279980277984
240.0,94.07369393635813,4.275631417458213,220.138189832441
240.1,93.93446730875202,2.905761726041254,219.074340401771
240.2,95.05742312787983,4.334444943079914,220.228596669916
240.3,94.22281995096742,4.080072537454033,218.847969954354
240.4,91.75446472230833,3.3328178511911535,221.907783905148
240.5,91.14759960612123,2.9206096697452537,219.208686167425
240.6,91.98567647007098,0.5148745018480181,221.243735011295
240.7,91.85751621741339,3.289943312233019,219.602948381264
240.8,88.47831104380519,2.614057062261118,222.902247264125
240.9,88.50727606979999,-1.3823545545580807,220.71205667091
241.0,87.39659808669379,1.613753462791518,221.992321947095
241.1,89.82539102226099,1.6836408014307178,224.172833190374
241.2,84.0047361415904,3.3220178872911355,216.166257771605
241.3,85.804937939083,3.9493514085646346,220.974629259448
241.4,84.0371591938241,5.610077859249966,217.031855311181
241.5,79.6164689989717,3.3855160660426353,217.617000733791
241.6,80.6514068938427,9.345124596960165,220.982046515588
241.7,80.0020889094013,3.1960862228624354,220.931103473608
241.8,86.48813566352123,2.1533436552776557,221.103367402111
241.9,81.44840513265184,5.074821003531975,217.133899282134
242.0,78.69099078119103,1.7344786237646552,221.755210373534
242.1,82.65398357928984,0.3860777292575559,220.361479095183
242.2,79.46011354997444,2.0990781830712546,215.921912450463
242.3,82.54666728494833,8.298554301415532,218.633074175452
242.4,79.35730846458543,4.229248850655592,218.332115906361
242.5,79.44733359970442,5.591820313766663,221.405453059665
242.6,80.25613410891522,7.173558447236172,220.91796087677
242.7,78.90337212726813,5.257613526084372,217.23008609681
242.8,77.45379878409592,5.292155975024432,218.235478037617
242.9,79.39883711477512,4.125908725407793,223.428640574447
243.0,76.23985730900633,3.650927341897516,218.949016298049
243.1,73.36952516605962,1.7275796447354566,223.727604422236
243.2,75.59897859414622,4.988694884585856,218.309425892134
243.3,73.68581737632422,2.886841170848756,222.265783146619
243.4,74.43549841623022,5.538063230548836,221.193754686961
243.5,72.65675856346073,4.266534762062056,223.525629827237
243.6,73.58665752179382,1.2318701298953236,227.265644562363
243.7,74.57564046818602,1.1886480465195248,222.486429802324
243.8,73.26573384436483,4.623086817713654,221.053376552393
243.9,73.32782273728333,2.887636603041125,223.180807571083
244.0,73.37731776216702,-1.7569379999054764,227.238967631978
244.1,71.60883301040752,-2.1516074925785755,228.090432469213
244.2,73.25544122486578,9.359806494061525,225.660700491555
244.3,76.57594763899708,7.232095207292785,225.714931113449
244.4,70.54963584797268,9.753317844746254,226.920467381265
244.5,67.67019298901378,8.488666941541004,226.854043794613
244.6,70.89892620029357,5.323928461103785,228.739395568032
244.7,69.72376608336728,4.820657671101184,227.508488570269
244.8,72.05142858111307,2.857858851421895,230.03842726031
244.9,72.51263329952606,2.9935500879803953,228.08899825027
245.0,69.57138373386627,2.7287911487335954,231.180896954115
245.1,70.29579818844957,1.8240093129305954,234.436384518631
245.2,68.65436121357907,4.171304665976596,232.095627966499
245.3,72.31358647405037,4.959188833913796,235.457367522012
245.4,72.93638016267367,7.219748351936875,233.420335419751
245.5,68.15341447209845,-1.2489236934969217,235.245422046586
245.6,70.78101846981875,-0.15119954550962156,234.551849548216
245.7,68.52365450710785,0.05832898884777826,234.185032278819
245.8,66.76312199796335,1.627949806304649,237.123602455535
245.9,69.04217096166954,0.0020558367038798764,234.170196013007
246.0,65.68407763339725,2.733629790811939,239.233969152362
246.1,71.89973640847295,0.9259180031172782,243.470390403676
246.2,69.24028713404034,1.4806811521149097,238.106354554917
246.3,68.40243984973814,0.43444820013327856,240.469892716925
246.4,70.40826134401789,3.066052249541773,241.870343980898
246.5,65.83855291039409,3.038998472976072,238.96371099603
246.6,70.13542286518138,5.214178952554043,247.992548268736
246.7,72.93774186461188,1.6363084157147725,245.787914781487
246.8,69.87243801756229,4.396729551042913,243.95225790415
246.9,72.1174803786089,-1.0412117928978581,243.480857998168
247.0,69.421971140033,1.6731076117207415,245.510111807063
247.1,70.29905843256,-0.1610543445805579,248.539590450769
247.2,71.477213484525,1.863543469578941,244.70073101057
247.3,69.1703895243647,0.33395334048364234,250.287330616715
247.4,72.001122342305,0.8440234751505411,246.503117206983
247.5,67.09413441330717,-1.4400320063811378,253.726786734494
247.6,66.09567144886427,3.193872205948262,252.634443074333
247.7,65.93830495205466,4.637972757827601,254.457514219867
247.8,65.85896313745506,3.2297401649945616,250.983474064665
247.9,68.93506625483687,2.282957187166062,256.15654018335
248.0,62.990810663464465,5.881565770777652,258.065360049786
248.1,78.88316164860763,2.885456009053673,253.909414894875
248.2,72.10554711672873,-3.174935198314447,258.234938851829
248.3,73.36735086840382,-1.9230223624392462,257.522895103068
248.4,68.33470604539252,-2.522460056835147,259.080301716153
248.5,79.39576520792242,1.4219223989942442,263.630908936954
248.6,62.438444421472745,-1.7122481638405347,262.16503907118
248.7,66.20443916066816,4.054572673570355,263.847313251883
248.8,65.91458799714046,1.090708497436065,265.22596256841
248.9,59.11117945133625,3.1273140220850255,266.002544387031
249.0,64.17019315889586,3.5211439434827057,268.986350916203
249.1,64.57827937718686,3.4083058941767455,265.746661357326
249.2,63.97932614340785,0.6099768850960654,269.924817240512
249.3,69.93305311059174,0.8735373768478496,267.261620682785
249.4,66.73205592778774,-1.2737677963407492,270.016905302587
249.5,66.49723145903664,1.2978565958315507,271.980197721938
249.6,67.26471934037124,5.209998360630729,269.383250412397
249.7,70.03302069586283,2.6307164055364503,272.611165896506
249.8,68.0831559795416,-0.3697866814670121,273.449844355431
249.9,64.96743201009811,-0.18482401033531204,273.05053108806
250.0,67.996615997426,-1.1967008056903126,273.012546755159
250.1,66.8074979702355,3.4548264667515873,280.533407128627
250.2,65.7624147863516,3.2688754868885876,279.315106975903
250.3,69.00396960320191,-0.11909339439211131,282.255063870109
250.4,65.54245454081357,2.0280092031552694,283.206549967718
250.5,65.38847723459567,6.755344210174069,281.926561523282
250.6,67.49405265382117,6.264892177419069,283.069397735627
250.7,67.91831715033057,4.81356078214087,284.130803455451
250.8,65.85519905441836,3.3111328639078703,280.233909159676
250.9,65.10374592577396,6.75839629943877,282.736650534157
251.0,69.80036902414184,0.5058688888236098,287.973933258208
251.1,69.09184069437454,3.93500506019957,286.554140229723
251.2,68.09803396892764,3.319383572677589,291.330834162269
251.3,69.17591196354763,4.331602889549719,291.275420187465
251.4,71.49946272125923,5.75632567846589,290.873847381273
251.5,62.64590837723692,-5.43002357374721,292.859227365975
251.6,63.21308880574722,-3.7697503940383097,293.795955311436
251.7,65.16751497055162,0.6987951248013005,290.953398307071
251.8,63.11964589396372,-1.2737392356344106,297.948716913156
251.9,66.91044596968553,-5.7709351352594105,297.551232328239
252.0,65.65308296183196,5.851446994844558,296.477545757953
252.1,66.58410842495665,4.942131081983957,298.889942363469
252.2,65.64043605204606,6.226030703831057,300.978348244723
252.3,66.57967954218554,3.950308196422357,301.03495395146
252.4,65.92501489886506,6.231143416885658,303.010381076917
252.5,68.98808293985024,3.042794805762357,302.380569758327
252.6,67.25535551155261,6.692601913595235,305.068166126187
252.7,63.13625479790861,7.587870853420535,303.491232848805
252.8,62.133049851819415,5.469490614778534,304.198242789887
252.9,63.999743083375414,3.5814572201117354,304.874550058107
253.0,66.20348210419131,-0.3049402983521645,307.180220101988
253.1,66.48481755374668,8.178575793247774,309.968794977568
253.2,68.41556431381278,6.388001072805874,311.220820168397
253.3,64.58530288530598,9.218359211843673,312.414310131694
253.4,63.51851682561478,7.054018302906174,313.389383371021
253.5,68.91009229766622,2.191409912427414,309.516116998813
253.6,69.04447325015227,4.588289741133037,313.795373924415
253.7,72.02474204754907,3.904392496897337,312.855896100391
253.8,69.16851663764075,2.7082696318071378,314.987055013396
253.9,69.39227807213607,2.5971346033243385,317.635912613789
254.0,62.061072596530494,3.7745727000999683,315.311819649373
254.1,66.96076362395569,6.561659308809778,318.612974435347
254.2,68.49039093303149,8.211546015014168,319.533448697426
254.3,67.85341572606869,6.241603573711279,322.924341385344
254.4,67.98525347147338,-0.795850594153233,322.554231828559
254.5,60.64805594070003,5.563167367493923,321.64113766961
254.6,62.877146727586336,6.053553232554023,324.411936064335
254.7,63.73662774536563,6.756531172077624,320.496968602273
254.8,64.37341245793553,9.869914821035582,325.299045301725
254.9,58.91374083790673,5.638157067271923,328.127701230731
255.0,72.53157944180712,0.5983734438274642,328.450656752571
255.1,67.29942586761133,2.2112962056908643,323.738546457843
255.2,68.68902092266993,3.2189037943657635,331.084669280906
255.3,72.26019806258192,2.1193878058997644,332.118590327531
255.4,66.43492309270682,0.7319544518677645,332.46518966739
255.5,68.95052918168783,4.170185932597629,330.955206670776
255.6,68.44786457213974,1.7066903448209274,335.052042276343
255.7,65.20212777570283,1.496429998772328,332.471679631165
255.8,68.02178533873872,3.716419103515829,333.739060165014
255.9,67.99614868876633,3.896194707496729,335.723815137223
256.0,66.05387492017218,0.9054004282461925,337.4662347992
256.1,64.13120399079187,4.582564833322394,338.147354091318
256.2,65.07380727164127,3.4253971866633925,339.136349485475
256.3,62.48943890016804,2.9309817992803673,338.796246099042
256.4,65.05085057211264,2.288186534345467,344.180336577108
256.5,62.55530320949465,0.9782480110604759,342.571676247522
256.6,66.40996011183866,5.223594139993477,346.058119572651
256.7,67.40709945867695,1.3275410187730756,340.713258018519
256.8,62.73576125805045,-0.5306100106394247,346.057842451721
256.9,60.97365345226615,1.580069941631976,346.216266527988
257.0,63.98046336620765,0.7933633590174765,351.635091318528
257.1,64.40017288721441,6.722645180814329,349.847287875779
257.2,61.38065314654481,0.7581552496751307,351.117441636119
257.3,64.1263348689864,4.5097259004441295,352.1436696827
257.4,67.973123772804,3.1016925455058537,354.803891968484
257.5,63.19348239675879,6.424160489468253,352.36402520859
257.6,65.25871666570859,1.414085736136899,356.68487810735
257.7,68.85871704204808,5.345140012018598,356.190078535136
257.8,62.503969068870774,1.993970754618358,355.801056264566
257.9,59.225277401803304,-1.3981743134253861,356.274879093773
258.0,60.84546627842781,1.9836700338590134,358.922078655303
258.1,58.72514658931121,-0.13710401699498753,360.536708263801
258.2,57.567238816072404,0.22886471908481276,360.881233522714
258.3,67.21032944854403,3.5724440459118014,360.638561595264
258.4,68.58248186745453,0.550378131854,361.437196630204
258.5,67.99910851566874,-1.3285211185775978,359.922748902687
258.6,67.92706131686583,1.0955627267761,365.242210721135
258.7,65.99843231764238,1.090393387453723,361.598643591382
258.8,64.8485843752853,1.2337283744224123,364.202149190233
258.9,60.343314099416105,2.471288170812212,363.212654725621
259.0,63.1490538122677,7.092632526085911,359.733121905421
259.1,63.8942686071669,0.9514954781671108,366.655663811551
259.2,62.36296174491322,2.976741932585316,363.131093647072
259.3,65.74411721875742,3.5357516294338147,368.09242029826
259.4,69.65411805290903,5.174497122858016,368.312242691567
259.5,61.366468427385826,4.440014876248817,364.926408413005
259.6,64.8708586293739,5.199412567138934,369.515517686013
259.7,67.77163757119494,3.7512409995366465,372.328035802992
259.8,66.74322815834404,3.168760369664346,368.787750594478
259.9,69.02514257864064,7.824550076591846,368.913908838914
260.0,64.28137119663846,3.895400367619299,368.165448597553
260.1,65.12268938258629,-4.859742183007635,371.313818285759
260.2,62.84930653031089,-3.174873470397534,373.405949990904
260.3,64.5548125276879,-0.5448902968584335,375.870246635445
260.4,61.055278004042464,-3.628709815928442,372.874285011785
260.5,65.16971501847179,3.3513772820416374,375.475197736119
260.6,59.012143991328685,1.2917927761946384,375.735951204158
260.7,65.47081611695369,0.6887483191763373,376.468615306777
260.8,63.29555796495508,1.7701535454230388,374.812386536742
260.9,59.46480675784375,3.036368411857035,377.210359282643
261.0,65.48369145186005,7.187920870384865,378.608840060454
261.1,58.108491654356556,-0.19233919622526585,379.15602657269
261.2,65.75396135147246,4.9123614891570355,379.740338431372
261.3,65.27087765582985,2.058049325443635,382.956515095325
261.4,60.74424969200359,3.4666880725469547,381.728627321879
261.5,59.48860069872569,3.731019763214654,383.33005394365
261.6,66.07790502874049,4.971003054329355,385.55981596473
261.7,59.96379625923489,4.168571894904755,383.358054729154
261.8,63.97654160118861,4.90078257756694,385.547470649556
261.9,64.22576881533948,3.148767109791317,389.6810396288
262.0,63.264761366791376,3.941332175276017,384.249083219834
262.1,57.91946120941898,1.3145516048265176,388.628242461083
262.2,65.54804753377717,1.7533686847416359,391.263065414015
262.3,69.03620037457983,4.094321833876899,390.57285391895
262.4,69.29463962813534,5.1410604979898,391.084892227574
262.5,63.13300502398603,1.8294301307897598,394.065030724118
262.6,66.06202718767813,2.6743694772859588,394.936151887132
262.7,65.48335439680926,3.9648244316433523,392.253173806896
262.8,65.69465429940286,2.4135161170987516,392.848639074957
262.9,61.738384355362506,-0.46999795233197084,396.553627779783
263.0,64.65383653473104,0.9537683207590675,395.557805689752
263.1,61.66595429743804,2.649068839962167,398.068443346148
263.2,62.975577750779976,-1.3353913541636295,394.494440366783
263.3,63.72083258027257,1.493294758070272,402.662434754188
263.4,59.06802380901089,3.1130706006892446,403.380101198227
263.5,62.17480067757232,-1.7304196117415067,403.586797180681
263.6,66.12734191853112,-1.764886657287704,401.907064913007
263.7,66.11384868932316,2.5449652864457537,405.764034422919
263.8,65.91384982963883,1.836169073571341,406.777986398929
263.9,68.89171803132464,-4.53636233590656,409.605429181035
264.0,60.93744071087758,-0.33121712749670706,407.038662503859
264.1,63.966417670505656,1.8413306606927513,409.729518163763
264.2,63.86727181294445,1.4903209592790496,413.393811950013
264.3,66.77670021395761,9.460746374554839,410.798503556986
264.4,59.824025232567436,1.2663395270045381,414.680356294856
264.5,63.396338882141634,0.8296683479945379,411.332474387362
264.6,63.04375566256234,-0.4565833531489094,413.157457223788
264.7,60.97427414125624,-2.1184882278123105,413.511563566516
264.8,59.897321564357135,-5.00680688636581,415.861924014957
264.9,66.49658653409165,-1.9251863079730107,414.513028447074
265.0,58.71400503162949,2.6760214534521776,415.67491309502
265.1,60.045877142323896,7.075667554313078,416.606475311766
265.2,57.077049688627596,2.026921125010677,424.337537384665
265.3,60.13934608715788,5.15610130748939,423.174748540121
265.4,60.695254288950885,4.69235832789149,422.757038838916
265.5,60.118126645487905,3.7936735065242893,427.771170331101
265.6,65.87606333087746,4.851538851840115,422.546514022184
265.7,63.18613035187296,5.057546856451916,428.648131377234
265.8,68.61769656098356,3.0212891131073825,425.815617214906
265.9,62.048982596216554,3.8616572079798797,425.173053147961
266.0,64.14147466974596,2.4941746748784794,429.435025190743
266.1,61.72142409086121,5.415998272790317,434.213555274967
266.2,58.84813504073011,2.671157245170516,431.235100830895
266.3,59.341900723060206,3.9664873321282155,432.741812589984
266.4,59.65597940094492,1.3198247340304832,428.88495371852
266.5,58.43774327044272,0.9311815682974824,433.798330241221
266.6,61.67867502988864,-0.33945321997432387,436.295554919059
266.7,58.39030757144236,2.4830033113783507,437.514794747998
266.8,62.96202431129666,6.339714329863451,430.797838731282
266.9,59.238045306032866,1.98648833029268,432.646432827097
267.0,63.82964260173334,3.0116275462032043,435.985489090228
267.1,62.38769184742814,10.141959872712505,436.779848465607
267.2,65.72319310901186,8.390003320607327,436.635844971734
267.3,62.48068338240451,3.8252808764088506,438.531906081765
267.4,61.198072059837806,1.9802351140617525,441.914160191813
267.5,63.12095983969504,4.570630728086915,438.700658935429
267.6,59.508945797948684,-1.7384275459405103,444.668565466587
267.7,58.48901957448388,-4.602618533880609,443.428059604134
267.8,58.24503359767534,1.5661020637430383,442.813764448996
267.9,59.481907298088636,5.650984563119437,445.767451414575
268.0,61.134128462352336,4.765687513660637,442.646710268077
268.1,56.95249444867112,6.960756387131514,444.556272813259
268.2,63.490990098323316,6.285202339544615,446.713964230989
268.3,58.5896407538241,7.098450033611671,447.697406728576
268.4,60.77100354939273,-2.6347700563013454,447.149143369538
268.5,59.12676366271893,1.951976114496654,445.79122609738
268.6,58.60423070950298,-1.714040142493607,443.162187456863
268.7,62.97062086190865,0.22450086993374896,451.852349214962
268.8,59.987512566272756,2.4634590239558474,449.645313076202
268.9,62.908943831622565,5.079316380757152,448.953212027591
269.0,62.88184047526671,3.0788592813946636,451.567679186878
269.1,62.27712222973101,4.015778057768664,450.422698475305
269.2,59.797485446807514,4.681039844963141,449.920988467909
269.3,60.924748533506914,-0.6228324036626596,444.994768894567
269.4,63.06968465331351,3.6250160695780416,454.077443353231
269.5,60.03491020449673,4.527093351167306,457.488438025817
269.6,57.72625534319403,0.619579360203204,448.619048856436
269.7,57.93561301170416,-0.851958108376806,453.453670587314
269.8,60.91657503903697,-0.25467812281730673,450.047270086738
269.9,61.918579758196955,3.723170280279099,454.122430512621
270.0,62.30217937729175,5.926093151795801,454.452215016697
270.1,66.10783773138405,3.3263235528208988,452.238989633448
270.2,66.35137833496827,2.8233793978745467,453.453044743874
270.3,65.77634511548187,6.5889767227567475,450.088012975758
270.4,64.3799159674304,2.7825631784466047,451.446494407371
270.5,62.23194521669196,5.38833125104513,454.40848514104
270.6,62.28588451767036,4.879036137986329,454.696627338833
270.7,63.75619951033417,3.8838337669099907,451.989175108365
270.8,64.31955517208488,4.372041028077888,450.014245053922
270.9,67.46252577054827,3.87884066838129,456.288279974906
271.0,64.78233650359186,4.478510317773889,453.040052129306
271.1,62.76172747066317,3.52483864722349,453.957064199622
271.2,74.53216783076212,4.422691458422957,453.76286490853
271.3,70.89011211942803,8.028664767903756,456.631520043025
271.4,70.65372534960923,6.268692852111956,452.995124789037
271.5,72.68163198797865,1.8288708216939469,453.000706962097
271.6,71.56644498524486,1.1528084387816477,452.79290491553
271.7,73.68949211844391,1.4190491688232072,454.651876512946
271.8,73.464791301483,4.032530780997467,456.062319698268
271.9,75.4702453588076,0.6506410721109681,451.120940460758
272.0,72.79702844913723,-0.6146112505748746,453.106441038765
272.1,70.82855772799097,4.676876088745214,452.062939458575
272.2,73.30705230173257,1.875587870523315,456.850554031638
272.3,76.92636344156257,8.031327952979794,455.611864429631
272.4,77.55329817013398,2.0884323635385904,454.051606680358
272.5,76.30861015034239,6.486642133703489,449.804719073215
272.6,75.88927921435389,5.357011891919395,456.893192447832
272.7,76.59196984431577,-3.17171974916522,449.762260493809
272.8,79.10437704043667,1.82878608060118,457.29589032655
272.9,79.78814995612018,-3.064679919460154,453.247007483933
273.0,79.27672730860378,0.2572875968566457,453.174524968758
273.1,81.07570547529448,3.711257473177646,454.619478105346
273.2,80.13130198489901,3.1627758790402485,455.08661222838
273.3,85.38005216115342,-0.9162010383623524,456.213650610504
273.4,83.87892643911097,3.6067138747836918,454.892799815576
273.5,83.86461777114047,-0.7410925175497098,452.460328799624
273.6,82.70269662929466,-3.1328343739419076,453.192710528645
273.7,84.90986469344904,8.002978857437407,456.701940070227
273.8,86.26806931800604,6.229216962579709,455.202969288336
273.9,86.59054960821867,7.675503869141551,457.167084570828
274.0,90.29767460077096,4.332063751875452,454.664898535314
274.1,90.05809220123207,6.21906288868135,457.945942085358
274.2,93.43582270145153,-0.3883080021704366,456.572588572009
274.3,92.88418348125244,1.3814245731043613,455.73625933239
274.4,93.97325869105391,2.578633427751999,457.777799058815
274.5,97.49851635461691,7.235635278450999,453.67558661682
274.6,96.67917073767741,0.37763610657010105,458.068559357322
274.7,96.6270473841121,5.415616013799411,454.638294725371
274.8,93.66419754661382,1.2846694486333128,456.689348534897
274.9,94.47739923500019,2.9388105170408245,455.126195547842
275.0,96.12981840325753,-1.1812601497598543,455.075650466018
275.1,100.20730434270493,4.938285509378545,451.32037752243
275.2,101.627002845851,-1.7672931071043543,457.642153088885
275.3,101.59201636533079,1.477764996285746,459.011138820312
275.4,106.28869886944979,1.574278402360747,455.628283474342
275.5,102.69667331921791,4.277418118105061,460.487056466079
275.6,103.4286759938209,2.8749045166837597,454.644968323929
275.7,102.39399067774697,4.7140531562401975,456.10425134295
275.8,108.48541508497205,0.33069812359997997,456.933474970374
275.9,105.93945443712104,0.7531106745754776,457.144957003904
276.0,110.21275407585497,1.9671480540042339,457.048624463599
276.1,111.65889209417286,-0.6094127582663056,455.736392618808
276.2,107.61768428321686,-0.0847852501062043,457.352979172978
276.3,108.55023225785412,-2.4990423210769848,457.321807703254
276.4,112.7390338233588,1.248911403631034,456.72468114273
276.5,110.30854528117179,1.1107011737790344,455.390741456219
276.6,117.47007982723203,6.223630678497646,455.075401399723
276.7,116.08832522170303,8.033624595745446,455.314926230153
276.8,117.15586622025103,6.258192653678545,452.243559574314
276.9,117.64691028570404,3.3318513132583476,455.455684748584
277.0,117.26417506908075,4.258779805795378,459.404831898105
277.1,119.12855283909475,-0.9381502776216237,455.912265249443
277.2,121.66528634308575,1.1953095406648764,456.700224784937
277.3,121.28473535079007,2.70809901731241,459.069903429631
277.4,120.53363877708007,3.8902579609380084,455.493522110143
277.5,125.14543339940967,2.0473548667975194,457.328589131376
277.6,122.07694352692103,6.267254171052162,455.161795228531
277.7,125.13969406670202,3.7381671558671634,459.29176536211
277.8,122.90517387853704,3.6532268905918954,455.875337369633
277.9,124.94652196725843,3.509265769717281,461.812902036049
278.0,124.57965322396844,0.46070712476208087,455.601356655557
278.1,132.12220368711846,-2.377887672458538,460.861259823743
278.2,128.0287457349321,0.10214591551324048,455.774922023502
278.3,127.93079306799011,2.3801579085654403,460.652317331892
278.4,126.76801827612395,2.000281596003905,454.460055633054
278.5,130.26603373161936,3.087251670968108,456.160950195666
278.6,131.86162799108737,-0.9542156709585932,459.427049093696
278.7,136.24923067887931,1.6127013830638717,459.932552226211
278.8,134.06777366670215,4.470056596618605,459.580394056287
278.9,135.45867448037515,5.5265255982020065,459.394089745542
279.0,136.90883162949552,3.391065368640973,461.934358446444
279.1,130.93754799135715,1.7107433362692035,460.48421042219
279.2,135.06543434821916,1.0830405734898036,459.614448998791
279.3,138.33600529370747,3.879613194025058,457.724776283269
279.4,138.9029765583955,1.6393179709366592,456.133073215096
279.5,140.38774403220847,3.308759895577257,458.995333966253
279.6,142.58579554588542,0.947605963318253,461.408727124778
279.7,142.4165934464714,0.11580520955565277,458.551951379314
279.8,146.6355091004482,-0.4821364724628481,457.090860915618
279.9,143.97391873573616,1.0201800168921515,457.706973767851
280.0,141.83971992151618,-1.2445152244401463,461.190963561829
280.1,144.17763099982147,3.546707511922879,460.921377446001
280.2,147.2207077313725,2.9171414428786804,459.687130806648
280.3,152.07817401837545,4.520615658061121,460.542721778587
280.4,149.45827642973947,-2.0667622619333805,460.298912719925
280.5,146.52722535863546,5.036776252862921,457.163640052434
280.6,150.82867920827283,0.9658090320023867,460.11160706416
280.7,157.51294793672184,-1.5484106127678139,458.698133176755
280.8,150.6112271398422,0.2463328204574431,460.113143949561
280.9,151.1664844934672,0.3355259055534425,460.319927281127
281.0,154.7340201828392,2.5238898769987443,461.661631820707
281.1,153.82121702915006,2.584995475550297,466.787080422194
281.2,149.85840178275805,1.747187297633495,464.208289415088
281.3,154.14681232591292,1.4762770005572001,464.415716274534
281.4,150.80507054805403,-0.9991022318386165,462.264117924185
281.5,156.73983579364702,-4.027257736397615,465.635936287884
281.6,155.9041058734061,1.5070743875464139,461.711241217168
281.7,161.54831854425512,-3.2032245000106876,462.911339868579
281.8,156.94911423850613,0.06815139850131402,461.756669539595
281.9,159.80239832266696,2.5907526463001,460.691336806625
282.0,161.57217216413295,3.0017841841168007,460.222893145856
282.1,162.08815956827436,0.5569574354388429,465.414747373319
282.2,161.75342930620837,2.227942439271544,468.112256518382
282.3,165.67346348289936,1.1245340312272418,465.856643773605
282.4,161.45214082113876,-0.8893064294804383,468.669454641241
282.5,164.96111035659078,-0.8116403130689385,465.584201443633
282.6,168.71713179544278,1.5438045944300605,469.124533653195
282.7,161.53553681002046,-1.7908260571860595,470.127157509404
282.8,160.51551833346147,2.9877122724456413,468.917826615866
282.9,163.65809165267046,-3.9644624092649607,471.094632506674
283.0,161.9386240539739,-1.2392245523189374,472.06416217049
283.1,165.2210680007599,2.460625646558462,472.370836144757
283.2,167.13071771454685,2.184194891994533,470.289428545653
283.3,174.83971973934146,2.988873089516254,471.224931762466
283.4,171.86773859963645,4.729574854589654,475.19359354955
283.5,171.3948568200536,-0.11140441338383411,471.426090128524
283.6,175.6325665515196,1.3205843043598655,473.471130462769
283.7,175.1518519434046,-0.3311621515387344,471.979528683461
283.8,170.85591569665766,1.3031634253505224,474.390793484929
283.9,171.72021961622565,-3.340561656512577,472.26739368606
284.0,172.6344740119514,0.9581870346875476,477.631331624014
284.1,174.5519031444551,-0.11431197387881298,474.584674562518
284.2,177.6067184458781,-1.9304746488506126,473.552423458323
284.3,175.82925651258336,-2.7069888576891543,472.492484224609
284.4,174.50890085900335,0.6238602533826452,473.285897443494
284.5,177.93306877923538,2.6833152030637457,477.18643924962
284.6,172.3733513829691,1.6163757484219126,478.002857951443
284.7,175.03165048209812,3.6855552543723107,478.277083992997
284.8,178.22639344661258,-1.517948912455502,475.338779901066
284.9,176.97722999209657,1.4077141340615995,475.331636544092
285.0,180.3730961333551,-1.1464032907782276,478.14484845684
285.1,181.95944800264456,-4.3684921416359295,477.81866947503
285.2,184.07243338805137,-3.349601007330616,476.004099473917
285.3,181.01715190975614,2.1231997318226554,476.907400634499
285.4,180.2314857052871,0.5357509453374334,479.428059358772
285.5,183.04553706640695,1.7724278611005744,478.645636468906
285.6,181.88700574002493,-2.449717106291825,478.10510695146
285.7,184.35440259471153,0.5510985526257954,478.430385752379
285.8,181.74373477256853,3.0038994013891944,477.737240230473
285.9,180.1050678481015,0.19891440092582968,478.086982949458
286.0,186.4977616252035,1.3640782161129295,483.003827616353
286.1,180.7137984606725,2.3194810078582293,478.61798884926
286.2,186.0864339428609,-0.5019869353111979,477.329247442467
286.3,181.5455449059709,-1.2368584931637976,477.618828124527
286.4,188.01598829958652,-0.3281619392318831,480.595887206248
286.5,187.3015789468843,-1.0279989864850805,479.429012962833
286.6,184.07050573183432,-1.1338212739011801,479.843453999882
286.7,185.074791473188,-3.9545117684472757,478.342038596409
286.8,185.42996786047513,1.5959306641216067,481.516245609097
286.9,183.11762660922014,2.8921368256065065,478.878125915932
287.0,187.97603487709694,5.036377767047544,478.487737175457
287.1,186.85988026490293,5.915069608153043,479.480322606769
287.2,185.9629530059132,-0.7784369186702307,479.977504280245
287.3,187.37746024874556,-0.2222167044320713,477.007914043918
287.4,186.64647950713456,-0.8664597070882714,472.897182117453
287.5,189.68010745480248,2.078026420897036,479.321226075262
287.6,186.88225530076647,2.2818308677195347,479.511022667607
287.7,192.45104192820608,-1.483420042869728,476.018608796947
287.8,192.9553215252831,3.0449097790847723,480.246349274126
287.9,191.666568114345,-3.079832397443141,475.281715959562
288.0,190.71797313071252,-0.4184149703086,476.949014452127
288.1,191.56420293917853,-5.2523289915543,475.937523385704
288.2,191.72666294608752,-6.52243349606,476.215911229762
288.3,192.96857588813552,-3.8156901286183995,476.440208646711
288.4,193.72478223182253,-2.0143464834977003,473.994447193943
288.5,194.91592102391854,-2.7690378148556007,472.206002305471
288.6,191.13588923720434,-0.8905359300420628,472.670451281415
288.7,189.80076372102235,2.772072040101037,470.48535548517
288.8,196.76177545232434,0.07834768586863916,473.698049833609
288.9,193.46815702611855,-2.528360779136932,472.403487280931
289.0,189.76662186739554,0.27354365765996747,470.562716673259
289.1,190.322001066746,3.1398297090317726,466.775817448329
289.2,192.417990230526,1.0128829085270716,465.12405640883
289.3,192.15048338353418,-0.27200837614236306,469.468811412621
289.4,199.99822478980767,-2.275876221572126,470.096384968577
289.5,199.74997615134765,-1.9160618302865267,470.54526961665
289.6,198.5626747602206,1.1790632891300348,467.795920788492
289.7,197.76583966620862,4.298291740530036,464.923893325742
289.8,198.32687529741622,-1.606904027827433,464.069140040182
289.9,198.10567984067816,-0.6281261331152095,465.82501881779
290.0,201.71034430487217,1.8425280441408916,461.234467327528
290.1,201.79064871897498,-0.6276711100319758,464.862102651704
290.2,200.97977072568398,2.1179486701627255,462.553668194154
290.3,202.6574189739749,3.5377617088285227,462.097078901331
290.4,205.49915672133335,5.936373462460509,460.203316102607
290.5,207.40190471946337,-1.447224738271192,456.834888981968
290.6,205.5471992312857,1.0558217289592484,457.809916990686
290.7,204.9600193443887,0.8339060134338503,460.141290228247
290.8,202.3918188571378,3.960752289295119,457.12778252543
290.9,205.07717696229477,6.26729104390402,457.546713859556
291.0,207.42912714700483,0.8095601245685629,457.632035208442
291.1,209.48827938950333,-3.8549156415546193,451.261970334873
291.2,208.45934975438036,-1.4488326958380178,453.647513712169
291.3,205.097875048907,-1.038655276437833,452.742592558059
291.4,209.510662728899,-3.3940573982574307,454.406322404742
291.5,210.11105297402324,0.3971962947533818,451.967476767221
291.6,207.62442706591324,-1.2168421562742182,453.081957375986
291.7,214.37359128256682,-0.54902492668813,452.115087528835
291.8,218.05339359538604,-3.6608546142515976,452.29453627464
291.9,213.71303826543604,-1.548469439252198,449.862714856894
292.0,215.52854467693328,-0.36545636622081545,448.163186197132
292.1,215.27362581204233,-1.3738569785312151,448.715600342695
292.2,217.12631787211066,-1.5634394995178198,445.721801319257
292.3,217.04149390893667,1.4538188737170827,445.275365156046
292.4,219.60746163931097,2.537565886605016,444.001345806068
292.5,216.65786141524583,0.1875845099897333,442.094662560746
292.6,216.64993497683383,-2.3486651207625684,444.462500223381
292.7,219.90423375602657,1.635843109553452,445.801221252803
292.8,218.35875729906556,-2.288284399931648,438.624338124416
292.9,219.99136136081773,1.6214060698072537,440.032466121668
293.0,216.0468761443865,-1.603507613516605,441.364761659696
293.1,222.16095660528248,-0.8589488718764038,441.657601495634
293.2,218.03752080536628,-5.006277841449922,441.526494856467
293.3,221.7527842490013,-3.39176349584136e-05,437.70769319109
293.4,220.3354832023613,1.69327988268914,439.251729546759
293.5,228.65172355822955,-2.268126497687362,436.65380547517
293.6,225.43793025276554,1.3431922200394375,436.455856616179
293.7,224.50753746668056,0.29912282820614067,434.128286181946
293.8,228.72005148177377,-3.4025257399574187,436.474612594458
293.9,228.22666472560377,0.027375219238180648,433.16178710016
294.0,226.30143929122062,-1.8001084369216684,430.443448192288
294.1,231.51175259908058,-2.011101126584368,431.130692809129
294.2,223.30648757998384,-1.3619240029091237,428.166460175423
294.3,226.27681881031162,2.5526326781223716,431.594027483393
294.4,225.37166037215565,2.820902822532471,429.878052577345
294.5,227.00442776762958,2.285135037118227,425.116602387833
294.6,227.40729045976258,-1.1903112317324727,426.150721731814
294.7,231.62075438701117,-2.554091340905778,426.637177247549
294.8,233.11697113414755,0.309947197289798,422.286878278371
294.9,231.83981265739155,-2.7783779572366996,427.428724218704
295.0,230.1606786244019,-2.511242919637997,418.683527756297
295.1,233.4704758279499,0.14956236752200525,421.147277680775
295.2,231.5744918927029,0.23512156048330368,418.542144077715
295.3,233.8095695793279,2.903091751784004,423.352004287945
295.4,232.8670758958699,-1.8271913147067949,421.811891895112
295.5,236.51069140339888,1.7612887934543195,418.078307474289
295.6,239.55918826977188,1.919955424670718,416.660893863287
295.7,237.9477450926239,3.680672192605819,417.500952371563
295.8,241.62975057210926,-1.0702215467075256,421.699452941451
295.9,239.74456430900526,-2.144583528630829,417.518878799313
296.0,238.3894072420813,-1.0158296465311274,416.59385947982
296.1,239.07624276797193,-3.6893800153064937,414.101971215229
296.2,240.06084546915793,-5.660504383733294,415.221520697843
296.3,239.0700500906009,-2.395054330735224,415.149646225783
296.4,239.65184856852264,-7.1000639578582465,410.127017722275
296.5,247.85072257022364,-4.321866701498447,415.058960488219
296.6,243.6181159930318,-3.681315784763008,410.227607130735
296.7,241.50460679879282,-1.6906586598032085,411.554394622979
296.8,238.17340447046982,-0.5018464625056112,410.8227575496
296.9,245.0480363939946,-2.027041192409385,413.169051727616
297.0,241.9330593033346,-1.299180446122186,412.151808310882
297.1,245.6898031767667,2.7255683655864154,406.532028461615
297.2,246.28086821623668,-0.16419951088518658,406.75329154849
297.3,251.31476643581868,-2.324200204008285,409.436725667645
297.4,244.84414405340496,-1.2441490984205004,407.26702791769
297.5,244.36283524221096,-0.28018679682010017,408.252955210756
297.6,245.54292085468273,2.845732252055697,408.617987799603
297.7,244.7645920014854,-1.931073262933431,403.574596238684
297.8,246.6331268909064,-2.0861573884830307,406.178214951993
297.9,245.31532419136627,-5.092458586832457,402.917019494835
298.0,249.01558709291422,-1.6271146497943363,400.702823340525
298.1,252.26754628667922,-5.028759926093635,402.538633027975
298.2,245.97947175425156,1.8075270393210658,402.639990440154
298.3,247.87828172486937,-1.6189792311140216,403.322149104596
298.4,248.21190321809135,-2.122155655702322,400.008469607542
298.5,254.1051241992535,-5.073437684265578,402.98803435752
298.6,251.56744686800852,-1.3610408646446785,402.693614006684
298.7,247.49443114236084,-0.6608329258413725,401.530151217037
298.8,248.0388339411143,-4.471047225497017,400.814932294479
298.9,248.8661047490503,-2.0946971594787165,395.514155990875
299.0,248.6252188794364,-2.9350058680626034,392.657672346319
299.1,246.90395486740638,-3.988559007936903,399.387457936689
299.2,241.98669263024422,-1.164421305755262,397.357180740828
299.3,249.59897259157222,-0.6654634511984625,399.563782755498
299.4,242.35276575492688,-1.5067638457772397,395.753870216858
299.5,239.81623973889847,-7.861620704884533,399.401565638892
299.6,239.16118784562448,-1.8218926645706333,393.092502244843
299.7,241.4207441705325,-3.317641411171934,395.812776381316
299.8,240.5868212979955,1.4085643408160529,394.115454912793
299.9,240.70349609690052,0.10287893777612211,394.808817416752
300.0,242.4172587405545,-0.2447074453887801,394.857280223313
300.1,241.06415554510951,0.047880373388121455,394.105613586296
300.2,238.48362053023988,-3.648160607864291,391.193935584947
300.3,242.15587465954434,-1.988554203399179,394.638495297034
300.4,242.32528829893135,-2.6460275546273806,392.334926646413
300.5,240.74400932296834,1.2872135131260194,387.873365703468
300.6,239.45041104292227,-0.3002612741940851,393.384620482736
300.7,236.20305589560314,-5.1459035912629965,389.989569690292
300.8,235.58240239455014,-4.692819715639999,395.189543230538
300.9,237.12118375475214,-3.3077920515653965,391.631353255348
301.0,234.97309742367014,-0.5696134350692965,387.379563964187
301.1,240.32881490134113,-6.053542200837505,390.974510836318
301.2,236.21440760584613,0.2777629113223945,389.675035307275
301.3,234.69377611967215,-5.356318167618404,391.631535603588
301.4,233.6236204159652,-2.234812267529314,389.169009692488
301.5,235.23117805139023,0.19368604018358582,387.438679305915
301.6,231.37403059554734,-1.9464320499230077,390.779008483199
301.7,235.03229843697233,-2.3616853211932067,389.937437157975
301.8,232.59088268787005,3.9967184818465498,391.468352466265
301.9,224.0688829667432,5.001706432503582,388.276682164096
302.0,225.76453097438818,5.163660764374281,390.093594005897
302.1,224.17927779290918,-2.3156267031347184,388.755034596666
302.2,220.8239193986222,3.9142223722809817,392.52436269004
302.3,222.27691688075618,0.38194458066608306,389.008947571328
302.4,220.23640892195218,2.9426628420036813,389.160211528131
302.5,226.0917421444596,-4.341065486037959,391.454993417187
302.6,222.3706326003276,-2.8780426459868593,387.607316549194
302.7,221.4786188966756,1.798874443102541,385.093031371357
302.8,222.5478130965705,-2.6109504302407593,383.234633070223
302.9,221.6756293594365,0.4554838016292386,388.24189411361
303.0,220.7359810991064,-4.611525607876423,386.231488822458
303.1,219.74510942423842,-7.056180678203923,388.683309973894
303.2,213.63107718060633,-4.0258377178656986,383.642701855681
303.3,217.88495537742185,5.97758971897672,387.957308026617
303.4,212.59914142604285,5.61881892894662,386.803988290483
303.5,213.9437628453853,-0.2604955590113889,385.525580498288
303.6,208.7701336174273,1.2386807986355137,384.701820452335
303.7,211.0816505105944,-3.7579206379852437,386.190377941645
303.8,210.18853440954538,-5.035360535294544,388.228697562736
303.9,210.52130805186334,1.7388673314720613,384.178254945412
304.0,207.4495314610913,-1.4594773632540736,387.909828171296
304.1,206.2338280020933,0.6866362493464244,388.035062046399
304.2,204.01612409613546,1.1021992886593353,386.325389283249
304.3,201.63784350400545,2.0002235434394358,390.53147287402
304.4,202.4238230778186,-2.164631374196283,385.591398220959
304.5,200.05101612999061,4.998941194115618,387.898043757039
304.6,201.20514102817376,-1.6720319393202452,386.398311859574
304.7,203.642973730792,-5.025544496006852,386.920474718525
304.8,199.467964768987,-7.696314472005952,386.253332589422
304.9,203.89239195329705,-4.0194886201321545,385.429258847809
305.0,199.48015838353805,-0.46469495665645155,388.575722675016
305.1,200.6705508670844,3.088187928786496,387.634892175551
305.2,194.85092472412438,4.543267810664197,382.573016987625
305.3,190.9671233203468,-1.060163369037209,385.454370887425
305.4,194.36365291531428,-4.108038352758054,385.31840076229
305.5,187.13756712107727,-3.221391808043954,385.470446194093
305.6,188.95326533572268,0.3522546546784149,388.231639457976
305.7,188.87310138955968,-2.0091997411740863,386.315757080192
305.8,194.562452075177,-0.19643035302247824,383.94812741548
305.9,189.20568713405797,-0.5783430984065774,384.356977947506
306.0,184.7937884206273,2.999753220048607,386.690303344823
306.1,179.39822963103356,0.8547304031050551,381.861152415101
306.2,184.85701486563156,1.540752362739056,386.370266704399
306.3,183.696343156489,1.8210668036527693,384.376121405717
306.4,179.892565351629,7.89123096452917,381.851175369929
306.5,176.76263311989592,-0.054088319226547554,386.380025088466
306.6,175.57906472169526,2.9255835479522716,383.490741742987
306.7,174.73686744808126,4.309050404249071,385.922617841703
306.8,178.81253439632707,-1.0557589042586066,383.326334235034
306.9,175.17686911513906,1.5515007995907943,382.518564452822
307.0,174.68173328776487,1.1039806254673756,384.267221034742
307.1,175.8332424413669,1.815893798236683,386.545677006378
307.2,173.8540622616699,-0.541443145492714,384.5287530539
307.3,172.4021799714054,3.767784644251881,385.652552412928
307.4,169.5334678511564,-1.9495921528564182,383.403727429694
307.5,166.32120353777614,0.6850911888783671,383.741651810825
307.6,170.9799213753879,-1.124627575399554,381.799682046617
307.7,169.8465778038639,1.814968050878047,386.84315822025
307.8,172.97038814667107,2.3121604580433903,384.755459689546
307.9,167.14302206897608,-0.595523625373712,385.811634968861
308.0,164.54278932007426,1.390322871259066,383.490523059993
308.1,163.9810274755555,0.8803540895709432,381.751802559794
308.2,164.47001166228148,-0.0077416545523583125,381.915971658879
308.3,164.09310383780547,3.1234403846567425,386.339364085154
308.4,158.82204942961897,-0.4731201048177418,381.431274789029
308.5,159.0218594503219,3.0396143317143274,389.013675879233
308.6,156.5242525748939,1.5215834148972274,388.05217991586
308.7,156.89800915406389,-3.2022243663944714,381.251639818115
308.8,155.0588544280919,0.2465460965704267,390.222707147122
308.9,156.72797553300708,-3.165690543314234,384.284160299343
309.0,158.34393971227908,1.4210404193542647,386.178524422034
309.1,156.2705458872791,-3.7538870340090327,387.139053174364
309.2,155.9514303028661,-1.1716436416762335,381.331681056159
309.3,154.2169298348943,2.1001910398611354,383.046404974956
309.4,155.2169834474744,-0.011569990887547732,385.847865390396
309.5,153.5982130189324,0.6518744894633528,384.267473340983
309.6,157.2591537109324,0.9873676313140543,382.008427934925
309.7,150.8374227688084,4.549805197097452,386.096083740459
309.8,149.2198869707554,0.8081459540973519,380.453765389143
309.9,151.2203362688414,1.0050134807404518,386.046569978136
310.0,148.5947243303684,-1.2504717472985476,385.858748625655
310.1,150.3879155061908,4.181413344079523,383.191181172621
310.2,149.5104911742308,5.327407460849425,381.478951219523
310.3,151.8675680405518,5.211752539991124,382.449422656466
310.4,149.0153262279088,6.406529870046125,382.638527296949
310.5,145.9682973763538,3.3861743111386247,380.257649582026
310.6,153.59157835159363,-0.11182737342567961,381.47831929605
310.7,147.65893881636563,1.7652829468028202,379.436314765755
310.8,150.33191273236065,6.511608730558622,379.654873936076
310.9,151.25552856521765,0.6429091790515216,380.171743044063
311.0,147.13826599942823,1.9848149452965167,374.823881934656
311.1,145.12932937198138,0.9200726901346314,378.804142691681
311.2,145.36421683507137,3.20171916334923,376.710910288853
311.3,144.12114068171337,2.8442930149272314,377.060507943333
311.4,143.79481451073337,-0.20915757760246834,379.050719501132
311.5,146.19136423197838,3.4252868932022498,379.854793595862
311.6,147.55600324774238,2.1644364620188483,377.942798629653
311.7,149.46886866371838,2.7981716802245487,375.020025873813
311.8,146.3605104728624,2.03913338454095,372.788839041565
311.9,144.3431933654924,-0.9954062959855499,373.247017201714
312.0,146.13770913912933,6.783107362416548,374.524537729476
312.1,149.09110169690533,3.365253128099848,376.587393411179
312.2,149.88334071318633,1.4829564629272483,371.37237901093
312.3,145.54385417277533,-2.4246518115654503,375.273113509195
312.4,148.11546090797233,1.8278391853142502,370.212224451426
312.5,145.78463185964134,0.13429646164924947,371.888702152402
312.6,147.44374054987924,5.28666272543682,369.310240894695
312.7,146.77804185149824,4.806325102722919,371.65836610777
312.8,149.29668422562025,4.7369064103194205,368.564706837563
312.9,149.97848787143124,1.9583698963336218,369.172322353463
313.0,146.22171382851224,4.934782869788219,367.438809242718
313.1,147.78300967641235,3.094478330872038,366.968297373857
313.2,144.62795744507434,-1.2973608634020621,361.40808353282
313.3,145.73097662722137,1.8758866103578384,365.234044755761
313.4,147.94683764932336,-1.688751194118062,368.793422965189
313.5,144.89648790400415,1.755932044707187,363.081619598476
313.6,141.9616344869958,3.5864621183773835,364.423543553323
313.7,143.8733600652048,-0.8052036648532166,361.219862370057
313.8,143.7196056396318,7.078071944927084,363.958730047152
313.9,143.13186315029077,4.457286712430085,357.473840835652
314.0,145.5558596576478,-1.3811804572585444,358.80115011692
314.1,143.1753478613708,3.346312172267856,359.623576420272
314.2,144.4227416380538,0.9939746155073568,358.428720900415
314.3,147.5281669813858,0.0010350677008545972,353.115237856732
314.4,146.2039810021318,-0.5429169827612448,355.394338789996
314.5,144.05889280498076,1.6453326610248027,356.32541642051
314.6,145.89493897400178,-3.270517668154497,354.869754072299
314.7,144.63151403719675,-0.7868550297624992,354.189331900519
314.8,147.40561039709075,2.8291161983289026,351.245598725309
314.9,144.36755361046977,-1.912010625274899,352.324303051747
315.0,146.65845680023517,2.387225973577248,348.622972919188
315.1,147.92151500439218,5.0487286368272475,345.321634916152
315.2,149.56159733897917,1.8454122888727476,348.555786428939
315.3,147.18963559211818,4.0250916369867475,346.729523034088
315.4,147.53141721038517,5.3471851985540475,344.69943608004
315.5,145.5717524414092,3.0985454710118123,343.940117904323
315.6,145.8548585216512,-1.9166421317270874,346.76465737429
315.7,145.5374519305532,2.890722925541212,344.269413104553
315.8,144.1554622581332,0.15152564227421195,337.721549167858
315.9,145.1915027291152,-0.5045414300966868,340.254552451284
316.0,147.61533007473224,-2.1096104825133075,336.225744153314
316.1,148.01982986880824,-0.4301290675363063,340.580882227203
316.2,149.71303068305525,0.9304020412664933,335.282222212251
316.3,145.94276490757426,0.7797399670217935,335.15743724038
316.4,144.45714168469024,-2.016822544516007,336.292873251299
316.5,150.2588739809403,3.107634094079657,336.353488527234
316.6,149.4810716599633,5.552203737457958,335.16260387508
316.7,149.8427412752803,2.534239806409758,331.332878270836
316.8,150.6999678407673,2.834848660110758,328.785660462674
316.9,149.0463149334123,4.319764415791758,327.76916269041
317.0,147.4834531052256,3.081431640444654,327.252835531879
317.1,148.8812661162666,-1.3786460386296469,324.925521808803
317.2,147.3873831812176,-2.3363428013035445,332.271282325441
317.3,145.1792472070466,-2.688464507703145,326.104586829589
317.4,145.4395149898306,-0.09345773011254366,321.623708687942
317.5,147.19776121776138,0.4395837867167316,322.964437420829
317.6,148.8079054714124,5.7410587998942315,322.788741387692
317.7,146.30762391379838,-3.876384908499368,319.671723883839
317.8,147.94161509596938,2.7763095803805307,319.847647176251
317.9,149.48719588153438,1.3543201865845305,318.533009179628
318.0,143.36744107867074,3.626192789672279,312.854162590359
318.1,144.70135852075472,2.9296621654889794,313.640050947414
318.2,148.39089612281873,0.3844602573732807,314.178403249768
318.3,145.32840813053173,6.41158198258338,312.853503093815
318.4,145.21350311517173,3.2687495893312803,314.208085311167
318.5,149.45031683434775,2.753092572730079,310.158102550732
318.6,144.7968918722238,-1.0149675167664522,310.25830831817
318.7,141.3417211449048,-4.398500429663454,311.207387002982
318.8,144.0166387866258,-1.6600011511566528,309.645760832344
318.9,144.27327397635878,-4.9310760220707515,307.730200415126
319.0,145.62338983404578,2.014152507499647,304.485726810404
319.1,143.5303675901783,-2.1030305822447097,304.177623908623
319.2,147.66412431021828,-3.4276286387253077,302.484464426132
319.3,144.9801608233293,-2.2949571591277085,300.602720313717
319.4,148.2536870295923,-3.8011026353337076,300.959099354048
319.5,148.13827772901328,-5.3375530501888075,300.885541570194
319.6,148.78987825482352,1.4712809624400656,297.228658187299
319.7,149.3000145487795,3.4304621236370636,296.210772253703
319.8,143.3301372179655,3.6370221984506657,296.706145771791
319.9,144.7202670357355,5.724563632627266,292.010050925585
320.0,145.56727755586653,5.209720612507866,290.814139578556
320.1,146.07802955901153,8.698370694409665,292.256200522626
320.2,144.8807740742695,5.051093645447665,292.279839167915
320.3,143.74454035161952,1.2875676799741669,292.395930270975
320.4,146.9218799827465,3.7538615103396644,286.222980266206
320.5,148.44490154402507,1.884896421679759,286.62205335855
320.6,147.93051715019706,4.10552039694176,286.714536378605
320.7,142.24880983508007,-0.5393393767287407,285.150042735663
320.8,147.12200898111908,1.4618334178652592,285.445361072983
320.9,147.94206401794807,0.8016541267681596,282.140741570199
321.0,146.5106895855157,4.962252829744568,286.00254552304
321.1,144.19100403590272,5.481049183008167,282.160442255855
321.2,148.4119595446647,5.8864893582979665,282.673209469749
321.3,148.2180487145477,4.010196209642967,279.767589670009
321.4,149.1795569409677,3.8144515448308667,277.738361441522
321.5,142.38641382801566,-0.16250405802865941,278.279427466877
321.6,141.41677786121366,0.9310290411905395,273.302389790708
321.7,144.53746912772067,-1.2899641243044595,274.990769459933
321.8,147.01583340531968,0.5482539944819393,272.460231928036
321.9,146.54913984414466,-0.8099555776663596,273.39810189686
322.0,145.47553908633333,6.170527896398173,271.907545462954
322.1,147.16047265796735,7.399036508098323,273.405571827104
322.2,149.49832250183235,2.257755286543574,269.611987786299
322.3,145.90109786657135,2.0302461946955734,266.143082062704
322.4,151.45757607343234,3.058384454386074,264.931922122029
322.5,145.61978781518772,2.603197931847104,260.511801356496
322.6,142.8450514105927,3.0437169156997044,263.442996382504
322.7,146.54839049738572,-0.6438477355659948,263.35126844985
322.8,148.2491147151147,-0.3249512299891961,260.818269667718
322.9,143.9384574119337,-1.5950429720511945,260.644229882046
323.0,150.2941066062384,4.0314389732834,256.91289205434
323.1,149.9626318244224,2.1196733204704987,261.307124153387
323.2,150.5938671114524,3.6136654578420995,258.264466753545
323.3,153.6170271714804,3.7845736544815,257.389835713454
323.4,154.2156916658384,8.52830928068809,250.45005201673
323.5,145.5991560542777,-0.6313040618331183,256.7417314031
323.6,142.02898942294271,-4.903814784076118,253.327783358398
323.7,145.6689171900657,-2.210823052184818,256.591945903326
323.8,149.82472194624572,-0.9123607667338174,253.365103660756
323.9,143.4827888552717,-3.6736950107428186,251.187709091199
324.0,152.2698501642841,1.5185360046861263,250.188440039814
324.1,152.82905068981108,1.0979087164728263,245.809232390183
324.2,153.15487038574008,4.375460405824725,249.198630530769
324.3,152.90664538476608,2.984697309284325,245.901682817675
324.4,147.2996814681701,3.2995222921924263,248.343139294631
324.5,151.8886086445431,4.541057025728126,243.924336092562
324.6,147.30064294569638,-2.388985649245795,243.768661965819
324.7,150.81211545578537,-0.8953759644076946,243.31573528781
324.8,150.30595890768637,-6.112784713021194,239.768200078135
324.9,147.24340041641437,1.5514734613526056,240.951539907651
325.0,151.6337859811084,0.36924565521440655,241.361855061954
325.1,146.70374038286232,1.9183601379758102,240.807785905599
325.2,147.57748768526034,-0.3356898352060895,238.778864014994
325.3,147.02564396172033,2.08080682071831,237.531266960667
325.4,147.82382222154334,-2.4385877270886898,236.753936595983
325.5,143.39788100768132,-1.6206193638398894,236.165072001365
325.6,151.79811906230697,1.3545239252518755,234.697486116419
325.7,154.76362892950294,0.10334060339817519,238.172506407928
325.8,152.54789245865197,2.189019640579275,233.661129251562
325.9,152.14399531279395,4.239884523722877,234.493830342303
326.0,154.43776615517498,2.2849797684843765,231.126636853897
326.1,152.45384403461395,5.829870819687676,232.799777256684
326.2,150.05146671763092,-0.30266208891457325,233.722920829882
326.3,147.4084958196699,-1.317329920122173,228.886211114222
326.4,148.2120146442279,-1.6559516235693739,228.466017694947
326.5,148.2084948493049,-3.428323270689374,231.687705266595
326.6,151.4408582633619,2.058784763331566,230.695601067142
326.7,149.6137886104057,-3.3588206750038143,229.577332288774
326.8,150.7342899848307,-3.203028392433314,231.804921239304
326.9,149.53740207971768,-2.005605872822814,228.443668591473
327.0,149.67987447330168,-0.7485038142026141,226.196132125081
327.1,148.3349584970357,-2.821766911077514,230.250504331016
327.2,149.2338532657507,-4.871420212541414,229.197558117828
327.3,153.85752053872028,5.709756383518991,227.595238266845
327.4,147.4717953350173,5.721140661907391,224.137004201612
327.5,146.0603411367643,4.1319412400591915,228.984493937099
327.6,145.8939533483503,2.9303754707343916,227.613957432855
327.7,146.7479298098063,4.048529159642191,222.210574845071
327.8,146.77800441626928,2.8785939058541903,229.242314409998
327.9,152.53907420330444,3.961746289033135,227.112614569751
328.0,146.70571663367343,2.001780156607234,224.54735031138
328.1,148.44458331827744,2.2442050741217336,224.285606247362
328.2,147.90435353766745,2.931858558653735,223.794440571651
328.3,150.94851903097745,1.7102251674293338,225.590720149215
328.4,154.00664664360545,0.2649297523885341,221.919698156967
328.5,146.03028057026845,4.4582806232545344,226.244085994305
328.6,146.17953735652372,-1.6461122391072713,224.049701309682
328.7,143.41210412960072,5.011274169890148,226.509945500788
328.8,149.52965188075473,-1.1450801174542722,224.652017029627
328.9,145.40675532643473,2.3479533269024078,222.980493308421
329.0,143.36844090299974,-0.08436801012107153,219.66223212253
329.1,144.62422518432672,2.548684613708378,224.327734115856
329.2,139.55094695175484,-0.3954051016064124,226.589804735374
329.3,139.11273173899585,-2.6639549764553117,223.203787521362
329.4,138.29175921398684,-2.9463716118212115,226.903128750365
329.5,143.90413110046285,-2.3696101361453117,217.798187267193
329.6,140.82084916780883,1.5980061992116976,220.938805620656
329.7,138.72238622033683,0.8043442118128876,221.020319953968
329.8,139.79801611759183,-0.6671587789304123,223.274458691639
329.9,136.58327291093505,0.7827254702436317,223.649284906742
330.0,140.81203696639804,-2.6292714533444688,222.455330444871
330.1,138.29127509603106,4.020562765150423,224.40557204712
330.2,135.00797643153504,-0.8493853517764673,220.683132229569
330.3,131.68709747093405,1.2202655811904322,221.993392718938
330.4,134.51838118787504,2.172373392148632,219.380309087416
330.5,129.27913714480587,-0.8052993200518159,223.423772844319
330.6,128.53093694454287,-0.7589316573131146,220.867262828023
330.7,129.84225608721786,-0.08308976765201592,217.267408222916
330.8,130.36621463684787,0.0900746021781842,222.496801479346
330.9,127.58505663798788,1.6095450847467845,220.953294220584
331.0,131.64967058005888,2.9354372387085856,224.719090941498
331.1,130.26901035687487,-1.0280014487741145,223.272110612309
331.2,126.97473274140391,0.8148140728950821,222.749244146396
331.3,125.27021770679292,5.3010143939531815,222.587587076825
331.4,121.02892813185191,2.887469768802081,221.181391735891
331.5,123.05879510875491,6.098506792102732,220.855835790657
331.6,121.49446240657392,4.964884340013381,218.479964866085
331.7,121.74754138185692,1.4369267433815818,224.310543618449
331.8,121.03196296498491,6.993271733281341,220.380954522887
331.9,117.60130555278292,4.207592406328681,219.442387316328
332.0,117.43068177687292,1.5906198721974807,221.760442063588
332.1,117.49729810117492,4.853249190641682,226.696472248142
332.2,118.77620738946091,5.577312224496081,220.140400676079
332.3,113.6583345206161,3.6290261150405243,222.702651807821
332.4,114.47681585895009,2.3791924749269437,221.281684169661
332.5,111.17858150231409,0.02703564567024408,222.746952229436
332.6,109.4342880246731,0.2614530297097435,224.69247460746
332.7,112.37767601506509,-3.5924522823933547,224.447835365115
332.8,106.4440920896581,0.771468654738344,219.051347594862
332.9,103.1803736389801,0.03656085018364408,220.731344837872
333.0,117.27254962478806,5.358128024437745,221.958225147577
333.1,111.43782656807706,1.6845930205807846,223.043862018184
333.2,115.55621117225107,1.6204958330821846,220.226917987896
333.3,112.70360695061906,2.997762458779084,218.75269448603
333.4,113.56234977996006,1.4733873274626834,224.207853800198
333.5,112.48293686496206,1.9742992912855843,221.356073539644
333.6,111.36365067031507,3.4051757960188844,221.561729477051
333.7,102.9575587862502,3.1305618361467715,219.263604248324
333.8,101.9690295384342,5.001486571594482,221.469522003127
333.9,99.99408969847019,1.6168888420273717,220.971465508754
334.0,97.13531441644399,3.0303022599082716,220.977143978102
334.1,97.4407564437738,-2.596114579388429,222.02387947831
334.2,97.015287605349,-0.7294106413971289,224.22940751798
334.3,93.57891610291679,2.0210525883380708,219.5270044871
334.4,99.47869855606949,4.60012379323352,221.258808164778
334.5,96.0663157068197,5.138391246559149,219.298335536385
334.6,101.31697484706409,3.9943985283586088,223.085599308968
334.7,95.7041307616033,0.7872344085096188,217.952093970196
334.8,95.02016027928359,4.728007779069859,217.776355310119
334.9,95.6393967809029,0.06670549537191839,221.988296769647
335.0,92.1520922993972,4.8315754748223,219.858631453757
335.1,93.2787609528115,3.05886651772712,220.9422001046
335.2,90.75563343824189,0.3014134725377726,216.767470671374
335.3,88.59482314240088,5.190529371269742,218.518557898086
335.4,90.38989695633418,3.1043548399080727,223.457196512867
335.5,87.13818993720358,7.080605794469182,220.725573634612
335.6,87.86495154405358,-0.3982308281339275,221.660473218219
335.7,87.89278237247198,3.9312408081671215,220.273569793224
335.8,86.11688651351648,3.5749566991365516,219.124150950847
335.9,87.30760569188948,4.5598051902704615,219.875452409046
336.0,81.67435136215683,0.12878367121176915,219.572921636314
336.1,83.61126434239003,1.77420404345923,219.967214653384
336.2,80.56086823057784,-2.1487228066858304,220.162537000329
336.3,81.27821837967264,1.2383359187501704,221.99271071771
336.4,80.92720648343344,-1.5239917876691305,216.100758454863
336.5,77.78395266184494,-0.09820148769513004,219.470700541475
336.6,83.84344534685744,-0.07845172673382983,221.167748257674
336.7,76.13100743054392,2.2242325925912034,222.014612338517
336.8,74.12378454734652,2.3184711914203042,219.30205754381
336.9,74.35569104752712,5.617287586844714,220.965577443118
337.0,73.41604317103102,3.4403090055935035,220.433993902058
337.1,75.21742580271751,4.483908678298334,222.211172261517
337.2,76.57719951785931,5.584072777380634,223.247057570771
337.3,74.07757930112632,4.280531496110603,220.347223169405
337.4,75.60597870115306,2.5978194239947943,218.920511452077
337.5,76.51881203925717,3.1489945426282144,219.957140982349
337.6,75.72666375381867,2.7682268567929746,219.163104074001
337.7,70.09455201068016,-0.47747094386550515,222.275473849042
337.8,78.52534498800587,5.298892983214125,222.900588459861
337.9,74.40156848172757,3.5058182933297353,220.109818808092
338.0,75.17637158585997,6.317596387556165,221.455156808107
338.1,73.76083836579677,4.1199989287850745,223.68964409983
338.2,73.3871685709455,-1.9041669455761223,221.788799170761
338.3,76.27395415167271,3.262749087622618,221.474532571482
338.4,73.45404023639101,2.5903309250484075,222.869120418724
338.5,76.22640174708141,2.4487097331680783,222.220261694944
338.6,76.6989893772517,-1.323479344312723,220.809704758472
338.7,69.4102152003943,-0.5621597030802228,225.436709931679
338.8,74.01898774203141,3.6610843947306178,224.003094400681
338.9,71.69338707063943,0.7110021679561775,226.023990050366
339.0,67.33220021668573,-0.19338488761452233,225.213092415951
339.1,72.44433658720864,-0.262282955992422,224.821622661021
339.2,72.23550726368073,-3.012517790327623,226.288377615451
339.3,71.55391702187164,3.366092612618858,226.465129112877
339.4,71.99435590023273,2.7375461576805673,228.444648761288
339.5,68.72552519187424,-0.15980193920542263,225.325337167384
339.6,66.30968953907643,5.768340408068638,228.718196073957
339.7,73.62764417559721,-3.1454060098633487,229.497888963927
339.8,76.15734164112962,-5.721454638950149,229.989871099402
339.9,77.48103045155621,-6.206911376209549,229.003544294467
340.0,73.71110759986422,-5.315049527331249,233.152574226302
340.1,76.76791825043672,-5.919241732523149,232.048073352051
340.2,76.91057849853702,-3.32248559566915,230.66159828215
340.3,71.91289819349711,-2.0628762261745486,230.277495731399
340.4,75.11006718845762,0.06103718371183042,234.094251956579
340.5,70.22489518537488,1.0771463539801402,233.185008582552
340.6,71.44704154968429,0.509224687530681,231.759929154797
340.7,68.95499774245027,1.224622901831971,238.378016374532
340.8,65.93884860930598,2.57804892790676,238.021309581647
340.9,68.36524464939018,-0.24224024603131866,237.33753060305
341.0,68.75147704383788,3.386241490795171,238.224838106434
341.1,67.29450687422577,2.1155063383353117,232.056768387744
341.2,73.70677341770336,-1.6050969194757396,239.365851230747
341.3,72.40612871037966,2.4300178851163103,240.208490572606
341.4,72.16583678263076,0.2716762730552613,240.876363201485
341.5,74.85693290981895,1.4011303352938604,243.49597068334
341.6,72.73019932934986,-0.7902607397084385,241.585512707759
341.7,72.63181989126446,2.3930195060992503,237.03445499747
341.8,72.20113861227856,6.566641154003061,238.916326669909
341.9,70.8722057599298,0.1378250498402105,245.132587230251
342.0,69.6543234856676,-1.8860267878661503,235.860351028129
342.1,69.6044011145451,0.14026862654371008,238.867687362925
342.2,67.6045641622764,-1.6419689090324603,240.064303384362
342.3,69.9973274213294,-1.07898118562653,243.680756811873
342.4,65.6262484850221,-3.5536877406649996,241.424791654903
342.5,70.4719264290632,-2.7541584831720005,244.27789341045
342.6,68.04923371507141,-1.9092354340601805,242.929198882096
342.7,66.74512603222318,3.6759538327842094,246.645072540863
342.8,68.18738111840548,3.649171556444779,246.357763775253
342.9,68.01178950949868,1.6637938301821098,241.216963185315
343.0,62.28158566789137,5.2039718012798595,248.131836110418
343.1,63.77328786801037,5.755408011244219,246.994118769142
343.2,64.78557995186058,5.435627438455139,246.766588590358
343.3,67.39751587734128,4.6311051022187595,245.481927661813
343.4,66.61529911454838,4.74471102273475,245.318051782121
343.5,62.89888561819045,2.1140171906221976,242.965527695848
343.6,62.705193262852546,-0.5565018402897728,247.997247085025
343.7,60.07238360171985,2.424975822462697,246.306665835834
343.8,56.99508998185435,-0.5273592084513723,244.536247341786
343.9,58.955397159876554,3.8289934109237764,247.731413622446
344.0,57.155481423131555,4.886795231602737,245.858115922458
344.1,58.72973313518915,-1.9123485316606725,246.814422556229
344.2,59.54448832614791,7.106053042688176,242.442686152632
344.3,63.90890173536151,4.174781042130297,247.245848517512
344.4,63.31413471927531,8.351045315550337,245.395026232967
344.5,59.59616920206411,5.832706224836397,241.681216256926
344.6,54.50883305960381,2.5307883261600974,250.103333980079
344.7,57.135653528459514,4.764937203094297,245.618090266128
344.8,59.134755955241914,7.772574852884796,245.265976114228
344.9,56.19120298028361,6.399447101564517,242.601944362875
345.0,57.89817641473144,4.879986352615142,245.177672615312
345.1,59.22591389394974,5.024049210820112,247.656769737945
345.2,55.089242186333536,3.2292398814589127,247.676818694333
345.3,51.891227469571646,7.7370441113026125,245.757339683283
345.4,53.60790288108184,2.488508628525132,247.372219174618
345.5,52.88302785651655,2.986063037785293,241.715561176071
345.6,51.56464204823675,1.4955750759631314,245.672464350684
345.7,53.091978954472935,4.764333829849672,247.868676397207
345.8,45.787024998266396,1.9308173335282657,242.151105587912
345.9,46.861356395048695,3.5300633427206254,243.675779455026
346.0,43.06132308890619,-2.0822065604142654,245.38928906978
346.1,45.1855079062804,3.118122834410995,247.174620456411
346.2,43.9554671543088,4.293032860942056,246.5758482721
346.3,40.1144644441781,2.241864921416056,242.389748842231
346.4,42.5770053896824,4.807960400284975,246.117434657094
346.5,43.990979042284025,0.5212642776664644,244.869432782907
346.6,45.555525897356915,-3.341047407734866,243.247067521843
346.7,43.09544768055822,0.9768109571750632,245.08681158041
346.8,39.63600976300931,1.0648552641829827,246.517645902008
346.9,38.20074332921922,0.7030743334376943,243.658180271675
347.0,36.219925267275514,5.6538638906689735,245.21314589842
347.1,37.01767645384602,1.6067518755872339,243.120715505197
347.2,33.47948109120841,-2.389285589370166,245.372092162756
347.3,37.94778584524242,2.450441427679384,243.874093985794
347.4,35.562666498561924,1.8923715302172628,246.236253010625
347.5,33.21370871721072,6.051622879374504,242.797418592589
347.6,33.75857474599484,-1.073381596700754,242.735278533138
347.7,27.50518345860844,2.615838268740827,243.7913517336
347.8,31.33972053642944,0.5069330421702665,241.908717284255
347.9,25.89831721195104,0.8315067230407864,243.57386147874
348.0,28.02559544106494,2.964161927028557,243.040383806237
348.1,22.58927259884014,0.6987367492953771,244.016089501124
348.2,24.68758671045044,1.1937441644299165,246.985963738909
348.3,26.196048683302095,3.5427747399235088,239.346528060969
348.4,25.250655643247296,3.7172118372547986,242.780578436826
348.5,18.717838056160495,5.877712273665669,242.916032320214
348.6,27.348994500033296,1.275307305035108,242.117010558326
348.7,16.919686775169595,1.1164092180641578,243.468617425149
348.8,14.775256353283696,1.6789109933871593,243.122673933448
348.9,19.113978291934597,9.228840014739198,245.455643764292
349.0,16.254702444179618,-1.6068779412659504,241.491753372649
349.1,13.71959099482122,-1.40931291071972,241.380609198454
349.2,16.400745128560917,-4.602678586434,244.267235234723
349.3,16.72850664896462,0.49039979866044003,245.165162902851
349.4,8.5407772785276,-2.1332485874714306,240.32503111735
349.5,7.807429124681709,-1.9911112828222608,240.361544715571
349.6,15.582113835493248,4.8624671697377995,242.287622866131
349.7,12.789695743529517,5.49756141018831,245.070802710953
349.8,11.885853174252627,4.99690384631478,241.920654487599
349.9,12.453188266683197,6.2592063886970895,245.547084931849
350.0,12.644796009779377,2.8126053744932307,239.76481380395
350.1,10.147992619254767,5.00663744637523,239.54972584667
350.2,10.669327082436817,4.61609516503547,245.636343559469
350.3,7.767041097896489,8.976783442061484,242.256035763227
350.4,-3.086262731399681,5.9790074759464735,240.582135172851
350.5,-0.9233700137476701,4.449158074274614,241.060666086832
350.6,2.269687421826399,6.013581224515393,240.917264593826
350.7,-1.656432001274751,3.8630780963151743,244.47796782856
350.8,-0.8028832616724751,7.0427330339807535,242.244545752037
350.9,-1.0483107352352152,7.002253104698354,241.298304091392
351.0,-1.5075620995728989,4.874667231529481,244.940915650276
351.1,0.6444744667629942,1.9698839179238803,244.221840044442
351.2,0.7026750496816613,2.3979241082408906,242.629853571053
351.3,-0.07713147862145875,4.534657382085991,240.717948944305
351.4,-0.8422981336909086,2.7677506756994603,241.079938009277
351.5,0.5420519810339403,2.356050820962401,240.652410685463
351.6,-2.928661337656579,0.28950479918426986,240.881228056459
351.7,-4.007872942843299,9.831226743273788,240.195641333914
351.8,-5.21891016988463,8.30665237780227,242.322723737417
351.9,-5.688650146311419,7.243376204165319,242.47339078076
352.0,-5.427606433893869,10.01162117669605,243.549308299084
352.1,-4.32617358250222,8.770911102379099,241.377647059693
352.2,-4.562104485053199,6.899660467614439,242.261675333981
352.3,-6.12826285167823,2.35585347725927,242.006414543827
352.4,-1.7768473648185197,7.66140806889643,243.285628857913
352.5,-7.873207891780729,8.05865419150646,240.423271164521
352.6,-6.580890899053709,5.891949119073439,243.462552122433
352.7,-6.330321521453469,7.858981507626639,241.728279097289
352.8,-11.30929193280798,6.03266472814956,243.596839028837
352.9,-6.1372132713796494,6.21576974866861,240.874758209725
353.0,-10.403840241203568,4.435299028453867,240.823241300852
353.1,-8.743792487766287,3.2102629991700873,242.76141174768
353.2,-6.0856765356461775,3.9626256388126473,241.943277274131
353.3,-10.230129786876127,5.507113873899827,240.030123978191
353.4,-6.315690648868368,0.6493670521034662,240.65124070253
353.5,-11.653202668965648,3.3771429722288167,242.828820803417
353.6,-7.183616930981888,8.849023011926942,241.983689730522
353.7,-8.643892992982988,6.491978596580282,243.236289189647
353.8,-5.9263978992658775,9.012806518511471,243.210272059953
353.9,-8.987440435820687,2.212561489359322,241.981476612312
354.0,-8.100516057263288,2.816730731829681,243.837920171102
354.1,-8.410112014152688,5.622250506741501,243.746404184854
354.2,-7.641014585615489,5.756081250287191,242.481375245039
354.3,-8.140426248550188,8.38303520710599,241.148985614128
354.4,-11.485563252969326,4.721085855060254,240.896267642221
354.5,-14.056408772194827,0.7238946010430949,244.660639721249
354.6,-12.108568603746626,3.253604917659774,246.178819273871
354.7,-12.062500379110126,3.8770456065285046,244.600629707428
354.8,-14.352157970688525,3.699688824605385,248.646684096947
354.9,-15.390942179497527,2.150645069997535,248.336403727729
355.0,-11.064676522298226,4.564639014232225,245.235239638447
355.1,-12.415664113838064,0.6966628955780578,242.512148958072
355.2,-16.980531286428363,3.4402531511292773,250.029163567156
355.3,-14.706006821003765,6.328216957570158,248.233766956662
355.4,-12.747558920650565,0.6486257585003177,245.243554561274
355.5,-14.979383280111064,1.0349265568887676,247.947962807154
355.6,-14.885460460289064,2.850709632365657,250.619130575574
355.7,-14.048087762960664,2.2827674318885673,249.511284012825
355.8,-13.222779596753064,2.2587784281723673,250.976005920786
355.9,-17.78603218533291,4.05546653652929,252.505376995886
356.0,-11.076239988693812,5.36934996316665,252.520933313051
356.1,-10.719973799991813,2.6282057632819704,256.695038390491
356.2,-12.769509720868513,4.29204929280399,252.416915447769
356.3,-17.14697796191551,4.498151727947071,253.995672625358
356.4,-15.992881830720513,2.272742175109011,251.897808795997
356.5,-14.898848226364112,2.9420365180157795,256.935609037435
356.6,-13.535319152813507,8.109674369365713,256.637292245104
356.7,-14.605770477421807,11.141321453051733,258.25627511706
356.8,-12.766618077513407,5.703667963137573,259.032025017829
356.9,-12.108384747872208,7.684247891129922,256.36722219774
357.0,-13.150441101868706,6.951667053011742,260.000413665412
357.1,-12.924475618523108,2.8172327953918117,261.264665560274
357.2,-11.610962611082407,6.900765438300103,260.2859391194
357.3,-17.35150695240995,3.0689285714334904,261.515372918455
357.4,-16.104098380619448,5.929538180659651,264.94761797601
357.5,-16.25289018554215,2.0296917696353596,266.43483069798
357.6,-11.301860245758549,6.49813239641806,263.89145509492
357.7,-12.39387720399635,6.202390084569361,267.264869817283
357.8,-15.51804830060325,6.08188212757637,267.383364236855
357.9,-16.70905196863905,2.72005143652445,272.448987433166
358.0,-10.352539596963108,7.469705488042081,270.155246514617
358.1,-10.161501838389409,5.48636506795132,271.94700459296
358.2,-9.377040167190607,7.74572053470235,274.023915688458
358.3,-11.559962900337506,4.5441448883329105,274.090699623177
358.4,-11.267571591662108,7.93144017456021,275.611776108574
358.5,-14.240970931229707,5.33841916512055,276.495713835373
358.6,-10.827280732165907,7.56495482519818,279.89873709243
358.7,-12.217719361543843,-1.6940064569845,277.604791082076
358.8,-14.311156838620143,0.5372994569138889,282.009883740146
358.9,-18.228375527346344,0.7675749718188101,281.388571335542
359.0,-17.602439318214543,1.6212994891289991,286.638338924931
359.1,-16.489788365243044,-0.13499878430608092,284.785958737937
359.2,-12.490834711833843,0.45217032387669853,284.643185708816
359.3,-17.405973047242046,5.56552804934199,284.145299415805
359.4,-12.158490457181273,0.6340563119849181,289.160634301011
359.5,-12.834983574334874,0.41630491275033776,287.770847791834
359.6,-13.032921897364773,-1.7816910341827024,290.928011074023
359.7,-13.100034624775073,0.7241355958928981,289.356521260848
359.8,-11.621697297289874,-3.0271409420708926,293.584063014998
359.9,-9.695360049453374,-1.674283891652352,295.39962145202
360.0,-17.576865823985116,4.262186798406816,293.020227837016
360.1,-18.589318360312017,4.358048333293954,296.790758858765
360.2,-16.878611536071315,5.177378065808215,294.495452431017
360.3,-17.164906298610415,4.918258453830186,300.395915897028
360.4,-18.736788867810215,4.4687830998424545,300.991961964503
360.5,-16.337477224672718,5.074577861176055,303.914331828151
360.6,-14.651791847382018,2.2029924233858758,302.091380596636
360.7,-18.12451663230285,8.736197426243859,300.425734518394
360.8,-19.21224076993975,7.834122412294499,306.20325213639
360.9,-22.18789673566115,6.0437959795763785,305.586723810353
361.0,-16.31907343572305,8.502766592232119,308.433548136009
361.1,-18.67868436182025,10.552200763934618,309.521071422617
361.2,-15.04217017409085,4.0322947139849585,310.473114688988
361.3,-17.51573370980025,6.478183555312958,312.036225137287
361.4,-17.22279559912495,7.063543149523758,314.262969202027
361.5,-17.93715903030875,8.899896972577249,312.330892411206
361.6,-21.23116275619595,5.971239407678949,315.220481880305
361.7,-16.18449107886745,9.28944079027394,317.622118820721
361.8,-16.766699111087078,2.867678622017576,318.430696642947
361.9,-18.20335326620818,0.5653047422990554,317.93711300057
362.0,-16.03630897769088,-0.5873866801221741,322.051061721272
362.1,-20.42657310686208,0.7509669126367555,322.832251862432
362.2,-18.97277074123338,0.23295102520446598,323.067225113477
362.3,-20.632839849668777,1.8532321470859863,324.460074390833
362.4,-12.951175231945577,-0.11172453911628466,327.59325948165
362.5,-20.72951545043838,3.2470817822393983,325.9695762568
362.6,-19.96980231646298,7.845083816293818,327.539317464921
362.7,-21.45255144276268,8.050713830240898,327.046656368471
362.8,-18.72523387333268,8.318498322036158,330.244835568521
362.9,-17.147242191563183,5.308171832187359,330.944533330496
363.0,-19.79674837670468,4.748623260205898,334.406199223578
363.1,-17.228891849586795,3.296682438731656,333.025864804421
363.2,-13.372761860766492,0.8430469041090554,333.346425554936
363.3,-12.383222794961792,1.3172538443166566,338.474932973939
363.4,-14.859346463605295,2.2007527181348863,339.706200135674
363.5,-19.241329248115996,4.700113881314506,342.367803938318
363.6,-17.128361753958895,2.3825863482240255,343.874548232404
363.7,-13.280944961278394,3.962604165487736,343.120917287687
363.8,-17.208796957358103,2.745031962689625,342.756114034944
363.9,-19.600309762791106,1.6410315644417146,343.98253604923
364.0,-18.447074651041703,4.407495534514524,345.534800486548
364.1,-17.427236778714605,4.676386511164794,344.839765809517
364.2,-18.403307161594206,2.471484785497495,346.994742243473
364.3,-13.711188710635273,1.972657564983793,348.489830071642
364.4,-15.824014813637675,3.384691522964074,347.828191777184
364.5,-21.396093053031272,1.7987830630244925,349.070423955582
364.6,-17.376894154783972,-1.799677794499706,353.969317629143
364.7,-20.404555597424174,0.6311558194630926,351.291325633737
364.8,-17.523418039146872,-1.746464670550207,353.940417756022
364.9,-14.498312790452474,5.002964341422743,356.847688064879
365.0,-18.592352035852468,-0.28069606457274787,354.547015465676
365.1,-18.009431646571866,-0.5449535858807479,354.906297574516
365.2,-16.996048424649267,-2.856506935347049,360.676553932446
365.3,-17.967943723381666,0.6943155288401517,362.662543926621
365.4,-15.865879946914065,0.8936575232146513,355.983870831828
365.5,-21.41927289168138,6.762563166919097,357.769557852868
365.6,-16.16981107209738,3.4643165471915562,360.107618799025
365.7,-22.03604472185778,4.434956248804786,360.849478456625
365.8,-22.25315837410208,-0.20456125867024255,364.351321336571
365.9,-17.939773989194382,5.3730579713279365,360.959804856494
366.0,-18.96813053642018,2.1984015698307573,362.990525535525
366.1,-12.398460445446567,5.489642889700255,366.394746131251
366.2,-14.547105149060368,5.143127502459006,366.373112235502
366.3,-18.089918738752168,6.706866765651296,364.49095620466
366.4,-14.972121560713067,4.390835177322195,369.295618431224
366.5,-18.255196794434365,5.650057485852695,369.066348101623
366.6,-20.24720495898997,1.297263785367596,366.379328642633
366.7,-11.640197146430047,7.7653300288514355,368.056307733961
366.8,-15.781621613640947,5.256219546403864,375.151012912608
366.9,-9.945356293524345,11.243739629267644,369.415633145225
367.0,-14.977713324006647,8.148863551661835,371.092563797869
367.1,-13.554426651543345,6.497649213323365,372.628127024421
367.2,-14.881750725168246,5.403954823360465,372.743190152752
367.3,-12.435638730368172,2.334119830245971,371.276366218674
367.4,-15.791535071584473,2.2200910790092703,374.864635011947
367.5,-14.90167417021987,4.63616836648171,373.794173096441
367.6,-13.92112141060927,5.40121097115912,370.925936566797
367.7,-16.740455675712273,1.02598446972927,372.590808603087
367.8,-12.63013694661387,2.0844995483866704,373.453782635027
367.9,-15.315769193607473,6.6425983569004,374.085933894451
368.0,-20.6899858240714,5.745329002668972,374.655392202849
368.1,-22.5366885908544,-0.5274479994835382,374.932595598109
368.2,-20.5005288671002,2.675992719025251,375.148933721531
368.3,-22.6311534838379,0.41521325873626047,378.942701713815
368.4,-21.912310494621398,0.20153791674086108,379.526116977546
368.5,-21.700887507685998,2.596789285270221,375.981694148775
368.6,-17.801589804920198,0.7369621430055613,374.087894770621
368.7,-31.342174666630832,6.141814729448425,375.273916927562
368.8,-24.842870776925835,1.335874209190326,378.153195750687
368.9,-26.776318711266335,7.490442743827885,376.241714419296
369.0,-25.423154476356032,4.858326458967426,376.334360309956
369.1,-28.806882488433633,2.7970866884891255,376.410861279619
369.2,-27.245936490180434,6.114855140216405,378.386886640918
369.3,-25.882382947938932,1.4623208552472722,376.704187936659
369.4,-27.30096131531483,-0.08950030956652633,375.92566777144
369.5,-28.027381165068032,0.14207018611697286,375.779519566715
369.6,-30.84596874658463,5.607446302934293,376.089172381459
369.7,-29.43107460377753,1.4606248390566723,377.604410978721
369.8,-30.97518492932243,-0.5406094850430279,372.506324942637
369.9,-31.056065532736532,2.6722126755110125,373.353126038443
370.0,-26.71303960752107,-0.8437551079283203,374.729446834466
370.1,-26.67161924577687,2.769733894922881,376.171827490211
370.2,-29.31565841472587,0.28244016393738036,375.089734939016
370.3,-32.177088729509364,-1.6091499761220192,372.92520838123
370.4,-29.281051739747067,4.300917623905791,377.968553165406
370.5,-32.67133038867166,3.969394326538831,374.359440701722
370.6,-35.11380826814516,3.76450339974539,377.236400377854
370.7,-29.976632345689318,3.079098830645137,375.669385841374
370.8,-31.510321882663817,2.1829878404251364,376.226625286832
370.9,-32.688797086417416,3.708711332852806,375.215422666414
371.0,-33.53857003593332,7.055102639393627,372.99571472347
371.1,-34.84972247036062,5.6200704568195965,371.921110398185
371.2,-36.78507909502672,3.784088474410847,374.075821454534
371.3,-37.902241175195016,2.4572991203781367,378.148870814134
371.4,-42.16173656560753,4.444049927735765,374.623709661224
371.5,-42.04019003204933,8.963232723635116,375.078707802596
371.6,-43.63131176177503,4.955219483568266,374.051822329638
371.7,-43.168981708563926,7.354295299207455,372.718313307463
371.8,-44.182792729258225,5.612871154819565,373.19362595693
371.9,-45.01070928592423,4.897604716242965,376.34081617098
372.0,-48.282953908816765,4.270794364277592,373.449305785269
372.1,-47.72411307807827,9.812526999979621,375.510469390448
372.2,-49.69209465158307,5.683366006965482,373.911293626302
372.3,-50.091603030325764,3.5544499207518925,373.228311166298
372.4,-50.50016778760607,3.6356516367821925,373.043374814936
372.5,-51.874583869037664,5.437899255885922,376.944096612605
372.6,-53.43908807249953,5.97227568189582,374.503795168298
372.7,-59.46007996972863,6.2552795318971395,373.08802010705
372.8,-53.730545819720426,5.8961247041514095,377.105084739049
372.9,-56.496788424752026,8.32999942090386,372.158381155632
373.0,-59.22059625929983,7.263701842643159,370.501815921788
373.1,-59.78160554584783,5.40154642042109,373.665635146894
373.2,-56.952856515994114,8.094096034964732,370.15433706918
373.3,-60.123132608968014,5.2202138024853735,373.71166341458
373.4,-62.322466916223114,6.561525508609813,371.706957440154
373.5,-61.28344123377422,6.480950229986673,371.902542649199
373.6,-61.354680687817016,6.8025839104687424,372.435982281174
373.7,-67.16459937839336,2.5835784948502276,369.104054107147
373.8,-68.79314154316107,9.672717945914957,373.602420988595
373.9,-65.03867326302657,3.641383333648628,374.892756714994
374.0,-75.07653026267427,9.110675083536329,371.357806993136
374.1,-71.61294156518596,4.466515423821129,372.782259227584
374.2,-75.55739309828607,2.4064764808180286,373.96958962329
374.3,-77.49773480647616,5.171542806813708,371.04308350738
374.4,-77.82790236892046,3.9551778004333684,375.55070885669
374.5,-72.60255975807007,4.040727768035918,374.145402832391
374.6,-79.88859537364597,4.247048241266858,373.512971133629
374.7,-77.42205223595596,6.345067185902048,369.654943037879
374.8,-79.65057358826397,4.376385643606428,371.801664281309
374.9,-78.74759766192452,15.445717190325725,372.600380362257
375.0,-75.92926552423891,8.528145702111104,371.276171549383
375.1,-78.45321314619372,11.433098901691913,375.441925048547
375.2,-79.9921522642967,6.402057266291964,372.143426189895
375.3,-80.32076197649991,5.063015246512004,374.846403221045
375.4,-79.22338789826311,5.791159515552904,369.345282197953
375.5,-85.08922573590603,12.66221358958386,369.637289595946
375.6,-89.20890003946433,12.663803898465268,372.395691465213
375.7,-90.41079089292784,4.34953684243283,374.020745367072
375.8,-89.80182837967313,11.841891659491969,366.522201192167
375.9,-90.00978001685073,12.436976582566498,370.724345754806
376.0,-92.93067593049803,11.096993434913289,371.38839419481
376.1,-87.57433186124481,5.797083500115692,372.612865485432
376.2,-89.41301003946252,8.105197880435291,373.65364810905
376.3,-90.51637055264992,5.307328401184112,371.374973063556
376.4,-88.72934232823502,6.295551364908132,373.665198433235
376.5,-88.17215102052901,7.216627272134372,371.964941955081
376.6,-90.74713454515462,8.704310357805772,372.643347303205
376.7,-95.4695244569182,4.9335808435588655,373.476717023392
376.8,-97.0533540944728,8.432431601028906,372.658396031886
376.9,-97.0344033731923,7.967774955056016,370.773808115616
377.0,-101.4571397054682,8.299039539303795,370.797940459097
377.1,-97.2481686468811,4.191427481371046,372.863105770269
377.2,-101.1481983923402,2.8874333707554953,370.704426969555
377.3,-99.78940396196113,10.222201113052634,374.160906483868
377.4,-98.91862577172313,11.489764237895765,364.585921320264
377.5,-105.60593832235813,7.475602605619345,367.897615997404
377.6,-103.84598169488613,9.677514415386856,370.317408043408
377.7,-103.63364531462013,7.459518521660534,371.396682065544
377.8,-106.77465674271014,11.492767479906295,372.62197807787
377.9,-98.93116745236472,4.644008681043715,373.285937949764
378.0,-103.55179044660072,2.625318720490455,371.025990731548
378.1,-103.06753118556172,3.2082269597139543,371.42779951373
378.2,-106.64158367935572,4.6013437607667935,373.388207090662
378.3,-107.17523128537671,7.955987709926024,368.239696669501
378.4,-106.42012684761471,6.7950547101461245,367.474668058506
378.5,-110.87779459318772,9.076362124921225,367.340439402992
378.6,-106.51966297017069,5.72951416847018,369.437370518597
378.7,-110.57184729655168,8.15414662268371,372.133470456147
378.8,-112.35792218917568,5.17448525053593,369.621267922086
378.9,-113.52468806365168,5.40895959043926,370.238975316354
379.0,-112.03956551291968,5.64979135844035,365.353264010565
379.1,-118.01394680076768,7.051211400155879,368.774330644638
379.2,-120.42669908115032,10.34867078428382,367.074403776535
379.3,-121.3719094715863,7.71751571506568,370.876558258097
379.4,-122.09182086058131,10.283360967666841,370.121215099739
379.5,-118.9616728991113,9.52633707860959,369.659836470561
379.6,-125.2600299132673,12.89974164112813,369.84929281856
379.7,-123.38511563139632,8.65511699312284,367.077630970637
379.8,-128.67044645634354,6.23142085730967,371.712061013232
379.9,-128.16758392300656,8.359437033637779,372.534001261257
380.0,-130.28355269859554,6.410707839955149,371.266569575213
380.1,-131.47265208190154,8.59534592770699,368.640721834296
380.2,-132.74169401674155,10.05760963320332,371.788292658214
380.3,-132.75631793001554,11.50849820019454,368.722044703265
380.4,-137.37130030505847,3.5577285483911627,370.538029156833
380.5,-134.09610248333348,7.026965236437582,370.919953624149
380.6,-137.36619231503846,3.1724088501762626,368.979038497238
380.7,-134.61036266642046,8.583073782007801,368.137590256235
380.8,-134.67034854383246,6.453400648232452,367.246575890921
380.9,-140.88975633606347,8.079469209327101,373.060232995109
381.0,-136.80302062895115,9.867619986778148,373.942903925023
381.1,-137.72111381201415,12.356525665096457,373.116356132209
381.2,-143.09734158087215,9.768190392863769,368.584972050468
381.3,-141.24550183980116,11.069494106796798,367.737068603983
381.4,-144.84309841349116,10.872976615943937,369.977353483435
381.5,-141.05019345502768,9.390148868147293,367.924241967005
381.6,-145.70995065586868,12.178928500628581,368.669039027251
381.7,-146.85408652125167,10.247089936225272,369.765269414573
381.8,-148.08790838721868,11.407611336599162,367.341499478993
381.9,-145.30652827364068,9.494620471478552,367.927545344657
382.0,-157.93835067914102,14.440156444405279,369.992806034329
382.1,-159.31045666932903,11.223425820515708,371.238808731025
382.2,-158.52261335815,9.934705233846708,369.059018716994
382.3,-157.71453097738703,7.9541453258664685,366.171225050411
382.4,-162.15091137013002,12.370791473899889,367.152332590394
382.5,-156.78047083726418,9.890564189142665,364.567616670718
382.6,-157.5321992106182,8.258417758552795,367.614667399187
382.7,-157.92850665833018,8.752008446492344,366.247186500748
382.8,-157.12730844775518,11.552493806297186,367.933024708419
382.9,-160.71465739678618,10.047000528614754,371.238603823898
383.0,-159.52013634219446,13.261491045431313,368.63513377836
383.1,-163.77233047557044,12.655143627460022,363.537557837107
383.2,-161.54422274574245,8.030461317382953,365.011526168408
383.3,-168.82082865724945,11.261378565545222,364.46873940246
383.4,-166.74941399196845,14.866591809454613,365.808753605828
383.5,-165.554832704506,8.344219289386935,370.330824508376
383.6,-167.07490207786302,9.091018170786555,365.891504973109
383.7,-168.015520715424,8.585673881798453,363.981861682818
383.8,-170.775286338335,13.004994927422853,367.475617520685
383.9,-168.715852453991,11.013191379820414,368.214608554592
384.0,-176.74620707654117,11.636611071461523,366.420629680723
384.1,-181.8956469739402,12.631780549298822,367.634799393229
384.2,-180.61045126996217,12.158190484147752,361.907800342167
384.3,-183.69568611185417,10.801524064402013,366.113477566975
384.4,-181.12061722954317,10.240906990220282,365.401368143131
384.5,-179.16341142596266,15.391715995237622,366.626688860937
384.6,-180.63654853971266,15.765872320342432,370.584020016819
384.7,-185.28102336347965,12.152061035537372,365.309945173324
384.8,-183.87592408386266,15.076211717899731,368.624167881589
384.9,-186.65465220416465,13.562976360068653,366.248020117844
385.0,-183.2034784257968,15.176426993122186,367.279106665043
385.1,-183.1515299383248,14.070020225089376,365.556928411057
385.2,-183.5802732627528,10.524961495544876,362.229600515283
385.3,-183.77021995649181,12.084129523010777,366.974313925026
385.4,-185.1594763113178,10.244994232592456,369.917168777492
385.5,-192.47210004290866,18.812900848435635,369.730921472036
385.6,-191.78567163196567,14.118724409547635,363.116627675673
385.7,-190.96545502838566,16.497088542477005,364.907727402562
385.8,-194.84749145521468,12.840997771486755,367.810449586311
385.9,-193.12389989016367,16.003601598861344,361.816237958278
386.0,-198.02431707970268,12.016328268808067,366.151004352397
386.1,-195.42630063216768,18.5680883302477,364.167355981684
386.2,-200.18106985217167,15.939413346281736,367.335607577141
386.3,-200.09434570729468,21.067726038291237,366.896284262803
386.4,-202.37839979543517,2.5766700184415328,366.137266264597
386.5,-203.53895593687815,10.212925731845992,366.090193616096
386.6,-204.66923689507115,10.055443239917512,366.504019493413
386.7,-207.37043022428915,6.953911152260543,364.699846122999
386.8,-208.02211251050915,8.099245147071592,368.526995752867
386.9,-203.23809689848082,17.239406933983545,365.091085458286
387.0,-204.3825700377748,11.582225786804065,364.755488218751
387.1,-203.8598879278158,13.663410453167595,369.386713842697
387.2,-205.89100081058282,15.351271683974366,365.276047653344
387.3,-209.89826362228462,13.526768092777214,366.907748483054
387.4,-212.47453513079452,13.861468882543981,365.913513532253
387.5,-214.64346216159151,13.23359168399776,367.299467807042
387.6,-216.43686102296752,11.95250635273025,366.850134092452
387.7,-215.14237332466095,15.457233807940442,367.449340965583
387.8,-215.55556484377064,18.16152335888189,367.065147235231
387.9,-215.06164619930564,11.983762912975156,368.638913597095
388.0,-217.07948302816064,11.654865395266865,363.204959332632
388.1,-217.43059839678642,18.215059413384637,367.527351021471
388.2,-221.65389966309482,21.214196404752926,366.887253685345
388.3,-219.03826765035183,20.10715463907799,366.939207536535
388.4,-223.86195843906182,17.625583878439482,371.27084531664
388.5,-222.79691481083583,17.764661164130203,363.38095930939
388.6,-221.0560159732202,16.103766228286872,369.651488842988
388.7,-217.41808364015722,15.587054603729023,366.411673229368
388.8,-227.42474026778223,17.717717964243143,369.223197218628
388.9,-226.65990893826122,17.273277650806552,367.219901149644
389.0,-228.5979436323486,11.415435347929543,368.320131280025
389.1,-226.5150176353175,13.765223352570816,368.037636146814
389.2,-227.71765310204148,15.357744928079544,367.737906734097
389.3,-227.2139469779225,17.405477640698027,367.249413507377
389.4,-228.07028777063047,11.869579989156367,365.329229704375
389.5,-231.04031101749732,15.862979059040132,367.148858003557
389.6,-234.0402360953803,18.084352585461303,368.337976875076
389.7,-233.4783587172323,18.666170983453732,367.962851281196
389.8,-235.27948325447147,16.783788440909493,365.604875587302
389.9,-237.88333921259047,19.792946240766284,368.31926411228
390.0,-236.95651296270398,10.240933518357117,372.465003926623
390.1,-231.78700441185805,16.34060685348136,368.624493747017
390.2,-232.95916507366206,18.427176275209018,369.258259775196
390.3,-230.67913859988624,21.341373483699737,367.176924726267
390.4,-234.84050696632423,16.03446246496701,368.12871370954
390.5,-236.34641829519123,19.94039987584834,369.314013456707
390.6,-238.0984842414118,16.764313893677265,371.358059655766
390.7,-235.0788825589298,17.961726299568365,369.666377324146
390.8,-238.8873506335958,17.430269190494286,370.446310677127
390.9,-238.23865110090517,16.445559221450903,366.826281972513
391.0,-237.6792030178739,18.756073957257655,371.493087816157
391.1,-239.2374177003949,17.810323016866054,378.435072969877
391.2,-235.97611826395388,19.905783408503577,367.677002685652
391.3,-239.92254540596429,16.54473670496317,371.501346611101
391.4,-244.63336398228617,11.627761442968069,374.240109484891
391.5,-243.36660483433016,12.848631701584948,374.972508326152
391.6,-242.27024361257668,15.001461035601482,370.31915146803
391.7,-244.1862046090997,16.872994742314308,369.406530746601
391.8,-245.79029043475842,13.861354148630806,366.469434247263
391.9,-241.6405124061874,17.061217880990597,370.929917450891
392.0,-243.5962627289337,12.698508825247671,371.280810686807
392.1,-247.94895177937045,13.781810902611621,370.230955703169
392.2,-250.38248349823647,15.455458111228921,368.930382594733
392.3,-249.65149117914345,16.463052994335793,367.741641356676
392.4,-244.13339375380903,19.725449646918047,370.019609532998
392.5,-240.9956040667208,13.70969574536806,371.880153210396
392.6,-245.4327228467888,15.19648958924894,371.44886370064
392.7,-244.52344288368607,14.060189979053483,371.110789605585
392.8,-245.87973988584608,15.311190181592202,371.36541487191
392.9,-246.23521620112075,14.606629175479902,370.67544061686
393.0,-248.78197539964776,18.531260407644925,369.679923155912
393.1,-245.84504418419476,16.007642782046396,370.508745100724
393.2,-246.88379947173453,13.19811467534944,371.78280480455
393.3,-246.3242644499705,13.652945620994911,368.935178433548
393.4,-244.73984733486853,16.123737202460095,371.07199172512
393.5,-249.16184593071347,14.400178072690062,372.847277030497
393.6,-251.3863000151355,11.914563839433708,369.051540909673
393.7,-249.5616846785955,12.108468286724687,370.327983974339
393.8,-254.91306175508254,11.677576952445598,371.215279798517
393.9,-253.63355077608213,15.949465007211021,371.908987612073
394.0,-248.0560411992173,15.844254708966389,371.397029372618
394.1,-253.50837705233533,19.008095273643278,370.166034902937
394.2,-247.9567890130363,16.7829536314345,371.38615587008
394.3,-252.3737152830123,19.36105419115414,369.78186671102
394.4,-252.84035609887633,22.114900258281708,372.772072100302
394.5,-251.86242054164234,18.63502884798767,369.514225107799
394.6,-253.1933490813073,14.658804229894669,373.436728183109
394.7,-253.84437379932777,22.38038451613059,369.091477695386
394.8,-257.9251424468708,21.818726559113067,367.753297279658
394.9,-253.89181105035172,18.512760445842446,370.690503562678
395.0,-252.57560287780373,19.428724068448677,371.218149138025
395.1,-253.62724133421892,20.972108654095123,368.274231659467
395.2,-257.005262154558,14.383842678614272,371.237992115827
395.3,-261.165104423784,20.35656135378872,372.972860440144
395.4,-259.494506252604,18.13703509030888,372.095720005316
395.5,-261.096614310251,16.445117767565947,372.147181086873
395.6,-253.88100401854183,16.846428406753546,371.462649774767
395.7,-256.99563637784684,18.229980450846142,375.556520644633
395.8,-255.17633681251783,13.844769641800609,368.402764757087
395.9,-257.86582799038183,14.92084074237487,368.312887243778
396.0,-257.06017868423277,14.47494555361876,371.697497893855
396.1,-260.67118586796875,17.41901337425221,370.029074835286
396.2,-260.72960133344776,17.96296241251924,368.810488051615
396.3,-258.56859591146474,16.42446080276639,369.769891207514
396.4,-263.0282699101275,20.61270546354148,371.399453197554
396.5,-262.18447383442,17.364224843209414,367.480304300432
396.6,-262.59494930003297,19.905095174634035,365.742791691671
396.7,-260.54876284796296,21.304072967321574,367.621801624472
396.8,-262.99198748012594,15.335275260021643,369.719469299644
396.9,-265.88653870577116,22.79207127220682,367.063700187933
397.0,-264.4483845008582,21.778551956110412,369.165873004476
397.1,-263.65421981564316,17.288567119150628,366.275122331511
397.2,-261.73916003725117,18.771955602970646,367.717085473431
397.3,-263.7660201087462,20.02972901528418,364.852541189821
397.4,-261.98002132995816,22.089949544699746,364.322391330677
397.5,-267.3370662564833,16.003920741392882,363.935375422261
397.6,-268.6854584512553,15.94574597631997,362.198317811091
397.7,-266.8558859421973,14.338382577928845,364.390995969696
397.8,-269.3594147170893,18.449906305815276,362.896675841533
397.9,-266.26389006349837,12.90854242208892,363.236369941096
398.0,-260.62237490428987,17.72680361448944,361.282011584348
398.1,-261.30364959036785,13.515501915215522,363.236782855052
398.2,-260.09243162582385,18.0981722232971,360.52509014451
398.3,-263.93184773480385,15.597995566703364,356.648549246283
398.4,-271.3401169843313,15.262112801477816,358.253986401569
398.5,-267.9079717793703,15.804105173162634,357.275426585541
398.6,-269.8544306273943,17.590965207737394,357.328094191248
398.7,-267.2656959471923,15.759640182615325,353.031822745256
398.8,-267.0388193106446,13.304403982387878,354.932555185003
398.9,-272.1269506268564,17.090066704270235,353.467953945287
399.0,-267.05578844381444,18.849204558202338,354.384229739393
399.1,-268.3327323021164,17.848117540237315,353.543744493897
399.2,-269.9163718633552,18.430424421794818,348.846239898266
399.3,-269.9908384180237,15.13375074241061,350.764837638338
399.4,-267.1450044452697,18.21096940452916,350.269560077036
399.5,-267.5706179204527,16.05580554726446,345.100240848246
399.6,-263.1108837358787,16.5842477511681,347.927725495988
399.7,-273.90591090523725,19.517504426304036,348.059705583364
399.8,-274.2317993995262,19.263776129705246,342.514410714978
399.9,-272.3624462477362,17.5485194426188,343.00174395043
400.0,-278.4653462822282,20.411357672381136,345.234523436252
400.1,-266.47716259046416,18.645322654770844,341.848965033874
400.2,-264.9998626548431,14.7164552870466,341.131710725487
400.3,-267.5143088556731,18.05258939563609,336.773535111506
400.4,-265.24406996822813,13.060312131900629,335.867118085978
400.5,-265.0944387904642,19.161232807487895,338.406979252436
400.6,-268.4012097818123,20.897210103141457,335.744845105096
400.7,-271.3232675651763,22.818409873283105,337.347962523579
400.8,-267.0799066082013,25.776896718248295,332.966839917054
400.9,-270.201897455885,20.13823701409097,331.227035175317
401.0,-272.00014512922024,13.03006129803862,332.584637897539
401.1,-271.74414726077725,11.615326093432392,324.985078112463
401.2,-268.8891824225502,11.983833069317372,326.047414527173
401.3,-271.72635468187036,15.27938743425332,324.385936623642
401.4,-277.13789265448014,19.180285268552314,327.396594237822
401.5,-273.19879942781114,24.38051300335043,324.436087308
401.6,-276.2134743296532,22.89628419868742,325.81605789458
401.7,-273.51592570977516,23.47769223978075,320.619179516162
401.8,-272.64465757735326,17.394876719825,319.589187793369
401.9,-272.00023712877527,13.82801860145309,318.822299751273
402.0,-271.4900546182113,16.64468353971756,317.892197752209
402.1,-275.3967071249453,17.21953005630067,320.838109440475
402.2,-267.03455388421065,14.260320820770009,319.547647448311
402.3,-269.8330670706323,16.78614251036886,312.842855780411
402.4,-269.2615030151303,16.146425733687302,315.268795921917
402.5,-268.21931834936134,11.82834638524902,311.94857937856
402.6,-273.41861247302404,19.109117059919075,314.080992288994
402.7,-271.6910015283553,23.395656312866098,310.368158836995
402.8,-272.6276471884823,23.259653725399428,306.928508016245
402.9,-272.6476988959953,25.25380427010817,310.576389438321
403.0,-271.18996803725696,17.22949412517706,303.316560196969
403.1,-269.37951057025236,14.37790542923086,303.742145428624
403.2,-271.2945522127204,13.16583398811367,306.779627394746
403.3,-272.2048298565414,14.720720953676198,303.055736896966
403.4,-271.4983130780444,15.251837630160981,300.052851120322
403.5,-268.0816859040834,19.650852333574463,302.102587739637
403.6,-267.7559119772814,15.11514382292108,300.397227135855
403.7,-271.3136332990324,19.5398759117605,298.110661306995
403.8,-268.1173327794924,18.41644572949427,297.760699893318
403.9,-271.5037578526335,16.62623064171559,293.371655835373
404.0,-272.9262035653245,14.11821171332144,290.591323220847
404.1,-274.3243204061835,18.98667244951866,289.035654391621
404.2,-272.4332160859245,16.60331189796744,291.0489414867
404.3,-269.0303623005695,13.70604337020746,292.261409915465
404.4,-269.938552074609,22.37360230722954,289.217634294044
404.5,-276.44121654212,22.18916689188117,291.258761049958
404.6,-274.633179061382,20.5182274958538,289.46168637151
404.7,-275.145308541288,19.25156992093096,285.884946307691
404.8,-272.2186954802116,20.640651618340346,288.880457779498
404.9,-274.63291186793566,25.36321257128942,287.484101388922
405.0,-271.07291414225267,23.09496462342484,280.178930074439
405.1,-271.36475389266565,21.97118722447818,281.308492897462
405.2,-269.08257944652564,23.48837261108465,279.102692813291
405.3,-273.9924894846651,17.23395447163916,281.177476446271
405.4,-272.1789197092801,16.416010170261185,279.798017834401
405.5,-269.94328641318606,16.306083016655,276.99909055436
405.6,-270.61528952312807,16.752045857043388,280.970709423528
405.7,-276.55509983409706,13.854318257928718,273.808776390227
405.8,-264.4112584631503,22.576839899896218,272.391309110344
405.9,-265.2471332483503,24.22662095061228,272.486191375095
406.0,-263.0288465926593,26.2168722432341,268.973648885203
406.1,-267.5824797505703,27.134945738609197,267.756661792347
406.2,-263.26050325976433,22.80790676583201,269.831535164678
406.3,-268.0004740031046,17.7920086844325,269.870034436865
406.4,-271.8468193421026,18.505390211755984,266.445971358489
406.5,-269.6130678581436,20.926918354299033,266.663762639002
406.6,-274.88909696617566,16.118661462526223,261.970209527187
406.7,-271.6218804243686,17.452232920014012,263.575726729352
406.8,-265.5042329223369,21.376859709568404,261.346709442606
406.9,-266.39027029404986,21.176445116298055,260.056226213215
407.0,-265.32528895302687,21.774676241334795,259.812382037135
407.1,-266.4721061985909,20.502446855231433,258.723238845685
407.2,-264.48091806918717,17.747458005566315,254.402884937252
407.3,-270.75569478634,20.641148941545474,260.072742390732
407.4,-264.52410673359697,20.846559942848984,254.886579178428
407.5,-268.678699799749,20.289290730064195,255.570297625531
407.6,-265.82268084660797,22.280984504744083,254.79290100912
407.7,-270.04262224786333,19.526046286776484,248.109657018166
407.8,-268.4758002773863,19.425391446118823,251.335746770359
407.9,-267.7296071791353,17.642538761388806,246.439729707914
408.0,-265.8152742475093,17.338797962659264,247.450865848596
408.1,-264.1098323598562,16.90025117269642,242.977410530391
408.2,-268.5907268835616,18.73988866991847,245.637223074232
408.3,-268.22374351386156,20.923327679024553,241.347678176373
408.4,-262.0182842536856,17.285834806572588,240.980974964242
408.5,-266.408241263524,21.565146689847975,243.824293754474
408.6,-267.0981925674192,21.723197946781898,236.69164044803
408.7,-268.26768967261216,22.6187877068822,241.434412004578
408.8,-266.11191068848615,23.337097676047108,238.798530338568
408.9,-266.23635256867317,16.781108423151835,236.233883213002
409.0,-263.2112405213974,18.040791802325003,238.532847895489
409.1,-264.04018497381435,17.908110147259574,233.494639916434
409.2,-262.1851809203503,18.336195239808283,236.092438871467
409.3,-263.07772143026534,20.600785057750524,229.624262951754
409.4,-262.82861034146765,18.950562582385857,230.155041280163
409.5,-262.1116951748747,15.912995099005983,230.326611709526
409.6,-261.6686082145957,17.764367323535904,229.664154693768
409.7,-261.7873920082367,16.328169474336665,226.829781466164
409.8,-258.72276038315573,19.059943890969876,228.183225517378
409.9,-260.43145226133515,22.764327418076938,224.27084123094
410.0,-259.5186875809352,22.019745094293178,220.840077366359
410.1,-258.73816781361216,18.990555894531607,222.385887752092
410.2,-257.0039768414002,16.842678875206865,222.496745188401
410.3,-264.90567429459975,25.691887871964806,224.815346413168
410.4,-264.33117481763077,24.106446834167194,219.755250299259
410.5,-261.27493091992676,28.563044603559046,223.010999042419
410.6,-260.1776918096348,20.163951708871537,217.234408610078
410.7,-259.27011410607776,24.479744556096925,215.448885982531
410.8,-258.5946832081776,16.99125838760588,212.461251323722
410.9,-254.42911264201766,19.032147719513524,211.03933394649
411.0,-257.86588339109863,21.313585041377976,212.476195126403
411.1,-257.25314672258867,21.161445392161163,210.31024477653
411.2,-256.64240462291355,22.08811606703067,211.996970236199
411.3,-250.7896205243806,18.12828522682547,211.568267842425
411.4,-252.75777153429462,18.50090669943753,207.560593198994
411.5,-255.5431888592736,19.95598740717209,205.706047544009
411.6,-253.44188602642666,21.344882883635258,202.896051992607
411.7,-251.36268951570256,20.301188116310847,204.18778106212
411.8,-250.86289792284256,22.66066823850622,200.412348585261
411.9,-257.5567907666537,15.450602887311538,203.425603622835
412.0,-252.74277318495868,17.87405887294333,201.451023286482
412.1,-253.46558152541374,18.291376970956758,197.2318408258
412.2,-253.55925268371675,18.887640648056667,195.50863526585
412.3,-250.5570712414019,19.052049206593697,198.591763855859
412.4,-250.26920030608812,15.847591536753253,194.178118628245
412.5,-254.2690758130441,14.746198511894734,194.57786340181
412.6,-249.00520830515111,17.806269102252614,193.311843599498
412.7,-252.97260006638413,17.041543250871893,194.471670484368
412.8,-247.8918225906471,17.274849574914562,191.963415644803
412.9,-247.41716680179513,15.607622953444093,191.921080204081
413.0,-244.6104482577601,20.641185784167153,189.555914285644
413.1,-249.20943013392113,17.705481057232202,190.328198901137
413.2,-244.70982860465259,20.571673403090287,187.664092885611
413.3,-248.9020765232586,17.439129332430493,185.928745627184
413.4,-242.20282564802457,18.31255490638947,185.129427832998
413.5,-242.6360584863831,22.078209675692236,186.539016651954
413.6,-244.18442336569908,20.903711007717018,182.915270596956
413.7,-247.99893051241278,25.27038208930828,181.432637799951
413.8,-247.83613529213977,20.7094218433332,180.336620980856
413.9,-243.48690015426888,19.427400135471498,184.049498623945
414.0,-242.60500605855722,19.00812561319769,176.269580300081
414.1,-234.5411174672842,20.17367737731914,178.235118248459
414.2,-239.1911287778262,19.5860707098021,181.269183915843
414.3,-241.41771746841474,20.674508185090122,177.087710493079
414.4,-243.05102429261046,19.090453945944574,174.95837955323
414.5,-242.34742699282745,25.57888717331716,172.984139652029
414.6,-237.63503157187745,21.85763029206504,171.015240606169
414.7,-241.80069300362615,18.51676059953294,173.949064654638
414.8,-244.0419796709206,17.884921241528637,172.10124535047
414.9,-243.3524331587486,21.081222382395485,174.749744350965
415.0,-239.32028931571358,21.601710704719963,168.843263045608
415.1,-238.1072500923719,18.91139844600302,169.784578516881
415.2,-235.74887891089114,22.979633469144478,166.884295275106
415.3,-237.68628452012211,19.960418030529098,166.568270256615
415.4,-235.98082566800213,19.627404327466888,165.730062583738
415.5,-237.9729715771025,20.347523405352344,161.490577967888
415.6,-235.40076755500777,22.260666263768382,163.61471513223
415.7,-236.12761431500178,17.709755118059974,164.441758000582
415.8,-233.24809874255348,20.97210267699738,163.182502749017
415.9,-232.99264933084748,21.95485841365741,158.057490269119
416.0,-232.8602631954532,24.85559366177604,159.011345523182
416.1,-230.4726222752042,20.093201475676647,162.373487815434
416.2,-231.58932446484678,24.517853477015468,158.170191141159
416.3,-228.43744028194976,17.494189091019337,156.796314099236
416.4,-228.58805997752077,22.666692510245486,153.941773843374
416.5,-230.44701720799046,20.186013138754234,149.986009953254
416.6,-228.88062838589545,19.30617800928872,154.212305550049
416.7,-226.36730271347628,21.06351862302552,150.289971702478
416.8,-227.78772455340825,18.251954474976788,149.547197666195
416.9,-229.04293316139623,21.225264731965478,153.050889185314
417.0,-225.59429295060053,23.1012748431611,151.608927402856
417.1,-230.26437125985555,23.013234853632433,149.222351380917
417.2,-227.7306621393157,19.956058512338306,144.99410727369
417.3,-218.9555705192942,17.462723728159215,145.606072854274
417.4,-220.5009046599522,16.592615871448945,144.618630742104
417.5,-221.1944920512389,20.564326510806893,143.204087564087
417.6,-218.04379529295892,16.522853522449157,141.775878454514
417.7,-223.80146596330164,20.974228939758348,143.873458564543
417.8,-218.65732108022917,22.896735695036234,140.951676753582
417.9,-218.87626056299817,21.611003238473074,138.399883880212
418.0,-214.8828314645071,20.70149174168138,140.711647703503
418.1,-212.63101425521307,19.08132532036601,137.599169491994
418.2,-216.81214429457393,19.50275217255783,139.143313995743
418.3,-221.8612601082437,25.300638878093036,135.074083758544
418.4,-220.86533499229472,20.534748677250057,134.80953897879
418.5,-218.90762547848874,22.964061029774236,133.747604532036
418.6,-214.05812074849723,20.281562628890395,135.977174815689
418.7,-212.79561334294604,17.40407301856292,131.740209049479
418.8,-213.14843622684603,23.408425917331996,128.514178436481
418.9,-213.76124097722004,16.833302063813086,129.332237665567
419.0,-210.3836917265558,21.320455178336967,127.35499580459
419.1,-208.3471764907813,24.40540808979396,126.129711828528
419.2,-208.7056082457153,19.659457984401058,124.800420497528
419.3,-208.2558751260443,25.08064905653262,129.338830214266
419.4,-210.14082961547854,16.703734409493194,124.322459690378
419.5,-206.76935313688853,17.66638339378425,128.555776471298
419.6,-207.14130811096655,16.54309280396897,124.374723662789
419.7,-206.71459969408355,20.22599193736848,125.681146435111
419.8,-201.30498866376027,16.164320287188243,121.700057380469
419.9,-200.07293499274226,14.29628133844992,125.127510577666
420.0,-201.10468550957125,17.74442251452615,118.309722060123
420.1,-204.97892384302426,21.925854473136788,121.346641236237
420.2,-200.49924594919645,15.339592691936906,118.157611931763
420.3,-197.53707548475558,13.246286174579256,119.626117031156
420.4,-196.4620356640786,18.465123058827714,116.10173076694
420.5,-194.7895729741126,18.055487381075313,115.820269319561
420.6,-194.87779818447459,15.649332282743202,118.182504800086
420.7,-194.5786577853576,14.806478573166972,112.821633492893
420.8,-194.3023329656326,18.305235884226104,111.173040469605
420.9,-199.87898152742844,18.287250164731518,110.834068393638
421.0,-196.97330751010344,18.818741828267658,109.784902397126
421.1,-192.57969423604146,20.85743573942222,111.025875786844
421.2,-191.34376153282844,19.951074062996568,108.682849744723
421.3,-195.22756550006676,18.337684722281296,108.210634062704
421.4,-196.54771458836447,16.992738115049285,107.54857950321
421.5,-192.83649617322146,20.64419655302737,105.209654440839
421.6,-191.15663936474778,17.580310513898965,108.689463123953
421.7,-189.53688747978276,19.868606891183394,108.101605918864
421.8,-186.81624638724742,21.220717498911803,100.407261257141
421.9,-188.00799151569666,21.823478717989996,105.146245172003
422.0,-185.78173313702965,15.906990871201652,102.191225292612
422.1,-188.0878386826236,18.018235762189267,99.2964268448973
422.2,-184.08247902314508,19.04166267384406,100.307752568305
422.3,-185.0705978084651,21.587421135131457,101.71458616345
422.4,-183.08511222693255,18.994791245133193,96.7438559896994
422.5,-185.59671382830155,19.839965563727198,100.427781948229
422.6,-180.86310991642654,24.093860179505818,97.4752911554853
422.7,-174.38269041229566,23.02597930208796,98.520696171293
422.8,-174.82248538428166,21.13198679549653,97.8675085524412
422.9,-176.3922700265197,22.669384871840375,92.704713420219
423.0,-174.2772464436737,21.331491421843324,92.680998072026
423.1,-178.45321295846566,20.5795989715728,93.0898606875514
423.2,-178.3869910261622,22.30993429047927,94.0871327347066
423.3,-172.5197865716002,22.70360280449592,92.8128192233881
423.4,-172.08780810785748,23.586691785103163,88.6037001149295
423.5,-174.69771203245148,19.087373308199467,91.0696586401283
423.6,-173.37381412200057,19.33508038642278,87.1986898437819
423.7,-168.74493412209102,21.815054182795635,87.4801285452383
423.8,-169.66160539310104,23.671215400267023,86.1323754219848
423.9,-165.93661267954818,24.53420026870825,88.0986548499778
424.0,-165.0429598439632,20.33966858185279,83.6690876754005
424.1,-167.95413078529972,20.210744819629213,90.2326355504475
424.2,-165.24136555692684,21.150849511611675,87.0345932305479
424.3,-165.37770474893182,20.668956821117046,85.7082832279818
424.4,-163.8062140469651,22.489967811504066,81.6900553553592
424.5,-162.0770119323981,22.762510846509393,78.7008648833607
424.6,-163.72953288358076,22.156870316542705,78.7422896161695
424.7,-156.91665291497867,17.11292095897566,77.6533041895334
424.8,-158.9639565048747,16.524112111464678,79.5359062829349
424.9,-155.4671730503057,15.622232987294899,78.8665018195794
425.0,-164.32244228396843,27.27102411891093,76.2970945579928
425.1,-164.44914150516422,23.250243563328024,73.8119993561315
425.2,-163.6824164447712,25.024825950446903,71.0592698398474
425.3,-160.91453215053008,16.86180658726426,72.848059069176
425.4,-163.58582214862508,18.590386675386494,78.407447195693
425.5,-154.34857760761685,18.934929975165893,72.89293589107
425.6,-154.36822808878412,19.572643797215335,73.6135802359481
425.7,-152.58005777972414,20.426162022771184,67.3110353353296
425.8,-150.8058638096845,19.23774775343216,66.7715023322097
425.9,-152.56293023915572,23.176198123763303,70.3933450851603
426.0,-149.0794730222757,17.25086283493905,66.5847892980817
426.1,-153.26940333843373,23.003799898690975,65.0515642464829
426.2,-147.87103982953525,20.201801367168294,68.5793453734554
426.3,-147.96121912523324,19.199764619040334,64.4203838373793
426.4,-146.8362269583808,16.9077067573744,65.4949166046156
426.5,-147.6329917276023,24.38757118785046,64.2446089336825
426.6,-144.4843034475653,21.878283155422142,59.6706181899985
426.7,-140.21747736927054,21.097897875165287,64.8345121866667
426.8,-144.8353728886533,21.618738225212326,59.2914639244946
426.9,-142.0650280927973,17.572496124177754,63.7419264785332
427.0,-144.06650336055108,18.68093201513965,58.5635570506818
427.1,-144.75454982418884,23.347788600662803,59.633811373559
427.2,-146.82677632521583,21.203231080296366,58.5504753271073
427.3,-137.94801374974872,27.314216486751782,59.1345951121827
427.4,-142.7079984259227,24.238614838276312,53.3812146548809
427.5,-141.30123739494172,27.643688869269283,56.8626991782662
427.6,-139.4679960980137,24.01137283094735,56.1645828456302
427.7,-141.85325517520673,21.835468164490578,49.5738570523152
427.8,-126.91732566574223,23.135966698043728,49.604726477874
427.9,-130.0438134485692,21.779031352637336,53.2994289194405
428.0,-133.42203735062722,21.692906551713126,51.877667292237
428.1,-128.34708173037322,22.091150094637847,49.9416217247044
428.2,-128.70600890111453,22.142320614814523,52.3844604105144
428.3,-127.96226451672418,21.995628803901873,49.9853045822094
428.4,-134.12079020021017,19.046815942440634,43.1817515410653
428.5,-123.50128196747484,21.52258085858054,41.6728246380437
428.6,-122.76376774388085,23.533985271758148,44.3407528210169
428.7,-120.60508543828985,27.10206924138091,45.4965109985102
428.8,-122.62478608086565,20.088797829883692,42.1427541651452
428.9,-120.09988729578563,22.49055262176428,42.926329834255
429.0,-124.2460077266037,19.49430880933624,40.5393628269044
429.1,-127.4621573738841,15.838342555861251,40.9216662864297
429.2,-120.4673143495155,17.761905068699733,40.8594309230049
429.3,-119.00328607030876,23.012247054223785,38.4029154678341
429.4,-117.55228130905095,23.563054436129665,40.4167018744567
429.5,-119.39768740579241,20.277928389885947,40.4680491179448
429.6,-117.8778357212505,20.855638692269455,35.7029964218472
429.7,-118.05169192442683,19.82292098422236,35.518677166363
429.8,-120.26709102278103,17.605565026459637,34.8411830873501
429.9,-112.28858886957836,21.102917288978922,32.0145024133406
430.0,-114.96588802510863,21.965062902906617,32.6791322602713
430.1,-109.83347257158212,18.262624291016046,31.8825605920458
430.2,-107.63957945946132,22.149885170794086,31.5127376407901
430.3,-110.81709624873886,21.93419838897,27.7848227952871
430.4,-115.78664830969515,23.182043830832065,28.9641114441741
430.5,-112.03601847511416,21.959937122933503,28.5436529853305
430.6,-112.35672925207106,22.393151843727196,27.7008878282453
430.7,-112.82937352894567,20.835014267119934,24.4844517019358
430.8,-112.11738281440168,22.78544908377512,27.5773436074907
430.9,-106.71025731687709,21.72402785100741,24.7108062223851
431.0,-101.88395409640378,23.50660609466297,25.8307062867855
431.1,-103.85709157063337,19.6712886799997,22.4685849571886
431.2,-102.45390800090648,22.753838547410897,20.5426269692506
431.3,-104.41959535710686,23.855158533847874,21.4704055405855
431.4,-101.67606239146227,27.758644335386464,18.2943606988803
431.5,-101.33814955851017,26.307296123016904,16.7273403503967
431.6,-99.18343769612625,22.533047255572512,24.0704066829827
431.7,-101.52895278579572,23.89881029590976,16.4760353292411
431.8,-103.41894684746123,22.13857384686613,15.6192965839905
431.9,-95.61726747205793,20.42756478019302,17.3178504822137
432.0,-97.82262852541713,22.43377154315631,16.9798594182514
432.1,-93.68873749216888,18.6916635769595,11.2662320727689
432.2,-92.36303791610493,21.71967054998525,13.1924358571123
432.3,-97.23691871903634,18.707903840553012,8.83496103275633
432.4,-94.07347537014414,21.66364510289953,14.6021439977587
432.5,-92.75057725720768,19.785934101412643,11.3879376251177
432.6,-90.48677522715433,21.45733541679195,9.94447466835504
432.7,-90.46056203994011,22.73595884115621,6.97111306298156
432.8,-88.93981533124142,22.24052241595529,6.84273823677751
432.9,-87.1483493631282,20.0986163274586,7.66776790091787
433.0,-89.88630143845212,20.501666853026947,10.1292262050814
433.1,-87.84778057732393,20.916382596082055,5.76421065894115
433.2,-86.39329690345042,18.492810669556462,3.77068032241159
433.3,-88.7198175765405,23.670725133508647,3.51332309280474
433.4,-86.67452699670379,18.095656231171365,5.06082621534933
433.5,-88.20076981030088,24.139503182082485,-4.00416266826951
433.6,-89.10243808972729,21.78124270693809,1.23755805401477
433.7,-83.21736036478148,23.297742983665596,-1.22430924421433
433.8,-81.59145530634501,22.4983805226452,0.862480186199441
433.9,-80.64013223766221,17.56505604668839,1.46482188049708
434.0,-79.2304941460798,19.229922546454766,-1.02461259430059
434.1,-80.68125034513811,21.54349044819056,-0.726287526627896
434.2,-79.149107160108,23.409767764718527,-2.44809157688174
434.3,-78.75877388875672,23.31952789741445,-3.27404763249861
434.4,-76.20331137318742,19.844707863798373,-6.05276312297617
434.5,-73.43245508731722,22.84660605054977,-7.04948220409714
434.6,-75.47856631126905,22.061552981500004,-7.718656385466
434.7,-77.64538653589277,20.94136361094744,-7.15725731044031
434.8,-72.74082148050427,21.7091182926324,-9.61293725164537
434.9,-73.39453436945507,19.409618860279014,-8.01720972030084
435.0,-78.72434823817534,20.924359433972327,-8.2982175886123
435.1,-73.771270658633,20.617320629023553,-10.9500819879388
435.2,-75.3730007580186,21.62486286904339,-7.11230810998056
435.3,-73.6718373448894,21.391276846418634,-13.2261638221897
435.4,-72.7801261688459,22.235494966233148,-11.9477981585833
435.5,-71.94106622583855,23.591633055603904,-10.8007485735456
435.6,-72.32516393889087,27.215983139466413,-12.6312960493425
435.7,-73.99816719966896,22.559529606584547,-10.6143140816038
435.8,-67.31888444135106,23.045892001166763,-10.6659394916438
435.9,-71.23989920100946,24.637913288054794,-17.1353323013192
436.0,-66.04110117487036,25.017464069000532,-13.0779445391935
436.1,-67.24498843445537,22.80183510157729,-17.5597913328762
436.2,-66.06353140577986,25.03029685182551,-14.3497739787259
436.3,-66.26090876262376,23.290737647318444,-15.3767727780927
436.4,-61.66392142754587,19.628155481710177,-17.6803897118281
436.5,-60.89330979912657,24.042973733749037,-16.2303898476881
436.6,-61.05406999561537,18.130585118194638,-15.5639316197703
436.7,-61.98868684890147,20.781365992461165,-17.6953271896275
436.8,-59.90431578644959,24.096832077941045,-17.8859364399812
436.9,-63.86116470620407,19.916737682978393,-19.2488670048339
437.0,-57.945752042180175,24.367806123693963,-16.625833959651
437.1,-61.48037087606007,26.158568206209303,-18.2275166124386
437.2,-57.3051824435583,20.405003668105582,-16.9337102949296
437.3,-59.13620108177976,16.676011724889815,-19.2992741416331
437.4,-57.233915505849055,16.896517210177997,-15.1945169488106
437.5,-57.15118674906212,21.63084194387346,-16.9648817030425
437.6,-57.34474797096772,22.753654994676758,-17.1655420461258
437.7,-54.088294027304954,24.792084629743265,-14.8265382371493
437.8,-54.15496007867105,23.39908855226205,-16.295105302274
437.9,-54.51090829022659,21.64576145898091,-16.9286159935702
438.0,-54.98935825212405,24.33103003380246,-15.0316310063189
438.1,-53.93091522249205,24.92708442631406,-16.4334401091022
438.2,-51.01226528910907,19.271177984939005,-15.6798466605912
438.3,-52.549881750461864,22.136726537335242,-14.06784448754
438.4,-49.15974144959708,19.848089066017025,-13.284684646493
438.5,-49.76659525374697,16.749183218451343,-15.8951825654646
438.6,-48.59502587493124,22.23720574213548,-12.4134836454978
438.7,-54.21777070907956,24.92859294978486,-18.6006835878514
438.8,-51.37861598957166,26.984061091874928,-16.0144602985961
438.9,-47.08825476160276,21.57465487441736,-13.009981629548
439.0,-50.84468815979906,23.9987966578888,-12.5625255734484
439.1,-44.661692428187834,22.62831881796145,-12.9823025832316
439.2,-42.74276028935114,23.40593921004161,-8.79101866284245
439.3,-47.698847104730035,23.205825876183837,-9.89038438293876
439.4,-43.310210718873634,23.532268393017137,-12.858901860402
439.5,-47.31647618747628,23.09844425729823,-8.48570499741676
439.6,-49.05088509192201,20.529492993008617,-11.7072827598044
439.7,-44.29411156023612,19.863541224173982,-11.5179047200298
439.8,-46.201061082404316,22.87445841325553,-13.6896230770399
439.9,-45.70826662412892,22.80440211493503,-14.2523089368781
440.0,-42.66053070734969,19.226257965851097,-12.0292329695171
440.1,-37.906660915698325,20.753870509565587,-10.9692599914719
440.2,-42.29337268521079,21.769311453955385,-6.5168580729486
440.3,-38.013298413965394,16.737128497624205,-7.5941144727151
440.4,-40.4254650043463,25.77266733623861,-9.95735800390926
440.5,-44.23584222032758,25.995258589324706,-11.8117401940676
440.6,-43.159050512659874,25.145787187713477,-10.8397946910712
440.7,-46.525471195438776,26.762148588924017,-6.40074339503711
440.8,-38.36798799099235,22.1497450241044,-5.44484151149758
440.9,-31.798536765700007,20.617200238593938,-9.05680076227297
441.0,-32.74487785680995,17.42620916554561,-7.78242875608759
441.1,-34.07620624950797,17.554671059731422,-8.15113884981167
441.2,-33.78753237607954,17.683920859051447,-6.40909088195518
441.3,-30.035326600568176,15.572749883057146,-5.83626430947275
441.4,-41.69617823101595,22.507660274585135,-7.88731094745703
441.5,-39.58012051668158,28.440552933347554,-9.10592266496994
441.6,-39.85825753963788,25.15884160629153,-5.58135979634126
441.7,-40.162495480538944,21.26198092998599,-7.66375750067046
441.8,-39.934760498928874,24.10522215048125,-5.1720759279593
441.9,-35.162403189119544,24.434754136776437,-6.58016729040043
442.0,-35.42154523567269,19.464264461556425,-6.70319042301334
442.1,-33.33536294424697,21.71101968556853,-6.531438198776
442.2,-32.219918817801315,21.008823236934166,-6.93086310615184
442.3,-31.67347416193377,19.336132524246654,-4.4007492782624
442.4,-35.12159179382428,21.07629680301412,-7.42696138992774
442.5,-32.595471493302796,26.61251569457524,-6.97543786147583
442.6,-31.60663306626593,24.503464520063552,-4.82403778908757
442.7,-33.70119918525145,22.261942839273257,-8.77609872878046
442.8,-31.10346645409793,18.78789089981818,-5.19524741982459
442.9,-32.88010585496919,20.939535850905493,-6.54727919866995
443.0,-31.9112494003039,22.077262047305343,-7.84970586724855
443.1,-33.21988493492908,21.44966344351057,-5.05465926440664
443.2,-33.257488951392475,20.3320114774572,-4.23198738872968
443.3,-31.748390538965257,22.251353272109895,-4.00777691177891
443.4,-31.467042071497378,20.94325678349226,-1.90659022057781
443.5,-31.751407167044746,19.254330229050385,-3.63154439792375
443.6,-31.692917016200017,20.20221940522269,-4.71896368736143
443.7,-34.10077721887844,21.64038906349195,-4.47946824929941
443.8,-29.49284138416607,23.852794990532594,-3.86543799532553
443.9,-30.2495294947196,21.400104640266218,-1.28506246885362
444.0,-29.70857331373682,19.107493054257105,-2.99368114353975
444.1,-31.69606655111729,19.373909825127956,-3.11866690549729
444.2,-30.037994393931008,27.288253788932444,-0.706129312014879
444.3,-31.614138798537535,16.485327998292423,-0.056590133359923
444.4,-32.650406519667754,14.85992613280624,-4.55139544178973
444.5,-28.309998852844778,11.807527910055349,-2.20880248726537
444.6,-30.419591174685635,14.095158891252128,1.23153961457019
444.7,-29.374961345188684,14.300240557168838,1.4091448461617
444.8,-29.991558432012557,14.078333854830738,1.26865474934311
444.9,-28.769463366243148,20.58493593809739,0.637116926225498
445.0,-28.651754760886316,22.142912141158646,2.14786602531802
445.1,-26.304563545421875,23.91079392403716,-0.400948657627541
445.2,-27.84939518762283,21.83719685266887,1.69353879682811
445.3,-27.0811730055705,24.81429267190168,5.20421380024734
445.4,-26.908257497898585,18.89836207633603,8.01016045139716
445.5,-27.82961032231484,28.95499975582596,6.77198413067758
445.6,-26.44793680002491,21.42652549467378,6.78577574863584
445.7,-32.07808135294462,22.551629173900377,4.30882324030854
445.8,-26.45177644220207,24.968660503476947,6.23704996902951
445.9,-32.55520177421556,22.530735060964567,10.0166934312243
446.0,-30.59543773607528,18.38325867953854,11.4141552417962
446.1,-26.365178485881408,22.67804805420908,10.4624727795572
446.2,-30.25196976141097,21.17896907315436,12.5950768477232
446.3,-29.732474364965828,20.69407006560697,7.77900400963564
446.4,-30.31709798355532,25.443413650744944,12.1958367550335
446.5,-26.61716159515422,23.347812565475067,12.1805143088542
446.6,-31.73870510029252,22.315876022541005,14.6422679466844
446.7,-33.22600400291674,20.43075250207689,17.2738247715139
446.8,-27.230710422614372,21.724166881910044,15.6807243629847
446.9,-32.43237227010951,22.372701397521443,14.6706338007613
447.0,-29.39939031324341,22.506044670506963,16.0370799554546
447.1,-28.294182016297103,16.431060225442558,18.8917260914186
447.2,-28.910580098695334,18.747072941174647,19.4602050751407
447.3,-28.036878982777093,15.814159553240518,19.8734879692437
447.4,-26.00563138134425,17.215300579837518,24.9731425715525
447.5,-25.328074575173584,19.390340872426385,25.8827406007815
447.6,-24.597737292893004,13.995523601227019,20.2959399059696
447.7,-28.23687545376598,23.3727990895313,26.2406964935296
447.8,-28.023757140196388,24.997948984628195,23.665827628461
447.9,-26.15072824661838,26.285050518284102,25.41590818797
448.0,-31.61934534438087,25.37747204016067,28.8009946823088
448.1,-28.89789284607312,23.733326067302087,34.5669034628327
448.2,-26.05767833430094,20.146954901764207,29.909014785548
448.3,-29.02191285204232,19.259521797984338,30.4881905658725
448.4,-28.00317762345228,22.76070109734627,31.1983763966503
448.5,-30.49538753383473,17.015988321466946,34.2810993403492
448.6,-26.359252105958426,17.130724544515246,34.1825192041454
448.7,-29.331966827960017,22.817578105065497,34.2426420714102
448.8,-33.46910393045594,20.99290884280238,36.9228110343485
448.9,-26.253458874895006,22.537781138088988,40.8215294682751
449.0,-26.612380927561354,26.613324035619698,37.791652239095
449.1,-29.678967020544857,22.319712193897217,39.2950708025489
449.2,-29.448697306781884,23.538302652807616,38.6265657542678
449.3,-29.294236147023888,18.731832584366366,39.4252433144724
449.4,-23.24877548221768,15.439256224289746,44.2624975207095
449.5,-24.491655508963735,19.439257308113447,46.2910058465778
449.6,-26.519912761342137,20.034150713891528,44.1430081553812
449.7,-29.190573920918496,21.457244429564476,48.8211721929355
449.8,-25.272216265472746,18.670875163115632,45.2419115786243
449.9,-19.990266146852402,18.412548978919233,51.5505702099915
450.0,-23.32060273585541,19.053192037799338,53.0260402693305
450.1,-21.618218302891417,17.59674263180851,51.0158894876534
450.2,-21.457663304261906,16.72770049654747,50.8709742222603
450.3,-28.955875298382416,20.070290059791883,54.8550076109991
450.4,-28.628215428010265,17.23628746421512,54.3924680876279
450.5,-27.475167769147916,21.729796982834575,56.9756905520969
450.6,-26.690908173911193,18.25869581722902,55.6281231687666
450.7,-32.641514604104174,19.95649531298142,60.7074076514118
450.8,-22.230550391319944,17.34413002371671,58.1292354531371
450.9,-20.961133534203388,18.599670235429127,61.4446153169522
451.0,-23.016567109149467,17.655266986927128,65.5786822657733
451.1,-21.415287587965388,20.54307748136087,62.0869103804743
451.2,-19.183434842488886,18.605662725671475,64.9540613473349
451.3,-23.190002163684923,21.04115010072629,70.5965694844753
451.4,-26.683002539947772,20.912922155165102,66.9657917261148
451.5,-27.71537179995326,19.227465648892444,68.9093810461421
451.6,-25.59545320872689,20.305199883489593,69.9516352054906
451.7,-31.161896283838253,17.92068444891123,68.5526272374469
451.8,-27.35255301183681,17.995717680815794,71.3736874205887
451.9,-23.38805221717118,20.763199206298015,73.4637085719494
452.0,-26.124269242131128,19.115078669919217,72.1070589209205
452.1,-24.92103551576598,21.676743397488668,73.5664800013747
452.2,-28.003459992588088,16.084195578733887,77.7707833488982
452.3,-26.8433277986193,16.308596628880515,74.3385601324143
452.4,-22.883697420452386,22.10641663683287,76.2282407244708
452.5,-26.02729150615197,20.506949342768518,82.0653583607986
452.6,-26.409990785479017,23.781521593880765,79.2896967351227
452.7,-25.755292885527407,21.28132989536156,81.1701496720777
452.8,-28.17257991679155,25.50790812894747,83.742790165733
452.9,-24.222241932677566,20.99853836136239,85.3374718961139
453.0,-26.035031411115522,18.892821954608184,88.2119271393845
453.1,-24.464842189346,20.087550174891806,85.3599752838723
453.2,-25.7095124252275,18.945531563524685,88.6471443876163
453.3,-22.12235189385328,18.478816849574144,90.5465232676333
453.4,-25.43892465425382,24.125384274134344,90.039994517996
453.5,-26.39533536142848,20.635018396406526,92.5756259433036
453.6,-22.026542061952828,14.934484134798545,91.1331632927328
453.7,-23.68135565830821,18.415358757194923,95.7611417628761
453.8,-23.600312616389978,14.633580346219066,90.917348955006
453.9,-25.29517365205858,18.373580455760834,97.0535478370102
454.0,-26.58486559514477,14.967839773512246,97.9673544098973
