0.1,0,0,0,0,0,0,1
0.2,-0.009,-0.004,0.659,0,-0.00199999500001875,-0.000999997500009375,0.999997500009375
0.3,-0.021,-0.004,1.364,0.000999991000121498,-0.00399996400048599,-0.000999991000121499,0.999991000121498
0.5,-0.051,-0.008,2.83,0.000999958502583196,-0.00899962652324877,-0.000999958502583197,0.999958502583196
0.7,-0.102,-0.022,4.375,0.00199981802483923,-0.012998817161455,-0.00299972703725885,0.999909012419616
1,-0.193,-0.034,6.774,-0.000999814551599422,-0.018996476480389,-0.00299944365479827,0.999814551599422
1.2,-0.277,-0.037,8.422,-0.000999753091475843,-0.0219945680124685,-0.00299925927442753,0.999753091475843
1.4,-0.358,-0.047,10.099,-0.000999709626524118,-0.0239930310365788,-0.00199941925304824,0.999709626524118
1.6,-0.449,-0.056,11.813,0,-0.0249921412071912,-0.0019993712965753,0.999685648287649
1.8,-0.555,-0.066,13.571,0.00199924243065098,-0.0269897728137882,-0.00499810607662745,0.99962121532549
2.1,-0.717,-0.088,16.256,0,-0.0289874511498902,-0.00499783640515348,0.999567281030697
2.3,-0.835,-0.099,18.074,0.000999541815092602,-0.029986254452778,-0.00399816726037041,0.999541815092601
2.5,-0.948,-0.119,19.915,0,-0.030984867587373,-0.00399804743062877,0.999511857657194
2.7,-1.077,-0.124,21.782,-0.00399799750474959,-0.0309844806618093,-0.00499749688093699,0.999499376187397
2.9,-1.193,-0.122,23.67,-0.00599734376493794,-0.0289871615305334,-0.00299867188246897,0.999557294156323
3.1,-1.313,-0.121,25.571,-0.00199918749539113,-0.0279886249354759,-0.00499796873847783,0.999593747695567
3.3,-1.418,-0.129,27.489,-0.000999627208563847,-0.0269899346312239,-0.00399850883425539,0.999627208563847
3.5,-1.524,-0.127,29.43,-0.00599770631591738,-0.0269896784216282,0,0.999617719319563
3.7,-1.626,-0.131,31.404,-0.00399836899810531,-0.0279885829867372,0.00399836899810531,0.999592249526328
3.9,-1.754,-0.13,33.374,-0.000999545310302197,-0.0299863593090659,0.00299863593090659,0.999545310302196
4.1,-1.89,-0.134,35.383,-0.0039980294570968,-0.0309847282925002,0.0029985220928226,0.9995073642742
4.2,-1.961,-0.141,36.398,-0.0040020375558059,-0.0310157910574957,0.00200101877790295,0.999508879562523
4.5,-2.172,-0.129,39.408,-0.00800364248618543,-0.0320145699447417,-0.00100045531077318,0.999454855462405
4.6,-2.244,-0.128,40.396,-0.00800364248618543,-0.0320145699447417,-0.00100045531077318,0.999454855462405
4.8,-2.385,-0.121,42.393,-0.0060027919475344,-0.0320148903868501,-0.0030013959737672,0.999464859264477
5,-2.52,-0.114,44.371,-0.00700301194284242,-0.0330141991591143,-0.00100043027754892,0.999429847271368
5.2,-2.664,-0.115,46.334,-0.00600241045179177,-0.0340136592268201,-0.0020008034839306,0.99940134022333
5.4,-2.818,-0.112,48.287,-0.00300123826622993,-0.0340140336839392,-0.00300123826622993,0.999412342654565
5.5,-2.886,-0.108,49.264,-0.00500185102738357,-0.035012957191685,-0.00300111061643015,0.999369835271238
5.8,-3.088,-0.112,52.164,-0.00700253537679269,-0.0350126768839635,0.00100036219668467,0.999361834487985
6,-3.223,-0.111,54.081,-0.00700252486540303,-0.0350126243270152,0.00200072139011515,0.999360334362518
6.2,-3.354,-0.106,55.993,-0.0120032052837733,-0.0360096158513199,0.00500133553490554,0.999266839874127
6.4,-3.507,-0.081,57.898,-0.0110027125029892,-0.0370091238736909,0.00400098636472334,0.999246344589655
6.7,-3.744,-0.067,60.65,-0.00500113038321434,-0.0390088169890719,-0.00100022607664287,0.999225850566226
6.9,-3.897,-0.074,62.433,-0.00700119380532439,-0.0400068217447108,-0.00300051163085331,0.999170373074152
7.1,-4.05,-0.074,64.152,-0.00700088566805906,-0.0410051874843459,-0.00400050609603375,0.999126397484428
7.3,-4.202,-0.076,65.824,-0.00800028001470086,-0.0430015050790171,-0.00400014000735043,0.99903496683577
7.5,-4.351,-0.071,67.442,-0.00999963501998254,-0.0439983940879232,-0.00599978101198952,0.998963538496255
7.7,-4.504,-0.055,69.006,-0.012998414290179,-0.0449945110044658,-0.00699914615625024,0.99887814429914
7.9,-4.662,-0.05,70.494,-0.00699874383821145,-0.0469915657708483,-0.00999820548315921,0.998820727767605
8.99999999,-4.805,-0.047,71.916,-0.00399934815937071,-0.0469923408726058,-0.00999837039842677,0.998837202802834
8.3,-4.947,-0.053,73.253,-0.00699833809203128,-0.0479886040596431,-0.0109973884303349,0.998762821991322
8.5,-5.061,-0.066,74.493,-0.00299932972470143,-0.0489890521701233,-0.00599865944940285,0.998776798325575
8.7,-5.179,-0.074,75.67,-0.000999882020881893,-0.046994454981449,-0.00499941010440946,0.998882138861011
9,-5.326,-0.082,77.343,-0.00600101425712142,-0.0400067617141428,-0.00500084521426785,0.999168873810717
9.2,-5.39,-0.094,78.382,-0.00799608287884904,-0.0299853107956839,-0.00399804143942452,0.999510359856129
9.4,-5.443,-0.085,79.38,-0.0079986363487439,-0.0139976136103018,-0.00899846589233688,0.999829543592987
9.6,-5.411,-0.088,80.334,-0.00899896517850329,0.00999885019833699,-0.00699919513883589,0.999885019833699
9.9,-5.262,-0.082,81.692,-0.0110012432107282,0.0600067811494265,-0.00700079113409976,0.998112793118794
10.2,-4.953,-0.073,82.946,-0.0109950148908643,0.12894153826559,-0.00899592127434352,0.991550433794307
10.4,-4.633,-0.074,83.724,-0.00999652681029532,0.184935745990463,-0.00899687412926579,0.98265858545203
10.7,-3.985,-0.073,84.726,-0.00699672979305402,0.277870126067003,-0.0089957954482123,0.96055104730356
11.1,-2.913,-0.072,85.78,-0.008998866214281,0.398949735499791,-0.00899886621428101,0.916884479832853
11.3,-2.28,-0.091,86.18,-0.00699971301764929,0.453981387144683,-0.00599975401512802,0.890963471246503
11.6,-1.287,-0.091,86.686,-0.00700008750164066,0.52500656262305,-0.0100001250023439,0.851010637699457
11.9,-0.209,-0.107,86.992,-0.002000526207598,0.579152337099621,0.00200052620759805,0.815214429596185
12.2,0.898,-0.112,87.298,-0.00300028504061893,0.6180587183675,-0.0090008551218568,0.78607468064216
12.4,1.696,-0.13,87.426,0.000999862528352878,0.636912430560783,-0.007998900226823,0.770894009360068
12.7,2.973,-0.136,87.583,0.00799484897921478,0.659575040785219,-0.0109929173464203,0.751515804046189
13,4.377,-0.179,87.722,0.00499945258991047,0.675925990155895,-0.0069992336258747,0.736919311752803
13.2,5.388,-0.202,87.775,0.0070022340690589,0.684218300462327,-0.00400127661089087,0.729232662334848
13.5,7.019,-0.233,87.855,0.00899865030367408,0.690896373315421,-0.0029995501012247,0.722891574395151
13.7,8.209,-0.252,87.898,0.00999955003037272,0.694968727110904,-0.00199991000607442,0.718967647183799
14,10.125,-0.287,87.942,0.0110001045014891,0.698006631094493,-1.11022302462516e-16,0.71600680209693
14.2,11.489,-0.317,87.974,0.0129997530070393,0.697986738377955,0.00299994300162442,0.715986396387702
14.4,12.92,-0.342,88.013,0.0149986426842528,0.695937020549331,0.00399963804913413,0.717935029819569
14.6,14.417,-0.368,88.069,0.014997368192803,0.692878410507498,0.00599894727712118,0.72087349780073
14.9,16.777,-0.403,88.191,0.0120051092612173,0.68829293097646,0.00600255463060873,0.72530868453188
15.1,18.39,-0.436,88.309,0.0119956044163246,0.685748719133222,0.0029989011040812,0.727733334590357
15.4,20.852,-0.487,88.483,0.0110035987652906,0.685224104929461,-0.0040013086419239,0.728238172830142
15.6,22.506,-0.539,88.594,0.00900315615944779,0.685240218802415,-0.00300105205314918,0.728255298230889
15.9,24.965,-0.607,88.771,0.00700251085029045,0.685245704635566,-0.00500179346449329,0.728261128430206
16.1,26.602,-0.653,88.882,0.00500196615912675,0.686269757032191,-0.00800314585460288,0.72728587953703
16.3,28.231,-0.697,88.98,0.00200103580411233,0.689356834516697,-0.00800414321644937,0.724374961088662
16.5,29.857,-0.741,89.05,0,0.693965302602283,-0.00799960002999757,0.719964002699775
16.699999999,31.479,-0.779,89.097,0,0.701052230336813,-0.00900067057493783,0.713053124436729
17,33.87,-0.835,89.102,-0.00100010101530408,0.712071922896502,-0.00700070710712838,0.702070912743461
17.199999999,35.446,-0.873,89.062,0,0.719969401950612,-0.00699970251896419,0.693970506880173
17.4,36.992,-0.911,88.982,0,0.727294977932458,-0.00800324597449743,0.686278342313159
17.699999999,39.259,-0.966,88.809,0.000999895016534606,0.736922627186005,-0.00799916013227688,0.675929031177394
17.9,40.733,-1.004,88.664,0.00100024959341422,0.742185198313352,-0.00600149756048517,0.670167227587528
18.1,42.17,-1.041,88.502,0.00199991500541837,0.74596829702105,-0.00299987250812753,0.665971696804316
18.4,44.233,-1.083,88.265,0.00200109089188517,0.74740744811911,-0.00100054544594267,0.664362176105875
18.6,45.522,-1.114,88.12,0.00400248631624344,0.746463697979401,-0.00100062157906079,0.665413350075471
18.9,47.323,-1.151,87.956,0.00399916626074289,0.73884596667225,-0.0019995831303715,0.673859514935178
19.1,48.431,-1.18,87.895,0.0040015328806962,0.728278984286708,-0.00300114966052207,0.685262505819224
19.4,49.996,-1.223,87.918,0.00500045256143614,0.703063630137921,-0.00800072409829781,0.711064354236219
19.7,51.532,-1.265,88.1,0.00199921646069103,0.661740648488729,-0.00599764938207317,0.749706172759134
20,53.018,-1.295,88.493,-0.00399984600889293,0.603976747342832,-0.00599976901333936,0.796969317271916
20.3,54.338,-1.316,89.1,-0.000999660672792606,0.528820495907289,-0.00599796403675563,0.848711911200922
20.5,55.112,-1.331,89.637,0.00299900749275267,0.469844507197919,-0.00799735331400715,0.882707872033537
20.8,56.099,-1.345,90.626,0.0050007226566396,0.377054488310626,-0.00900130078195125,0.926133836009654
21.1,56.865,-1.374,91.796,-0.00300114215192457,0.282107362280909,-0.00500190358654093,0.959365107898553
21.4,57.413,-1.385,93.099,-0.0109969377791834,0.19994432325788,-0.00599832969773639,0.979727183963611
21.6,57.682,-1.373,94.018,-0.0119997960052019,0.159997280069358,-0.0109998130047683,0.986983221427852
21.9,58.055,-1.354,95.433,-0.0110020630802595,0.124023256541107,-0.00800150042200688,0.992186052328853
22.2,58.354,-1.324,96.949,-0.0109973499579517,0.109973499579517,-0.0149963863062978,0.993760532564002
22.5,58.676,-1.308,98.527,-0.00699898522070916,0.108984198436757,-0.0179973905675378,0.993855901340701
22.8,59.059,-1.302,100.213,-0.00200032207778387,0.115018519472573,-0.0200032207778387,0.993159911619693
23,59.343,-1.302,101.41,-0.00600257866142159,0.121052003005335,-0.020008595538072,0.99242633868837
23.2,59.661,-1.298,102.657,-0.0110008250928241,0.124009301046381,-0.0170012751434554,0.992074408371046
23.5,60.165,-1.283,104.572,-0.00599964003239676,0.125992440680332,-0.0119992800647935,0.991940485356264
23.8,60.655,-1.264,106.593,-0.00400119053130094,0.123036608837504,-0.0140041668595533,0.992295251762634
24,61.012,-1.262,108.025,-0.00999533326879089,0.12094353255237,-0.0119943999225491,0.992536593590935
24.2,61.341,-1.251,109.477,-0.00799788084232798,0.118968477529629,-0.015995761684656,0.99273695955396
24.5,61.864,-1.237,111.744,-0.00400142876514928,0.114040719806754,-0.0150053578693098,0.993354690948308
24.7,62.228,-1.236,113.33,-0.00699798836747497,0.110968101255675,-0.0129962641110249,0.993714348181446
25,62.767,-1.22,115.729,-0.00899865929963909,0.109983613662256,-0.00899865929963908,0.993851927093473
25.2,63.11,-1.209,117.374,-0.00699866688092668,0.109979050985991,-0.0139973337618534,0.993810697091589
25.5,63.629,-1.193,119.874,-0.00900257510477262,0.113032331871034,-0.0230065808233078,0.993284119893246
25.7,64.013,-1.189,121.547,-0.00699970951808238,0.115995186299651,-0.0229990455594135,0.992958793065114
25.9,64.422,-1.194,123.215,-0.00699973401516104,0.116995554253406,-0.0169993540368197,0.992962268150702
26.2,65.013,-1.187,125.736,-0.0109961959741756,0.11895884735699,-0.0189934294099397,0.992656600214215
26.5,65.606,-1.175,128.215,-0.0029988801273696,0.119955205094784,-0.0169936540550944,0.992629322159337
26.7,66.011,-1.191,129.857,-0.00299933422169597,0.11897359079394,-0.0149966711084799,0.992779627381367
27,66.595,-1.165,132.333,-0.0169965500504741,0.117976053291526,-0.0119975647415111,0.992798482360046
27.2,66.957,-1.141,133.938,-0.00599981100892978,0.116996314674131,-0.0169994645253011,0.992968721977879
27.5,67.513,-1.153,136.358,-0.00599756548252086,0.111954555673723,-0.0139943194592153,0.993596681604289
27.7,67.854,-1.157,137.959,-0.0049999650003675,0.107999244007938,-0.0169998810012495,0.993993042073058
28,68.351,-1.154,140.372,-0.00900111170594776,0.106013093425607,-0.0200024704576617,0.994122781745787
28.2,68.683,-1.153,141.963,-0.00800304173389817,0.104039542540676,-0.0180068439012709,0.994377935436848
28.5,69.156,-1.152,144.321,-0.0070024688054576,0.0950335052169246,-0.0140049376109152,0.995350923061474
28.8,69.573,-1.125,146.707,-0.0169979178825813,0.0879892219804207,-0.0139982853150669,0.995878012414761
29,69.83,-1.11,148.301,-0.0110050304486353,0.0820374997080087,-0.0150068597026845,0.996455484258252
29.3,70.178,-1.078,150.707,-0.0100022557630405,0.0720162414938918,-0.0160036092208648,0.997224899575141
29.6,70.457,-1.065,153.141,-0.00500051758035573,0.0580060039321265,-0.0200020703214229,0.998103309039005
29.9,70.673,-1.048,155.617,-0.0129949978885341,0.0459823002209668,-0.0219915348882884,0.998615606972735
30.1,70.796,-1.025,157.272,-0.0149982678000979,0.0389954962802544,-0.0219974594401435,0.998884635486517
30.4,70.936,-0.988,159.728,-0.00900045003375281,0.0330016501237603,-0.0270013501012584,0.999049953746562
30.7,71.055,-0.951,162.2,-0.0150006900476136,0.029001334092053,-0.0290013340920531,0.999045957171069
31,71.174,-0.92,164.661,-0.0130053137562259,0.0220089925105361,-0.023009401261015,0.999408341728436
31.3,71.238,-0.864,167.126,-0.0139943963661584,0.0109955971448388,-0.0219911942896775,0.999599740439887
31.6,71.272,-0.813,169.629,-0.0179955286666205,0.00199950318518006,-0.0129967707036704,0.999751592590028
31.8,71.269,-0.778,171.279,-0.00999913011351854,-0.00499956505675927,-0.00699939107946298,0.999913011351854
32.1,71.208,-0.732,173.816,-0.0179947463010082,-0.013995913789673,-0.00799766502267032,0.999708127833789
32.3,71.129,-0.695,175.52,-0.0199919548569294,-0.0179927593712365,-0.00899637968561824,0.999597742846471
32.6,70.989,-0.642,178.043,-0.0089966403821088,-0.0209921608915872,-0.014994400636848,0.9996267091232
32.8,70.917,-0.613,179.754,-0.0149934418035028,-0.0229899440987042,-0.010995190655902,0.999562786900185
33.1,70.784,-0.55,182.319,-0.013993410655007,-0.0249882333125124,-0.0109948226575055,0.999529332500497
33.3,70.72,-0.535,184.018,-0.00599767934705218,-0.0269895570617348,-0.00299883967352609,0.999613224508696
33.5,70.608,-0.507,185.732,-0.0129936476590625,-0.0279863180349039,-0.00499755679194712,0.999511358389425
33.7,70.501,-0.491,187.417,-0.0140064865052257,-0.0290134363322532,-0.00600277993081099,0.999462858480031
34,70.32,-0.452,189.931,-0.0120054877621476,-0.0290132620918567,-0.010004573135123,0.999456856198789
34.2,70.203,-0.427,191.607,-0.0150052902974091,-0.0300105805948183,-0.0130045849244213,0.999352333807449
34.5,70.035,-0.393,194.063,-0.0110038079764538,-0.0310107315700061,-0.0150051926951643,0.999345833497939
34.7,69.918,-0.356,195.687,-0.0150027082332762,-0.0330059581132077,-0.0180032498799315,0.999180368336196
34.899999999,69.823,-0.323,197.248,-0.0210027095243042,-0.0340043868488735,-0.0120015482996024,0.999128895941901
35.2,69.662,-0.289,199.465,-0.0130037195957827,-0.0330094420508329,-0.0130037195957827,0.999285836629761
35.399999999,69.57,-0.274,200.85,-0.00900357512913032,-0.0320127115702411,-0.0100039723657004,0.999396839333466
35.7,69.44,-0.263,202.867,-0.0149929175193131,-0.0239886680309009,-0.0119943340154505,0.999527834620871
35.899999999,69.365,-0.23,204.181,-0.0159938435551189,-0.0169934587773138,-0.0149942283329239,0.999615222194929
36.2,69.307,-0.212,206.109,-0.00599897726155792,-0.00699880680515091,-0.0159972726974878,0.999829543592987
36.399999999,69.31,-0.199,207.417,-0.00899875375890062,0,-0.0139980614027343,0.999861528766735
36.7,69.349,-0.191,209.33,-0.0139977325509752,0.00799870431484299,-0.00799870431484299,0.999838039355374
36.899999999,69.356,-0.157,210.602,-0.0149970833509048,0.00799844445381589,-0.00999805556726986,0.999805556726986
37.2,69.362,-0.113,212.538,-0.0149961464854662,0.00799794479224866,-0.0149961464854662,0.999743099031083
37.399999999,69.362,-0.091,213.834,-0.00699880680515091,0.00599897726155792,-0.0159972726974878,0.999829543592987
37.7,69.352,-0.054,215.842,-0.0129970240222094,0,-0.0169961083367353,0.99977107863149
38,69.348,-0.017,217.899,-0.0249903680693062,-0.00499807361386124,-0.0109957619504947,0.999614722772248
38.3,69.311,0.057,219.957,-0.0149972257698251,-0.00899833546189509,-0.00799852041057341,0.999815051321676
38.6,69.291,0.117,222.07,-0.0209940909949604,-0.010996904806884,0.000999718618807635,0.999718618807636
38.9,69.258,0.173,224.157,-0.0169954203512399,-0.012996497915654,0.00899757548006817,0.999730608896463
39.2,69.201,0.235,226.251,-0.0219909415977084,-0.0139942355621781,0.0119950590532955,0.99958825444129
39.5,69.144,0.28,228.302,-0.012996355033548,-0.0139960746515132,0.0139960746515132,0.999719617965227
39.7,69.1,0.311,229.651,-0.0109974653763125,-0.0139967741153068,0.0119972349559773,0.999769579664771
39.9,69.066,0.328,230.963,-0.0179935594583646,-0.0139949906898391,0.0139949906898391,0.999642192131365
40.2,69.006,0.372,232.806,-0.0240113119925504,-0.0160075413283669,0.015007069995344,0.99947086168991
40.4,68.973,0.397,233.949,-0.0230067419632376,-0.0220064488344012,0.0200058625767283,0.99929283570758
40.7,68.841,0.437,235.511,-0.0179928942099036,-0.0439826302908754,0.0229909203793212,0.998605628649648
40.9,68.702,0.458,236.515,-0.0190053697755496,-0.0670189355243063,0.0240067828743784,0.997281771906469
41.2,68.371,0.475,237.949,-0.0189953372169996,-0.115971532482734,0.02499386475921,0.992756308235821
41.4,68.039,0.491,238.819,-0.0140016102777782,-0.158018173134926,0.0210024154166673,0.987113524583366
41.7,67.385,0.502,240.023,-0.00899901016332006,-0.230974594191882,0.00699923012702672,0.972892987656713
42,66.561,0.514,241.029,-0.00699801634351007,-0.312911302216951,-0.00699801634351008,0.949730789476367
42.3,65.613,0.535,241.911,-0.0169962017733081,-0.393911970510787,-0.018995754923109,0.918794672333537
42.6,64.57,0.585,242.57,-0.0210016696991143,-0.470037369456367,-0.0240019082275591,0.882070127362799
42.9,63.482,0.631,243.08,-0.0220005610214591,-0.545013898031602,-0.0140003570136558,0.838021369817399
43.2,62.246,0.703,243.405,-0.0180051682250273,-0.611175432527317,-0.0100028712361263,0.79122711477759
43.5,60.855,0.746,243.577,-0.0180031508271162,-0.662115880419497,-0.00900157541355802,0.749131109417226
43.8,59.377,0.796,243.642,-0.013998600209965,-0.69593041043826,-0.00799920011998003,0.717928210768205
44.1,57.772,0.84,243.597,-0.00999988000215996,-0.715991408154653,-0.00799990400172802,0.697991624150765
44.4,56.028,0.875,243.521,-0.00799838448948321,-0.723853796298231,-0.00799838448948332,0.689860662217927
44.7,54.109,0.915,243.393,-0.00799810467376187,-0.724828236059669,-0.00799810467376189,0.688836765027741
45,52.025,0.955,243.288,-0.00799849642399515,-0.723863926371561,-0.00599887231799629,0.689870316569582
45.2,50.526,0.99,243.211,-0.00799880426813619,-0.722891935732808,-0.00499925266758511,0.690896718660264
45.5,48.113,1.035,243.102,-0.00900539584865431,-0.721432267431084,-0.00400239815495742,0.692414880807643
45.7,46.418,1.065,243.035,-0.0110067216559832,-0.72043996293708,-0.00300183317890456,0.693423464326939
45.9,44.661,1.099,242.964,-0.0140082813421334,-0.719425306070992,-0.00500295762219047,0.694410517960039
46.2,42.003,1.153,242.862,-0.0150086549851179,-0.719414862286652,-0.00500288499503929,0.694400437311456
46.4,40.241,1.181,242.789,-0.0150083845247898,-0.720402457189912,-0.00300167690495795,0.693387365045291
46.7,37.599,1.233,242.676,-0.0230070987851318,-0.723223148767403,-0.00500154321415888,0.690212963553953
46.9,35.832,1.276,242.582,-0.0230055910380159,-0.725176239241806,-0.00400097235443756,0.688167244963259
47.2,33.228,1.339,242.413,-0.0200045915807121,-0.727166903958886,-0.00400091831614248,0.686157491218426
47.4,31.488,1.372,242.278,-0.0160040815612635,-0.728185711037492,-0.00500127548789477,0.685174741841596
47.7,28.908,1.411,242.094,-0.0130044873223229,-0.727250944871441,-0.00400138071456083,0.686236792547192
47.9,27.205,1.43,241.993,-0.0140051408302002,-0.726266588766096,-0.00500183601078577,0.687252267881966
48.2,24.67,1.465,241.867,-0.0200070236981935,-0.724254257874605,-0.0010003511849098,0.689241966402766
48.4,23.006,1.496,241.78,-0.0179951869311578,-0.722806675068171,-0.000999732607286416,0.690815231635002
48.6,21.346,1.522,241.71,-0.0219923699712004,-0.722749249508086,-0,0.690760347731794
48.8,19.692,1.56,241.618,-0.0230072829577666,-0.723228938194143,-0.00300094995101299,0.690218488732999
49,18.069,1.591,241.522,-0.0210061031595806,-0.725210704318854,-0.00300087187994016,0.688199951132926
49.3,15.651,1.636,241.356,-0.0179902519244699,-0.729604661381279,-0.00199891688049666,0.683629573129856
49.6,13.259,1.678,241.157,-0.0169989630948758,-0.733955230096404,-0.00599963403348561,0.678958584789453
49.8,11.692,1.71,240.999,-0.0139970469346123,-0.736844542200664,-0.00899810160082215,0.675857409128424
50.1,9.408,1.761,240.757,-0.0100040574681218,-0.738299441147392,-0.0130052747085583,0.674273473351412
50.3,7.945,1.786,240.606,-0.00799725741098141,-0.738746653339408,-0.0149948576455901,0.673768936875184
50.6,5.857,1.83,240.389,-0.0059981138897259,-0.737768008436286,-0.0179943416691778,0.674787812594163
50.8,4.54,1.853,240.269,-0.00599873440054814,-0.735844753133906,-0.0189959922684025,0.676857198195182
51.1,2.664,1.888,240.112,-0.00499981251054621,-0.732972514046075,-0.0189992875400756,0.679974501434285
51.3,1.484,1.911,240.026,-0.00500041505167465,-0.731060680554834,-0.0180014941860287,0.682056613048422
51.6,-0.158,1.944,239.921,-0.00499779146415145,-0.72667887888762,-0.0189916075637754,0.686696547174409
51.8,-1.176,1.968,239.866,-0.00700266502115732,-0.723275258613821,-0.0190072336288556,0.69026269494265
52.1,-2.562,1.997,239.814,-0.00899807461802558,-0.718846183373377,-0.0189959353047207,0.694851317725308
52.4,-3.801,2.024,239.787,-0.00999865027331351,-0.712903764487253,-0.019997300546627,0.700905384159277
52.6,-4.544,2.038,239.788,-0.0109991695940423,-0.708946476561453,-0.0179986411538875,0.704946778527256
52.9,-5.505,2.059,239.798,-0.0109992300808406,-0.702950795166447,-0.0169988101249354,0.71095023522524
53.2,-6.258,2.081,239.82,-0.0109988836699584,-0.698929062300082,-0.0159983762472123,0.714927438547294
53.4,-6.625,2.076,239.84,-0.00899925759187174,-0.695942587104748,-0.0119990101224956,0.717940772329324
53.7,-6.986,2.091,239.85,-0.00899905065023196,-0.694926689101246,-0.0119987342003093,0.718924157501864
54,-7.176,2.095,239.86,-0.00799920011998,-0.693930610408265,-0.00999900014997503,0.7199280107982
54.3,-7.266,2.097,239.86,-0.00799920011998,-0.693930610408265,-0.00999900014997503,0.7199280107982
54.6,-7.262,2.097,239.858,-0.00799920011998,-0.693930610408265,-0.00999900014997503,0.7199280107982
54.9,-7.26,2.096,239.859,-0.00699941907232449,-0.693942405170457,-0.00899925309298858,0.719940247439091
55.2,-7.268,2.098,239.86,-0.00699941907232449,-0.693942405170457,-0.00899925309298858,0.719940247439091
55.5,-7.308,2.1,239.86,-0.00599954105266353,-0.693946915091415,-0.00899931157899541,0.719944926319624
55.7,-7.356,2.1,239.863,-0.00599959204161128,-0.693952812813038,-0.00799945605548172,0.719951044993354
56.1,-7.565,2.106,239.872,-0.00399971603024242,-0.6929508022395,-0.0059995740453636,0.720948814451196
56.4,-7.914,2.111,239.894,-0.00299944365479827,-0.688872226052002,-0.00399925820639772,0.724865549909581
56.7,-8.438,2.121,239.936,-0.00200007100378097,-0.67802407028175,-0.00400014200756205,0.735026093889508
57,-9.104,2.123,240.03,-0.0030005311410221,-0.660116851024863,-0.00600106228204425,0.751132962302533
57.3,-9.863,2.128,240.197,-0.00500285243906722,-0.631359977810284,-0.00700399341469419,0.77544212805542
57.6,-10.682,2.137,240.489,-0.0109963333341477,-0.590803000043752,-0.00399866666696277,0.806731000059743
58,-11.838,2.18,241.081,-0.0150022354996466,-0.513076454087913,-0.0120017883997172,0.858127870579784
58.3,-12.667,2.199,241.764,-0.019003934221618,-0.439090901225805,-0.0100020706429568,0.898185943737523
58.7,-13.657,2.267,242.981,-0.0119993100595068,-0.320981544091807,-0.0109993675545479,0.946945552196078
59,-14.255,2.307,244.183,-0.0160005280261374,-0.230007590375726,-0.00700023101143512,0.973032110589483
59.3,-14.705,2.354,245.594,-0.0139961236105655,-0.148958744141018,-0.00599833869024234,0.988726160774947
59.7,-15.088,2.413,247.789,-0.0139939838801193,-0.0679707788462939,-0.00599742166290829,0.997571136597079
60,-15.227,2.457,249.619,-0.0150035187377644,-0.0360084449706345,-0.00300070374755287,0.999234347935109
60.3,-15.323,2.514,251.596,-0.0149952472598086,-0.0199936630130781,-0.00299904945196172,0.999683150653907
60.6,-15.387,2.568,253.707,-0.0139972288230124,-0.0139972288230124,-0.0019996041175732,0.999802058786601
60.9,-15.446,2.632,255.967,-0.0169965075765027,-0.0109977401965606,-0.000999794563323689,0.999794563323687
61.3,-15.545,2.719,259.183,-0.0119979365323594,-0.013997592621086,-0.00199965608872657,0.999828044363283
61.5,-15.61,2.754,260.882,-0.00999829543592987,-0.0149974431538948,-0.00399931817437195,0.999829543592987
61.8,-15.695,2.83,263.539,-0.0209932727339604,-0.0139955151559736,-0.00199935930799623,0.999679653998117
62.1,-15.78,2.913,266.271,-0.0129972123968792,-0.0159965691038514,0.00199957113798142,0.999785568990711
62.4,-15.892,2.972,269.13,-0.0109977456931757,-0.0169965160712715,0,0.99979506301597
62.7,-16.004,3.048,272.109,-0.0199931135583645,-0.0169941465246098,0,0.999655677918223
63,-16.114,3.141,275.14,-0.0159956337878825,-0.0169953608996252,0.000999727111742657,0.999727111742658
63.4,-16.274,3.247,279.31,-0.017993757249164,-0.0189934104296731,0.00299895954152732,0.999653180509109
63.6,-16.364,3.297,281.421,-0.0149948876148364,-0.020992842660771,0.00399863669728972,0.99965917432243
63.9,-16.525,3.36,284.601,-0.0129954069353291,-0.0229918738086592,0.00299894006199903,0.999646687333008
64.2,-16.702,3.427,287.777,-0.0190096213031853,-0.0250126596094543,0.00100050638437817,0.999505877993794
64.4,-16.824,3.484,289.882,-0.019009145599079,-0.0260125150303186,0,0.999480865972626
64.7,-16.998,3.558,292.999,-0.0149932395730852,-0.025988281926681,0.000999549304872348,0.999549304872346
64.9,-17.116,3.6,295.067,-0.0149932470629547,-0.0259882949091215,0,0.999549804196982
65.2,-17.298,3.666,298.159,-0.0179914291255462,-0.0249880960077031,-0.00199904768061625,0.999523840308124
65.5,-17.475,3.759,301.251,-0.0230094358034158,-0.0250102563080607,-0.00500205126161213,0.999409842070104
65.799999999,-17.654,3.855,304.323,-0.0169918034317894,-0.0239884283742909,-0.00999517848928789,0.999517848928789
66,-17.774,3.907,306.352,-0.0159921977108114,-0.0239882965662171,-0.0119941482831086,0.999512356925712
66.299999999,-17.938,3.979,309.439,-0.0180086011610721,-0.0240114682147628,-0.0120057341073814,0.999477364439503
66.6,-18.103,4.073,312.54,-0.0190084891860557,-0.0240107231823861,-0.0130058083904591,0.999446352466821
66.9,-18.261,4.164,315.668,-0.0190093644185323,-0.0220108430109322,-0.0130064072337326,0.999492371269147
67.1,-18.363,4.23,317.787,-0.0189906114633734,-0.0219891290628534,-0.01199407039792,0.999505866493336
67.4,-18.518,4.321,320.995,-0.0169919986525085,-0.0219896453150109,-0.0129938813225065,0.999529332500497
67.6,-18.624,4.388,323.16,-0.0210097718163704,-0.0220102371409595,-0.0120055838950688,0.999464859264477
67.9,-18.773,4.493,326.402,-0.0230104491163869,-0.0210095404975707,-0.0110049974034894,0.99945385509872
68.2,-18.916,4.596,329.61,-0.0199907863707353,-0.0209903256892721,-0.0089958538668309,0.999539318536767
68.4,-19.009,4.662,331.733,-0.022010809962189,-0.022010809962189,-0.00700343953342377,0.999490870555764
68.6,-19.1,4.737,333.849,-0.0250110197818557,-0.022009697408033,-0.00300132237382268,0.999440350482952
68.799999999,-19.194,4.807,335.956,-0.0219893487401783,-0.0219893487401783,-0.000999515851826285,0.999515851826287
69.1,-19.341,4.912,339.066,-0.0230107830784003,-0.0230107830784003,0.00200093765899133,0.999468360666171
69.299999999,-19.438,4.978,341.097,-0.0260095082131955,-0.0240087768121805,0.00400146280203009,0.999365334807014
69.6,-19.592,5.085,344.075,-0.0250082791108054,-0.0260086102752376,0.00600198698659329,0.999330833267782
69.799999999,-19.705,5.157,346.007,-0.0240080320302959,-0.0270090360340829,0.00500167333964499,0.999334333261069
70.1,-19.875,5.253,348.82,-0.0260066845770148,-0.0280071987752468,0.00500128549557977,0.99925684201684
70.299999999,-19.99,5.317,350.623,-0.0240075635739764,-0.0280088241696391,0.00300094544674704,0.999314833766767
70.6,-20.144,5.404,353.238,-0.0240088609048125,-0.0260095993135469,0.00300110761310157,0.999368835162823
70.9,-20.264,5.486,355.68,-0.0260093910855789,-0.0240086686943805,0.00500180597799594,0.99936083440359
71.2,-20.367,5.567,357.926,-0.0280103377222813,-0.021007753291711,0.00600221522620314,0.999368835162823
71.5,-20.455,5.634,359.968,-0.0239883325136581,-0.0189907632399793,0.00599708312841453,0.999513854735755
71.7,-20.507,5.682,361.214,-0.0229899096440135,-0.0179921031996627,0.00499780644435076,0.999561288870151
72.1,-20.601,5.75,363.447,-0.0260116818683273,-0.0200089860525595,0.00500224651313987,0.999448853325347
72.4,-20.702,5.804,364.889,-0.0230041986494153,-0.033006024149161,0.0040007301998983,0.999182367424601
72.7,-20.877,5.845,366.222,-0.0219976573742278,-0.0609935045376317,0.00199978703402072,0.997893729976335
73,-21.155,5.887,367.506,-0.0260005590180284,-0.1060022790735,0.0030000645020802,0.994021371689239
73.299999999,-21.591,5.932,368.683,-0.0270019577129038,-0.170012326340506,0.00100007250788532,0.985071420267048
73.6,-22.185,5.989,369.774,-0.0329908792826432,-0.241933114739384,0,0.969731906186786
73.9,-22.994,6.064,370.768,-0.0359898163227671,-0.322908629784827,-0.00499858560038431,0.945732395592714
74.299999999,-24.353,6.17,371.96,-0.0440148575220438,-0.437147562207571,0.00400135068382218,0.898303228518075
74.6,-25.632,6.251,372.653,-0.0419982151137857,-0.524977688922321,0.0139994050379285,0.849963877302806
75,-27.651,6.326,373.178,-0.041999874000567,-0.634998095008572,0.023999928000324,0.770997687010409
75.299999999,-29.332,6.367,373.204,-0.0360017821323244,-0.696034454558272,0.0100004950367567,0.717035494135461
75.6,-31.111,6.423,373.077,-0.035989258809129,-0.728782490884862,0.00199940326717378,0.683795917373451
76,-33.578,6.503,372.802,-0.0230011500862572,-0.741037052778982,0.00700035002625225,0.67103355251646
76.299999999,-35.576,6.538,372.618,-0.0270000810003645,-0.74000222000999,0.00900002700012147,0.672002016009072
76.6,-37.659,6.576,372.403,-0.0249867854847937,-0.738609378930505,0.00599682851635051,0.673643736670042
76.9,-39.874,6.62,372.192,-0.0199968207582291,-0.734883162864918,0.00299952311373437,0.677892223703966
77.2,-42.241,6.677,372.003,-0.0220013861309908,-0.730045994346512,-0.00100006300595419,0.683043033066668
77.4,-43.901,6.722,371.887,-0.0200039011411209,-0.7281420015368,-0.00100019505705613,0.68513361408339
77.7,-46.498,6.8,371.738,-0.0250049639780734,-0.725143955364128,-0.00300059567736878,0.688136608676579
77.9,-48.303,6.866,371.646,-0.0290044235119041,-0.723110282727815,-0.00500076267446639,0.690105249076338
78.2,-51.028,6.966,371.517,-0.0240084404504883,-0.721253565200087,-0.00400140674174804,0.692243366322413
78.5,-53.796,7.054,371.393,-0.0250081790120241,-0.721235882706776,-0.00400130864192394,0.692226395052827
78.7,-55.656,7.11,371.3,-0.0250073157099242,-0.722211277702612,-0.0050014631419848,0.691202206222307
79,-58.419,7.193,371.155,-0.0250063774394743,-0.723184435549597,-0.00600153058547377,0.690176017329491
79.2,-60.245,7.246,371.053,-0.0240058941706172,-0.724177807480284,-0.00600147354265423,0.689169211814801
79.5,-62.981,7.329,370.886,-0.0250012750975458,-0.728037130840533,-0.00800040803121463,0.685034937672755
79.8,-65.69,7.433,370.673,-0.021999241039276,-0.730974781805034,-0.00999965501785265,0.681976472217556
80.1,-68.377,7.515,370.457,-0.0199983002167193,-0.732937702942762,-0.00899923509752354,0.679942207368456
80.3,-70.176,7.567,370.313,-0.0219969976147244,-0.732899965981499,-0.00999863527942014,0.679907199000572
80.6,-72.841,7.643,370.1,-0.0190014251603325,-0.730054756160145,-0.0100007500843856,0.683051230763533
80.9,-75.504,7.727,369.924,-0.0200046216014466,-0.725167533052438,-0.0130030040409404,0.688158983089762
81.2,-78.147,7.817,369.794,-0.0209934825353521,-0.719776544069215,-0.0119962757344868,0.693784613311161
81.4,-79.901,7.879,369.728,-0.0200099173716955,-0.716355041906701,-0.0120059504230174,0.69734562040359
81.7,-82.524,7.964,369.664,-0.0199972605629414,-0.710902613012569,-0.0119983563377649,0.702903708787393
82,-85.123,8.061,369.647,-0.0229954473520918,-0.706860055562127,-0.0129974267642258,0.706860055562127
82.4,-88.415,8.18,369.662,-0.0249947266689506,-0.703851502997649,-0.00899810160082221,0.709850237398197
82.7,-90.67,8.246,369.673,-0.0269935088415916,-0.703830749054832,-0.00599855752035371,0.709829306575185
83,-92.725,8.304,369.672,-0.0300118570257504,-0.707279430573519,-0.00500197617095845,0.706279035339327
83.3,-94.569,8.363,369.636,-0.0310102505820061,-0.713235763386139,-0.00300099199180715,0.700231464754975
83.5,-95.759,8.399,369.595,-0.0309852700053365,-0.71865835915603,-0.00199904967776352,0.694669763022866
83.9,-98.12,8.472,369.449,-0.0279988520705972,-0.728970112838048,-0.000999959002521349,0.683971957724588
84.2,-99.854,8.519,369.299,-0.0249932777123215,-0.734802364742252,0.00199946221698582,0.677817691558159
84.4,-101.032,8.546,369.181,-0.0230062930818545,-0.738201925843855,0.0020005472245091,0.674184414659564
84.7,-102.842,8.578,368.987,-0.0229982981888987,-0.74294502410225,0.00299977802463907,0.668950499494488
85,-104.708,8.619,368.757,-0.01799784938549,-0.744910988455002,0.000999880521416269,0.666920307784545
85.4,-107.342,8.673,368.443,-0.0209961055835879,-0.744861840941569,-0.00399925820639757,0.666876305916815
85.7,-109.473,8.76,368.193,-0.0280100574162428,-0.743266880723872,-0.0150053879015588,0.668239941216078
86.1,-112.455,8.888,367.865,-0.0190054648568325,-0.738212266544335,-0.0120034514885259,0.674193858605531
86.4,-114.887,9.006,367.659,-0.024991529307104,-0.733751300456575,-0.0159945787565465,0.678769935980947
86.8,-118.311,9.158,367.381,-0.0150020779317003,-0.728100848951853,-0.0170023549892602,0.685094892214313
87.1,-121.02,9.254,367.224,-0.00699900971018406,-0.720898000148958,-0.0119983023603156,0.692901961308222
87.4,-123.87,9.325,367.158,-0.0149990925823473,-0.713956806919733,-0.00999939505489832,0.699957653842875
87.7,-126.809,9.435,367.126,-0.0189982142517866,-0.708933363395614,-0.0109989661457713,0.704933739342606
88,-129.783,9.53,367.114,-0.020997868824466,-0.706928250423688,-0.00799918812360606,0.706928250423689
88.3,-132.774,9.641,367.084,-0.0239948896327044,-0.708849031232809,-0.0119974448163521,0.704849882960692
88.5,-134.769,9.717,367.049,-0.0229962863995955,-0.710885201309234,-0.00799870831290281,0.702886492996332
88.7,-136.752,9.774,367.019,-0.0220125286942552,-0.713406043591089,-0.00300170845830746,0.700398640271756
89,-139.728,9.865,366.941,-0.0280100153710629,-0.71625610734575,-0.00600214615094198,0.6972493112011
89.2,-141.672,9.935,366.857,-0.021994798845037,-0.717830253215299,-0.0069983450870572,0.695835454370262
89.5,-144.594,10.017,366.733,-0.0220091467010764,-0.720299346580682,-0.006002494554839,0.693288121083906
89.9,-148.472,10.155,366.552,-0.0300020852173864,-0.724050323246259,-0.00800055605796979,0.689047890492642
90.1,-150.377,10.228,366.43,-0.0239866910786527,-0.726596850590855,-0.00599667276966313,0.686619032126434
90.4,-153.247,10.327,366.256,-0.029997630280808,-0.727942494814275,-0.00699944706552193,0.684945891411783
90.7,-156.078,10.445,366.07,-0.0319935699385986,-0.728853515163699,-0.00899819154523086,0.683862557437545
90.9,-157.948,10.521,365.931,-0.0299968654913257,-0.727923935922836,-0.00999895516377511,0.684928428718603
91.2,-160.724,10.636,365.75,-0.0270011070680852,-0.727029808833256,-0.00800032802017332,0.686028127729867
91.5,-163.466,10.752,365.594,-0.030998357130607,-0.725961525058731,-0.00999947004213132,0.686963591894419
91.7,-165.265,10.83,365.491,-0.0329970468964482,-0.724935121209848,-0.0109990156321494,0.687938432265345
91.9,-167.005,10.909,365.395,-0.0319996640052919,-0.723992398119729,-0.00999989500165358,0.688992765613942
92.2,-169.529,11.033,365.266,-0.0329989770475671,-0.722977588042151,-0.0119996280172972,0.689978610994583
92.4,-171.115,11.09,365.19,-0.0320017761478657,-0.72304012984084,-0.00600033302772482,0.690038298188354
92.7,-173.351,11.193,365.091,-0.0390193779329104,-0.723359237063953,-0.00600298122044782,0.689342343481416
92.9,-174.74,11.248,365.008,-0.0380190142618854,-0.724362271726448,-0.00600300225187654,0.688344258215188
93.2,-176.645,11.321,364.876,-0.0299994900130046,-0.726987641315146,-0.00299994900130055,0.685988338297373
93.4,-177.854,11.367,364.774,-0.0310151856509743,-0.73035759758746,-0.00600293915825308,0.682334084321435
93.6,-179.014,11.402,364.671,-0.0330050831742434,-0.735113216153603,-0.00700107824908175,0.677104282089781
93.9,-180.651,11.465,364.472,-0.0329853247949732,-0.751665583206661,-0.00399822118726947,0.658706940602646
94.1,-181.693,11.5,364.265,-0.0330039277011086,-0.7700916463592,-0.00200023804249148,0.63707581653352
94.3,-182.722,11.528,363.979,-0.0329803825068774,-0.79352799122608,-0.000999405530511373,0.607638562550953
94.5,-183.691,11.552,363.612,-0.0339897706183342,-0.821752689655021,0.000999699135833454,0.568828808289181
94.9,-185.424,11.587,362.573,-0.0339981301542609,-0.880951548997171,0.00299983501361123,0.471974042141504
95.2,-186.508,11.603,361.512,-0.0309945764236473,-0.922838517387949,0.00199965009184815,0.383932817634856
95.4,-187.125,11.604,360.676,-0.0310071324607933,-0.947217885173267,0.00300069023814147,0.319073395322357
95.7,-187.838,11.611,359.226,-0.0260094821846995,-0.975355581926233,0.00300109409823487,0.219079869171123
96,-188.31,11.59,357.605,-0.0289921876579975,-0.991732764025292,0.00299919182668992,0.124966326112058
96.2,-188.475,11.578,356.445,-0.0249946767007337,-0.996787706825262,0.00399914827211746,0.0759838171702306
96.5,-188.594,11.557,354.591,-0.0210061031595806,-0.999290336020048,0.0040011625065868,0.0310090094260475
96.7,-188.631,11.528,353.285,-0.0219919853817264,-0.999635699169383,0.0069974498941854,0.0139948997883714
97,-188.62,11.486,351.268,0.0239888597613606,0.999535823390027,-0.0169921089976301,0.00799628658712022
97.2,-188.557,11.433,349.867,0.0230093667187699,0.999406841393526,-0.0160065159782744,0.0200081449728434
97.5,-188.415,11.344,347.65,0.0200041012611809,0.999204857995986,-0.0170034860720033,0.0300061518917714
97.7,-188.307,11.286,346.124,0.0190018337654418,0.999096417456651,-0.0170016407375006,0.0340032814750011
97.9,-188.182,11.227,344.548,0.0179996220119066,0.998979021660815,-0.0139997060092606,0.0389991810257976
98.2,-187.943,11.141,342.085,0.0149959666273929,0.998731377384367,-0.0139962355189003,0.0459876309906715
98.4,-187.763,11.082,340.381,0.0129950433362705,0.998619099456483,-0.0169935182089698,0.0479816984723835
98.7,-187.491,10.974,337.708,0.0119968992022825,0.99874185859002,-0.0159958656030431,0.0459881136087497
98.9,-187.307,10.898,335.875,0.00999853532185517,0.998853678653331,-0.0159976565149688,0.0439935554161627
99.2,-187.056,10.799,333.096,0.00800098018011175,0.999122399991458,-0.0130015927926817,0.0390047783780449
99.4,-186.905,10.745,331.203,0.00700186274326752,0.999265840074894,-0.00700186274326748,0.0370098459286998
99.6,-186.75,10.696,329.318,0.00600214014451029,0.999356334060965,-0.0050017834537585,0.0350124841763101
100,-186.482,10.608,325.62,0.00600304431539759,0.999506878513699,-0.00700355170129655,0.030015221576988
100.2,-186.368,10.556,323.758,0.00599717899077122,0.999529831795202,-0.00799623865436168,0.0289863651220609
100.5,-186.188,10.481,320.973,0,0.999612225670071,-0.00999612225670101,0.0259899178674219
100.7,-186.07,10.435,319.086,-0.0029990974075001,0.999699135833359,-0.00799759308666688,0.0229930801241673
101,-185.947,10.359,316.234,0.00299929075159596,0.999763583865319,-0.00799810867092256,0.0199952716773064
101.2,-185.865,10.321,314.319,0.00199958612850265,0.999793064251334,-0.00699855144975934,0.0189960682207754
101.5,-185.726,10.267,311.441,0,0.999811553281636,-0.00399924621312648,0.0189964195123511
101.7,-185.631,10.222,309.554,-0.000999749594086112,0.999749594086095,-0.0099974959408609,0.0199949918817219
102,-185.494,10.138,306.701,0.000999738602528688,0.99973860252869,-0.00899764742275823,0.0209945106531025
102.3,-185.366,10.052,303.886,0,0.999779073234526,-0.00899801165911086,0.018995802391456
102.6,-185.259,9.973,301.096,0,0.999852032847898,-0.00999852032847916,0.0139979284598706
102.9,-185.175,9.898,298.312,0.0019997630421185,0.999881521059216,-0.00799905216847379,0.0129984597737698
103.2,-185.085,9.819,295.527,0.00299955160055107,0.999850533517023,-0.010998355868687,0.0129980569357213
103.4,-185.029,9.765,293.673,0.00799818861539469,0.999773576924337,-0.00999773576924348,0.0169961508077137
103.7,-184.882,9.682,290.872,0.00499825591297646,0.999651182595293,-0.0119958141911434,0.0229919771996917
103.9,-184.777,9.627,288.985,0.00399868864515131,0.999672161287832,-0.00799737729030264,0.023992131870908
104.2,-184.634,9.558,286.162,0.00699713875525404,0.999591250750578,-0.0119950950090073,0.0249897812687644
104.5,-184.471,9.472,283.29,0.0069974184288118,0.999631204115973,-0.00799704963292788,0.0249907801028993
104.8,-184.318,9.404,280.397,0.00799743323583084,0.999679154478856,-0.00699775408135197,0.0229926205530137
105.1,-184.19,9.344,277.461,0.0109972125598793,0.999746596352667,-0.00499873298176306,0.0189951853307007
105.4,-184.065,9.292,274.511,0.00999797561488623,0.999797561488623,-0.00399919024595498,0.0169965585453066
105.7,-183.947,9.226,271.555,0.0109972620225921,0.999751092962921,-0.00399900437185197,0.0189952707662955
105.9,-183.841,9.205,269.58,0.00999685148759403,0.999685148759403,-0.000999685148759554,0.0229927584214663
106.2,-183.683,9.14,266.627,0.00999605733291991,0.999605733291991,-0.00799684586633599,0.0249901433322998
106.5,-183.496,9.098,263.666,0.00599767934705219,0.999613224508696,-0.00299883967352609,0.0269895570617348
106.7,-183.367,9.063,261.676,0.00599726287410442,0.999543812350737,-0.00599726287410402,0.0289867705581714
107,-183.176,8.941,258.694,0.0110031088174234,0.999282337146001,-0.0170048045360181,0.0320090438325045
107.2,-183.024,8.878,256.646,0.0110037033693806,0.999336333273744,-0.00700235668960595,0.0340114467780854
107.6,-182.744,8.788,252.641,0.0110046945035222,0.999426346274426,-0.00800341418437949,0.0310132299644717
107.9,-182.564,8.698,249.665,0.015006251405837,0.999416343628746,-0.0100041676038914,0.0290120860512849
108.2,-182.392,8.619,246.713,0.0159922616176126,0.99951635110079,-0.00599709810660513,0.0259874251286205
108.5,-182.225,8.537,243.812,0.0149936290611859,0.999575270745729,-0.00699702689522013,0.0239898064978975
108.7,-182.127,8.488,241.902,0.0149941609112662,0.999610727417748,-0.0049980536370884,0.0229910467306082
109.1,-181.967,8.415,238.243,0.0240105429430362,0.999438850003881,-0.00400175715717265,0.023010103653743
109.4,-181.818,8.349,235.628,0.0159934360414811,0.999589752592565,-0.00899630777333301,0.0219909745570364
109.7,-181.702,8.273,233.109,0.012997004535642,0.999769579664771,-0.00599861747798865,0.0159963132746363
110,-181.626,8.206,230.723,0.0119984403041341,0.999870025344509,-0.00399948010137795,0.00999870025344509
110.4,-181.577,8.142,227.793,0.0129987391834459,0.999903014111219,-0.00299970904233383,0.00399961205644487
110.7,-181.567,8.096,225.832,0.0159978484340687,0.999865527129293,-0.00299959658138766,0.00199973105425859
111,-181.556,8.053,224.057,0.0199953516210593,0.999767581052967,-0.00399907032421158,0.00699837306737077
111.5,-181.444,7.987,221.563,0.0220029155794842,0.999132393813852,-0.00500066263170078,0.0350046384219067
111.8,-181.252,7.949,220.222,0.021999802002673,0.996991027121134,-0.0069999370008508,0.0739993340089908
112.1,-180.892,7.905,218.956,0.0200095568456357,0.990473063858967,-0.0070033448959724,0.136064986550323
112.4,-180.349,7.865,217.816,0.0119999220007605,0.97799364306198,-0.0109999285006971,0.207998648013182
112.6,-179.904,7.835,217.093,0.011002778552421,0.966244007421701,-0.0130032837437703,0.257064917088382
112.9,-179.037,7.787,216,0.00899847039003949,0.942839730867471,-0.0109981304767149,0.332943404431461
113.2,-177.929,7.729,214.99,0.00999737603314176,0.9097612190159,-0.00999737603314153,0.414891105375383
113.5,-176.563,7.687,214.149,0.00900209773318623,0.869202547793203,-0.0160037293034423,0.494115142243777
113.8,-174.931,7.607,213.467,0.00899901016332006,0.824909264971005,-0.0169981303084934,0.56493786025287
114.1,-173.114,7.555,213.064,-0.00100011451966913,0.777088981782913,-0.0200022903933825,0.629072032871882
114.4,-171.151,7.483,212.844,-0.0030001290083211,0.742031908058084,-0.0210009030582476,0.670028811858378
114.7,-169.084,7.421,212.763,-0.00300066772286077,0.721160476060872,-0.0290064546543207,0.692154021406551
115,-166.901,7.339,212.715,-0.00499923767437756,0.713891139901115,-0.0219966457672612,0.699893274412858
115.3,-164.666,7.257,212.703,0.00299923679134255,0.70981937395107,-0.0279928767191972,0.703820900368385
115.6,-162.311,7.161,212.697,-0,0.707950091277786,-0.0209985196565446,0.705950232262876
116,-159.075,7.044,212.718,0.00399981401297249,0.703967266283159,-0.0189991165616193,0.709966987302618
116.3,-156.547,6.95,212.763,0.00299973003644453,0.702936738540169,-0.0209981102551118,0.710936018637354
116.6,-153.918,6.855,212.808,0.00200002300039676,0.702008073139262,-0.0150001725029758,0.712008188141246
116.9,-151.241,6.765,212.864,0.00599980500950574,0.697977316105834,-0.0129995775205959,0.715976731134351
117.2,-148.53,6.677,212.968,0.00399965404488703,0.693939976787899,-0.0109990486234394,0.719937728079665
117.6,-144.923,6.574,213.174,0.00100040524620369,0.686277998895733,-0.00800324196962966,0.727294613990085
118,-141.331,6.469,213.459,0,0.679002376512477,-0.0140000490002572,0.734002569013487
118.3,-138.647,6.397,213.703,-0.00399963804913409,0.677938649328228,-0.0159985521965363,0.734933491528389
118.7,-135.132,6.297,214.041,-0.00899795769537842,0.678845919462439,-0.0239945538543425,0.733833438711973
119,-132.577,6.208,214.259,-0.00899797568318131,0.680846826694052,-0.027993702125453,0.731835355565413
119.4,-129.355,6.082,214.509,-0.0129985767337672,0.684925004817734,-0.0289968250214808,0.727920297090964
119.7,-127.117,5.996,214.652,-0.0120007620725882,0.690043819173821,-0.0300019051814705,0.723045914873438
120,-125.083,5.916,214.735,-0.0100027711514666,0.696192872142076,-0.0290080363392531,0.717198691560156
120.4,-122.581,5.796,214.776,-0.00399898838389213,0.704821702660988,-0.0279929186872449,0.70882069104488
120.7,-120.759,5.72,214.779,-0.00500191610087024,0.710272086323575,-0.0300114966052214,0.703269403782357
121.2,-117.749,5.611,214.756,-0.013997592621086,0.711877567586658,-0.0199965608872657,0.701879287143024
121.6,-115.388,5.55,214.737,-0.0050000050000075,0.702000702001053,-0.0150000150000224,0.712000712001068
122,-113.088,5.483,214.883,0.00199913556076455,0.671709548416888,-0.0139939489253518,0.740679725263265
122.4,-110.888,5.411,215.32,0.00100007500843855,0.623046730257219,-0.0140010501181397,0.78205865659895
122.9,-108.337,5.351,216.351,-0.00700283672342585,0.529214375241754,-0.0140056734468517,0.848343648780732
123.3,-106.591,5.32,217.602,0,0.433091175289608,-0.0170035796303079,0.90118972040632
123.8,-104.867,5.282,219.612,-0.00299913937048329,0.309911068283273,-0.00799770498795547,0.950727180443203
124.2,-103.912,5.263,221.488,-0.00200070036771451,0.216075639713167,-0.00800280147085805,0.976341779444679
124.6,-103.312,5.263,223.485,-0.00999618218746736,0.141945787062036,-0.0199923643749347,0.989622036559268
125,-102.893,5.281,225.516,-0.012000084000882,0.113000791008306,-0.032000224002352,0.993006951072986
125.5,-102.324,5.288,227.946,-0.00799601098552914,0.117941162036555,-0.0309845425689254,0.992504863578804
126,-101.584,5.304,230.185,-0.0180030877943578,0.185031735664233,-0.0280048032356677,0.982168456336632
126.5,-100.489,5.262,231.861,-0.0050019911888186,0.307122258993462,-0.0230091594685655,0.951378724113299
127,-99.006,5.245,233.065,-0.00699934909080043,0.445958527785284,-0.0139986981816009,0.894916776609483
127.5,-97.347,5.217,233.841,-0.00599982900730991,0.555984154677385,-0.0179994870219298,0.830976317512422
128,-95.337,5.167,234.303,-0.00399900637036011,0.630843254924308,-0.0119970191110803,0.775807235849862
128.5,-93.005,5.12,234.625,0.00199952416986462,0.665841548564919,-0.0199952416986462,0.745822515359504
129,-90.211,5.023,234.831,0.00399732069441066,0.679544518049813,-0.0129912922568346,0.733508347424357
129.4,-87.69,4.964,235.033,0.00300054314746899,0.682123475524616,-0.012002172589876,0.731132346933277
129.9,-84.173,4.863,235.277,0.00400120654568772,0.686206922585443,-0.0160048261827509,0.727219289678742
130.3,-81.102,4.767,235.453,0.00299927876017684,0.689834114840673,-0.0139966342141585,0.723825940789344
130.8,-77.072,4.65,235.635,0.00400233404131758,0.69340437265827,-0.0130075856342821,0.720420127437164
131.2,-73.698,4.537,235.776,0.00599910020244939,0.695895623484129,-0.0179973006073482,0.717892324226444
131.599999999,-70.213,4.401,235.891,0.00599950206199242,0.694942322180789,-0.0119990041239848,0.718940330428759
132,-66.671,4.275,236.042,0.00899824101580531,0.690864949102385,-0.00999804557311694,0.72285869493636
132.4,-63.152,4.132,236.25,0.00899720230505706,0.687786131764362,-0.0109965805950698,0.725774319274603
132.8,-59.663,4.017,236.46,0.00700247230916475,0.685241933111122,-0.00600211912214127,0.728257120153134
133.2,-56.258,3.888,236.687,0.011994657569814,0.684695036276883,-0.00899599317736052,0.728675447366201
133.599999999,-52.898,3.757,236.901,0.0120035896100204,0.685204906905328,-0.00700209393917859,0.728217769674568
134.99999999,-48.791,3.594,237.194,0.0119937468910695,0.682644093883374,-0.00699635235312388,0.730619081447652
134.7,-44.013,3.393,237.558,0.0109934278945913,0.680593126928792,-0.00499701267935971,0.732562058794133
135.2,-40.352,3.234,237.886,0.00900018450567357,0.679013919928039,-0.00900018450567348,0.734015047462711
135.599999999,-37.557,3.118,238.143,0.00599965802923822,0.677961357303919,-0.0129992590633494,0.734958108581682
136.99999999,-34.19,2.975,238.428,0.00500061511349077,0.681083778457443,-0.012001476272378,0.732090052615048
136.5,-31.786,2.873,238.621,0.0050013530490244,0.685185367716343,-0.0150040591470732,0.728197003937952
137,-29.195,2.76,238.774,0,0.695931802024939,-0.0159984322304584,0.717929646341819
137.5,-27.026,2.675,238.787,0.00100002750113443,0.712019580807712,-0.014000385015882,0.702019305796368
137.9,-25.596,2.627,238.714,0.00100036519995914,0.727265500370298,-0.0120043823995096,0.686250527171974
138.4,-24.216,2.578,238.545,0.00299931323589447,0.747828766816354,-0.00699839755042064,0.663847996211309
138.9,-23.316,2.542,238.377,0.00599981700837183,0.769976516074384,-0.00899972551255763,0.637980541890204
139.4,-22.521,2.511,238.133,0.00800062807395668,0.793062257830955,-0.00700054956471194,0.609047812129952
139.8,-21.883,2.493,237.921,0.00899816905887583,0.813834401547214,-0.0129973553072651,0.580881802578539
140.3,-20.79,2.45,237.382,0.0119978105993302,0.855843822752221,-0.0139974456992187,0.516905673321143
140.8,-19.463,2.393,236.328,0.00900131878981113,0.909133197770925,-0.017002491047421,0.416060957395715
141.3,-18.212,2.317,234.639,0.0129980504386403,0.958856182358161,-0.0189971506410896,0.282957559548863
141.8,-17.337,2.222,232.255,0.0199993800288285,0.98896934242557,-0.0149995350216213,0.145995474210448
142.3,-16.857,2.146,229.276,0.0210011550952962,0.99805489452884,-0.00900049504084164,0.0580031902631991
142.8,-16.633,2.086,225.727,0.0219907218726417,0.99957826693826,-0.00599746960162978,0.0179924088048887
143.2,-16.565,2.045,222.518,0.0239920239778207,0.999667665742529,-0.00499833832871256,0.00799734132594023
143.599999999,-16.507,2.007,219.02,0.0259900607023086,0.999617719319563,-0.00499808859659803,0.00799694175455651
144.2,-16.379,1.921,213.262,0.0300128182106484,0.999426846414593,-0.00700299091581823,0.0140059818316359
144.599999999,-16.199,1.841,209.118,0.0280095528865793,0.999340833346168,-0.0070023882216449,0.0220075058394551
145.99999999,-15.902,1.726,203.658,0.0290049022427535,0.999168873810717,-0.00600101425712119,0.0280047331999
145.5,-15.606,1.636,199.166,0.0270028354465906,0.999104911523854,-0.00600063009924223,0.0320033605292926
146,-15.219,1.52,193.448,0.027002106246434,0.999077931118059,-0.0050003900456359,0.0330025743011972
146.4,-14.892,1.437,188.788,0.0240053537909096,0.999222851546613,-0.00400089229848501,0.0310069153132583
146.8,-14.594,1.358,184.028,0.0240076596653448,0.999318833569977,-0.00100031915272267,0.0280089362762356
147.3,-14.263,1.3,177.921,0.0250099684590423,0.99939833962333,-0.00100039873836145,0.0240095697206806
147.7,-14.039,1.23,172.941,0.0280106180367353,0.999378836382092,-0.00400151686239052,0.0210079635275515
148.99999999,-13.798,1.169,167.864,0.0250121338280738,0.99948486776983,-0.00200097070624524,0.0200097070624591
148.5,-13.585,1.087,162.737,0.0270116310112646,0.999430347416792,-0.00300129233458499,0.0200086155638997
149,-13.297,0.985,156.23,0.0270111443960693,0.999412342654565,-0.00200082551081985,0.0210086678636095
149.4,-13.043,0.903,151.022,0.0260103151353323,0.999396339238345,-0.00100039673597421,0.0230091249274093
149.9,-12.709,0.815,144.547,0.0260090657393906,0.99934833360197,-0.00100034868228426,0.0250087170571064
150.3,-12.42,0.723,139.381,0.0240083203247386,0.999346333517245,-0.00100034668019785,0.0270093603653309
150.8,-12.05,0.661,132.987,0.0240074794949755,0.999311333978356,0.00400124658249577,0.0280087260774715
151.2,-11.743,0.624,127.943,0.0260051755449514,0.999198860361787,0.00500099529710614,0.0300059717826362
151.7,-11.35,0.56,121.835,0.0250066526545269,0.999265840074894,0.00100026610618105,0.0290077170792512
152.2,-11.003,0.448,116.071,0.0230085147259644,0.999369835271238,0.00100037020547669,0.0270099955478713
152.5,-10.82,0.387,112.839,0.0230097236628054,0.999422345180114,2.22044604925031e-16,0.0250105691987015
153.99999999,-10.535,0.283,106.952,0.0250110823647754,0.999442851296423,0.00200088658918192,0.0220097524810023
153.4,-10.415,0.24,104.313,0.0239881887248636,0.999507863535985,0.00299852359060805,0.0199901572707197
153.8,-10.288,0.203,101.14,0.0280097350747017,0.999347333558106,0.00600208608743596,0.0220076489872656
154.1,-10.161,0.189,99.015,0.03398652701253,0.998604131926984,0.00599762241397585,0.0399841494265059
154.5,-9.796,0.164,96.489,0.0379937315513984,0.994835865622141,0.00499917520413132,0.0939844938376697
154.9,-9.101,0.118,94.309,0.0299892357961771,0.984646575307813,0.00299892357961766,0.171938285231415
155.3,-8.005,0.07,92.421,0.0129936152068034,0.962527034165512,0.0019990177241236,0.270866901618747
155.8,-6.178,0.025,90.504,0.00300083134543998,0.914253283244048,0.00400110846058677,0.405112231634398
156.2,-4.44,0.011,89.454,0.00200029206396356,0.860125587504333,0.00200029206396347,0.510074476310709
156.7,-1.996,-0.018,88.739,-0.000999838539112848,0.783873414664472,-0.00499919269556416,0.620899732789078
157.1,0.072,-0.063,88.497,0,0.7416778109715,-0.00799652626384369,0.670708640379887
157.6,2.85,-0.123,88.352,0.00299981101785862,0.71995464428607,-0.00899943305357588,0.693956282131295
158,5.271,-0.178,88.273,0.00499999750000187,0.717999641000269,-0.00599999700000216,0.695999652000261
158.4,7.878,-0.228,88.183,0.0070000070000105,0.718000718001077,-0.00300000300000465,0.696000696001044
158.8,10.75,-0.285,88.088,0.0130000065000049,0.715000357500268,0.00200000100000076,0.699000349500262
159.2,13.856,-0.336,88.046,0.0159997200073498,0.702987697822931,0.00699987750321547,0.710987557826606
159.6,17.189,-0.396,88.202,0.0149956518913359,0.688800276875361,0.00299913037826725,0.724789841414567
160,20.68,-0.484,88.498,0.00800174056788086,0.682148383411843,-0.00400087028394044,0.731159044390114
160.4,24.17,-0.584,88.763,0.00199956913927073,0.688851568478766,-0.00899806112671826,0.724843812985639
160.8,27.613,-0.673,88.879,-0.00200018002430365,0.704063368554883,-0.0100009001215182,0.710063908627794
161.4,32.71,-0.8,88.735,0.000999685148759403,0.727770788296845,-0.00699779604131571,0.685784012048951
161.7,35.247,-0.866,88.557,0.00300019501901456,0.734047714652229,-0.00800052005070549,0.679044139303629
162.1,38.698,-0.954,88.291,0.0050002425176433,0.734035601590037,-0.00900043653175804,0.67903293389596
162.5,42.258,-1.037,88.048,0.00200047516928576,0.731173674373945,-0.0060014255078572,0.682162032726444
162.9,45.893,-1.111,87.844,-0.00299990700432428,0.734977216059448,-0.0119996280172971,0.677978982977287
163.3,49.489,-1.215,87.499,-0.0060027198482765,0.753341340958701,-0.0200090661609216,0.657297823386277
163.7,53.004,-1.311,86.85,-0.00499952256839099,0.778925616155316,-0.0139986631914948,0.62694013007623
164.1,56.392,-1.416,85.931,0.00199873021029891,0.802490179435012,-0.00699555573604611,0.596620967774224
164.5,59.719,-1.46,84.81,-0.00199956913927073,0.816823993392093,0.00299935370890584,0.576875696679606
165,63.875,-1.505,83.297,0.0059991061997594,0.818877996267157,-0.00499925516646616,0.573914493110315
165.4,67.339,-1.566,82.022,0.00200003900114079,0.823016048969434,0.00200003900114084,0.568011076323984
165.8,70.809,-1.605,80.619,0.0050019361239925,0.836323719931546,-0.00100038722479843,0.548212199189578
166.2,74.255,-1.688,78.977,0.0090012827741995,0.849121008366153,-0.0070009977132664,0.52807525608637
166.6,77.751,-1.782,77.209,0.00900216978440858,0.852205406257345,-0.00200048217431301,0.523126088582854
166.9,80.424,-1.841,75.872,0.00700314161367866,0.853382828066842,-0.00200089760390808,0.521233825818083
167.3,83.93,-1.923,74.084,-0,0.859679399364908,-0.00499813604281934,0.510809503576126
167.7,87.293,-1.992,72.16,-0.00400094033147983,0.872204992262603,-0.00300070524860997,0.489114955523409
168.1,90.478,-2.057,70.072,-0.00399947010531424,0.886882495853433,-0.00599920515797103,0.461938797163795
168.5,93.474,-2.123,67.846,-0.00299852059503949,0.899556178511848,-0.00299852059503952,0.436784500010752
168.8,95.608,-2.165,66.106,0.00199949419194606,0.904771121855594,-0.000999747095972726,0.425892262884512
169.3,98.96,-2.234,63.325,0.00600124538764031,0.904187638404474,0.00200041512921353,0.427088630087069
169.7,101.403,-2.288,61.394,0.00799950004687012,0.898943817767029,0.00399975002343492,0.437972627566139
170.1,103.638,-2.34,59.708,0.00799992000119998,0.895991040134398,0.00199998000030017,0.443995560066599
170.5,105.774,-2.393,58.054,0.0119988601624243,0.898914607168286,0.000999905013534996,0.437958395928487
170.8,107.354,-2.414,56.796,0.00599881834916636,0.902822161549537,0.00699862140736069,0.429915315023589
171.3,109.965,-2.45,54.651,0.00500052258191614,0.906094691843205,-0.0010001045163832,0.423044210430105
171.7,112.18,-2.466,52.811,0.00300047411236759,0.905143023897556,0.00500079018727926,0.425067165918742
172.1,114.541,-2.463,50.969,-0,0.897991020134698,0.00399996000060017,0.439995600065999
172.5,117.099,-2.457,49.147,-0.0119989561362222,0.892922319137206,-0.00899921710216662,0.449960855108334
172.9,119.821,-2.497,47.208,-0.0159971767474341,0.890842780122738,-0.00999823546714626,0.453919890208444
173.4,123.392,-2.531,44.607,-0.0139984042728642,0.891898329385345,-0.00799908815592254,0.451948480809614
173.8,126.417,-2.543,42.407,-0.0180049070058297,0.893243442011442,-0.00900245350291467,0.449122402534309
174.2,129.537,-2.546,40.103,-0.023993786413874,0.894768285017386,-0.00099974110057831,0.445884530857826
174.5,131.884,-2.533,38.393,-0.0260025743823021,0.89408851914531,-0.00900089113233542,0.447044259572655
174.8,134.214,-2.539,36.65,-0.0220046874977087,0.89219005672528,-0.00500106534038827,0.451096093703028
175.2,137.305,-2.541,34.4,-0.0140043770518499,0.889277942792472,-0.00300093793968219,0.457142879478245
175.5,139.661,-2.535,32.744,-0.0200047516928576,0.890211450332163,0,0.45510810101251
175.8,141.98,-2.497,31.099,-0.024992478395834,0.891731629163356,-0.00299909740750008,0.451864009396678
176.1,144.263,-2.522,29.439,-0.0230034507764441,0.893133980146286,-0.0110016503713426,0.449067365157539
176.4,146.507,-2.515,27.766,-0.0219951615966146,0.893803384880611,-0.00399912029029364,0.447901472512879
176.8,149.469,-2.541,25.603,-0.0210044954430887,0.893191163365629,-0.00900192661846653,0.449096116854611
177.1,151.609,-2.551,24.028,-0.0219952385462263,0.893806511833015,-0.00299935071084904,0.447903039486791
177.4,153.596,-2.576,22.546,-0.0149977654993985,0.895866525830736,-0.0109983613662255,0.443933858782195
177.6,154.854,-2.596,21.564,-0.0170049746827485,0.898262780300479,0.00100029262839689,0.43912846386627
177.9,156.556,-2.601,20.226,-0.0140035713661056,0.901229842918653,-0.00200051019515788,0.433110457251695
178.1,157.588,-2.616,19.384,-0.0100024959341422,0.902225133259627,-0.00600149756048504,0.431107574761529
178.4,159.027,-2.637,18.223,-0.00200001900027075,0.897008521621433,0.00200001900027041,0.442004199059837
178.7,160.471,-2.661,17.216,0.0090015934230663,0.877155270225461,0.00600106228204447,0.480084982563536
179,162.012,-2.67,16.455,0.00599899525243578,0.844858498051372,0.00699882779450839,0.534910410008857
179.3,163.591,-2.698,15.909,0.0109980919965435,0.808859675018521,0.000999826545140324,0.587898008542509
179.6,165.277,-2.72,15.567,0.00900104868326096,0.769089604158631,0.00200023304072462,0.639074456511528
179.8,166.47,-2.735,15.458,0.000999959002521327,0.74596941588091,0.00299987700756419,0.665972695679204
180.1,168.303,-2.741,15.408,-0.00799938007206573,0.720944128994921,-0.000999922509008364,0.692946298742691
180.4,170.185,-2.738,15.432,-0.0149995875170148,0.710980448306504,-0.00999972501134334,0.702980668297429
180.7,172.143,-2.739,15.421,-0.0159991680648904,0.711962978887622,-0.00999948004055655,0.701963498847065
181,174.161,-2.736,15.385,-0.0150081215912659,0.718388753501928,-0.012006497273013,0.69537630039532
181.3,176.229,-2.752,15.299,-0.0110034170915928,0.725225217400434,-0.0170052809597342,0.688213723546895
181.6,178.388,-2.769,15.187,-0.0189983757083124,0.731937422025511,-0.0149987176644572,0.680941781966357
181.8,179.831,-2.779,15.082,-0.0179949890932092,0.734795387972708,-0.0179949890932092,0.677811255844212
182,181.307,-2.797,14.948,-0.0139970819126001,0.735846591976693,-0.0139970819126003,0.676858889630735
182.4,184.304,-2.811,14.725,-0.0169970937454331,0.734874347229017,-0.0119979485261882,0.677884091729624
182.6,185.837,-2.809,14.622,-0.0190097925654064,0.734378302263595,-0.0130067001763306,0.678349439965556
182.8,187.383,-2.815,14.52,-0.0219967667129223,0.732892272753276,-0.0109983833564609,0.679900062035781
183,188.917,-2.816,14.405,-0.0179987941211895,0.732950893935104,-0.0109992630740603,0.679954444578269
183.2,190.461,-2.814,14.306,-0.0189973880387047,0.732899233282659,-0.0149979379252934,0.679906519279957
183.4,192.029,-2.823,14.186,-0.0199963410043637,0.733865714860147,-0.0129976216528364,0.678875777098147
183.6,193.613,-2.814,14.079,-0.0189946917253905,0.734794653587474,-0.0169952504911389,0.677810578411303
183.9,196.017,-2.842,13.884,-0.0169921938799564,0.7376611225534,-0.0189912755128923,0.674690051115916
184.2,198.477,-2.861,13.664,-0.0160039854886418,0.739184079756643,-0.0140034873025617,0.673167639615996
184.4,200.156,-2.87,13.512,-0.0160047541180644,0.739219580828103,-0.0100029713237904,0.673199970091087
184.7,202.662,-2.879,13.273,-0.0119963716462825,0.738776553883565,-0.00799758109752169,0.673796207466202
184.9,204.344,-2.885,13.133,-0.0120059924857488,0.737368038499739,-0.00800399499049908,0.67533707732337
185.2,206.853,-2.891,12.94,-0.011007570307775,0.734505145991535,-0.00800550567838174,0.678466606242862
185.4,208.53,-2.91,12.838,-0.0100067317914563,0.733493440313744,-0.0150100976871845,0.679457088639881
185.6,210.217,-2.912,12.716,-0.0169988526161713,0.733950460015867,-0.00699952754783532,0.678954172140019
185.9,212.749,-2.926,12.554,-0.0189950049704528,0.734806771225411,-0.0159957936593287,0.677821756314053
186.1,214.474,-2.934,12.419,-0.0200085054225911,0.735312574280224,-0.0140059537958136,0.67728790855471
186.4,217.063,-2.931,12.214,-0.0189953846822152,0.735821217163705,-0.00999757088537657,0.676835548939984
186.6,218.79,-2.934,12.068,-0.0139984182680985,0.734916959075171,-0.0109987572106487,0.677923398983628
186.8,220.544,-2.929,11.925,-0.013999013104363,0.734948187979057,-0.00599957704472704,0.67795220605415
187.2,224.08,-2.918,11.679,-0.0189966663775504,0.734871041447346,-0.00899842091568183,0.677881042314695
187.5,226.751,-2.91,11.483,-0.0209925804339932,0.736739608564427,-0.010996113560663,0.675761160637114
187.7,228.559,-2.906,11.332,-0.0190072621614836,0.737281695421757,-0.00900343997122902,0.675257997842179
188,231.25,-2.907,11.096,-0.0179927863387274,0.738703839128863,-0.00899639316936371,0.673729888461236
188.2,233.071,-2.901,10.958,-0.0250013751134479,0.740040703358058,-0.00900049504084129,0.67203696304948
188.4,234.863,-2.883,10.81,-0.0250167418022731,0.740495557347283,-0.0140093754092729,0.671449349973009
188.6,236.611,-2.902,10.636,-0.0189881266390203,0.740536938921792,-0.0149906262939634,0.67158005796956
188.9,239.25,-2.892,10.395,-0.0190046472044317,0.739180751793422,-0.0100024458970692,0.673164608872765
189.1,240.987,-2.904,10.247,-0.0170061318159788,0.737265832257433,-0.0140050497308061,0.675243469163864
189.3,242.731,-2.899,10.102,-0.0190085843141644,0.73633252922237,-0.00800361444806919,0.676305420861851
189.5,244.446,-2.914,9.976,-0.0169968813583799,0.734865164612305,-0.0129976151564081,0.677875621234209
189.8,246.963,-2.918,9.786,-0.0189975494741666,0.733905332317803,-0.00999871024956141,0.678912425945216
190,248.642,-2.92,9.678,-0.0199995100180068,0.731982066659048,-0.00799980400720282,0.68098331611313
190.2,250.273,-2.925,9.559,-0.0160015602281871,0.731071282925297,-0.00800078011409349,0.682066504726474
190.5,252.63,-2.917,9.418,-0.0200019502852339,0.730071185411036,-0.00400039005704688,0.683066602240736
190.7,254.157,-2.918,9.332,-0.0210016171867875,0.730056216493088,-0.00400030803557857,0.68305259707504
191,256.327,-2.911,9.203,-0.0170012326340506,0.731053003264174,-0.00900065257096792,0.682049450377794
191.2,257.719,-2.915,9.098,-0.015999064082126,0.73395706476753,-0.007999532041063,0.678960281985222
191.5,259.702,-2.923,8.925,-0.0160017282799864,0.742080148984369,-0.00800086413999326,0.67007237172443
191.7,260.954,-2.927,8.766,-0.0160022964943322,0.750107648171823,-0.00600086118537456,0.6610948739221
192.2,263.852,-2.915,8.266,-0.0130007345622547,0.769043452182607,0.00600033902873295,0.63903610656006
192.4,264.868,-2.905,8.043,-0.00799820060727228,0.775825458905411,0.00699842553136335,0.630858072898601
192.6,265.806,-2.904,7.821,-0.00600168971351502,0.781219944375871,0.00800225295135319,0.624175730205562
192.9,267.05,-2.9,7.507,-0.00400028603067716,0.786056205028061,0.0110007865843623,0.618044191739621
193.1,267.767,-2.896,7.331,-0.00200044114591438,0.785173149771392,0.0130028674484433,0.619136534660499
193.4,268.692,-2.892,7.141,-0.0020002070321423,0.778080535503353,0.0110011386767826,0.628065008092681
193.6,269.242,-2.897,7.062,0,0.768196683529699,0.00800204878676769,0.640163902941416
193.9,270.039,-2.889,6.992,0,0.745942937547833,0.00899931157899541,0.665949056845652
194.1,270.55,-2.884,7.003,-0.000999794563323689,0.724851058409673,0.00799835650658961,0.68885845413002
194.4,271.32,-2.879,7.096,-0.00699744989418568,0.685750089630197,0.0099963569916938,0.727734788995311
194.7,272.05,-2.876,7.303,-0.0119944658307341,0.634707150209682,0.00499769409613925,0.772643507263124
195,272.827,-2.856,7.647,-0.0079973093580254,0.569808291759309,0.00499831834876596,0.821723536537109
195.3,273.606,-2.858,8.14,-0.00199996600086698,0.49299161921371,0.00899984700390138,0.869985210377134
195.6,274.342,-2.833,8.917,-0.00199895082615215,0.406786493121962,0.000999475413076101,0.913520527551532
195.8,274.813,-2.831,9.499,-0.00199993500316858,0.343988820544996,0.00199993500316859,0.938969483987648
196.2,275.56,-2.829,10.988,-0.00699970951808237,0.234990248107051,-0.00499979251291599,0.971959664510867
196.5,275.986,-2.809,12.35,-0.00500121794487242,0.176042871659509,-0.0160038974235917,0.984239691550893
196.7,276.28,-2.786,13.391,-0.00499938511344424,0.14798179935795,-0.0139982783176439,0.988878375439271
197,276.681,-2.784,15.135,-0.00499862306899062,0.110969432131592,-0.0129964199793756,0.993726266115335
197.3,277.007,-2.783,17.05,-0.00200016602066986,0.0750062257751197,-0.014001162144689,0.997082761303925
197.8,277.352,-2.771,20.653,-0.00600096923480345,0.0380061384870885,-0.0140022615478747,0.999161377594775
198,277.436,-2.76,22.237,-0.00400146680642611,0.0310113677498023,-0.017006233927311,0.99936633490492
198.3,277.551,-2.744,24.699,-0.00300129233458496,0.0270116310112646,-0.0200086155638997,0.999430347416792
198.5,277.65,-2.751,26.446,-0.00100044529725797,0.0280124683232233,-0.0180080153506435,0.999444851960717
198.7,277.747,-2.745,28.243,-0.00200073440431431,0.0300110160647147,-0.019006976840986,0.999366834954999
199,277.939,-2.743,31.03,-0.00700199235027581,0.0340096771299111,-0.0150042693220196,0.999284336846504
199.2,278.079,-2.742,32.927,-0.0020004071242789,0.0380077353612991,-0.0120024427456734,0.999203358577311
199.4,278.21,-2.754,34.862,0.00100011451966913,0.0400045807867651,-0.0130014887556987,0.999114405149459
199.6,278.378,-2.748,36.841,-0.00600065410694843,0.0410044697308143,-0.00800087214259791,0.999108908806913
199.8,278.534,-2.73,38.81,-0.00700042703907447,0.0420025622344468,-0.00800048804465654,0.999060944576485
200.1,278.764,-2.747,41.784,-0.00200011000907583,0.0420023101905925,-0.0110006050499171,0.999054949533378
200.4,278.978,-2.741,44.803,-0.00700053906226249,0.0400030803557857,-0.014001078124525,0.999076931885747
200.6,279.112,-2.722,46.831,-0.0109997470087282,0.0399990800317388,-0.0179995860142824,0.998977023792676
200.9,279.326,-2.688,49.877,-0.0110001870047686,0.0380006460164735,-0.0200003400086703,0.999016983433079
201.2,279.537,-2.664,52.919,-0.00500032503169093,0.0380024702408511,-0.0200013001267637,0.999064941331848
201.5,279.763,-2.642,55.966,-0.00900032851798647,0.0390014235779414,-0.0180006570359729,0.999036465496498
201.8,279.976,-2.645,59.016,-0.00699850248068656,0.0429908009527889,-0.0229950795793987,0.998786282600839
202.1,280.223,-2.611,62.077,-0.014992423244591,0.0469762594997185,-0.0239878771913456,0.998495388089761
202.3,280.42,-2.596,64.09,-0.00899723377585552,0.046985554162801,-0.017994467551711,0.998692949119962
202.6,280.673,-2.555,67.141,-0.0139982503280567,0.04199475098417,-0.0169978753983545,0.998875148409186
203.1,281.028,-2.517,72.187,-0.00700033952470062,0.0370017946305604,-0.0220010670776305,0.999048455025132
203.3,281.147,-2.512,74.23,-0.00899998650003037,0.0359999460001215,-0.0249999625000844,0.998998501503372
203.6,281.332,-2.502,77.247,-0.00599975401512797,0.0369984830932891,-0.0259989340655545,0.998959043518806
203.9,281.557,-2.484,80.268,-0.00999907512832396,0.0399963005132959,-0.0219979652823127,0.998907605319564
204.2,281.79,-2.488,83.273,-0.00699954154504271,0.0409973147638216,-0.0199986901286935,0.998934571928238
204.4,281.953,-2.457,85.298,-0.0149975181161107,0.042992885266184,-0.0159973526571847,0.998834706532972
204.7,282.187,-2.454,88.249,0,0.0449912950265371,-0.0189963245667601,0.998806749589123
205,282.46,-2.448,91.266,-0.0119949931353309,0.0489795553026012,-0.0169929069417188,0.998583178516298
205.3,282.769,-2.425,94.258,-0.00800260527209313,0.0550179112456403,-0.0160052105441863,0.998325007693618
205.6,283.12,-2.405,97.243,-0.0089987447626523,0.0629912133385661,-0.0149979079377538,0.997860808125223
205.9,283.532,-2.375,100.205,-0.0130034984116724,0.0720193758184934,-0.0100026910859019,0.997268301264415
206.1,283.834,-2.37,102.171,-0.0119992920626518,0.076995457402016,-0.00599964603132591,0.996941182205324
206.5,284.427,-2.318,106.033,-0.00900454844573779,0.0820414413944999,-0.0130065699771768,0.996503361328315
206.7,284.739,-2.301,107.95,-0.0110057189568832,0.0820426322240385,-0.010005199051712,0.996517825550516
207.1,285.352,-2.268,111.747,-0.0129992460655917,0.0769955343885044,-0.00299982601513654,0.996942179030376
207.4,285.757,-2.248,114.552,-0.00700265100520318,0.0720272674820899,-0.00100037871502903,0.99737757888394
207.7,286.165,-2.221,117.324,-0.0150058909685347,0.0700274911864953,0.00900353458112082,0.99739155304194
207.9,286.432,-2.19,119.113,-0.0170060892701332,0.0690247152728937,0.0150053728854117,0.997357117783696
208.2,286.787,-2.149,121.692,-0.0110026959908171,0.0720176464853483,0.0140034312610399,0.997244354804058
208.5,287.161,-2.108,124.196,-0.0159943869550953,0.0789722855907832,0.0139950885857084,0.996650237139377
208.9,287.711,-2.053,127.306,-0.01300341384426,0.0950249473234385,0.0160042016544738,0.995261290387592
209.2,288.142,-2.016,129.447,-0.0149978554599929,0.108984416342615,0.0119982843679943,0.993857888482194
209.5,288.586,-2.002,131.375,-0.00800282950043103,0.123043503569127,0.00600212212532329,0.992350858053448
209.7,288.887,-1.982,132.571,-0.0159921178283872,0.128936449991372,0.00499753682137101,0.991511305360007
210,289.35,-1.965,134.212,-0.0169982747626629,0.132986502554951,0.0119987821854091,0.990899428811704
210.2,289.614,-1.939,135.267,-0.0120031992789686,0.131034925462074,0.00900239945922643,0.991264207121489
210.5,290.031,-1.911,136.854,-0.0119985422656667,0.11698578709025,0.018997691920639,0.99287937248392
210.8,290.309,-1.879,138.469,-0.0170015387088829,0.0850076935444144,0.0170015387088829,0.996090150238079
211,290.422,-1.868,139.5,-0.0130042726054416,0.0530174190837236,0.0190062445771839,0.998328004633135
211.3,290.406,-1.838,141.082,-0.00699814223982026,-0.0109970806625747,0.0189949575080836,0.999734605688609
211.6,290.135,-1.831,142.692,-0.0109986692415278,-0.0879893539322223,0.0189977014171844,0.995879505869244
211.9,289.592,-1.825,144.257,-0.0119945976503638,-0.173921665930275,0.0159927968671517,0.984556557134028
212.2,288.779,-1.816,145.738,-0.0149938912337299,-0.262892892964731,0.0139942984848146,0.964607002703289
212.5,287.655,-1.788,147.077,-0.0159974406142362,-0.351943693513196,0.00799872030711813,0.935850275932818
212.8,286.278,-1.759,148.278,-0.0180022234118955,-0.43105323836261,0.0080009881830647,0.902111417640543
213.1,284.617,-1.733,149.316,-0.00500047256698743,-0.491046406078165,0.00800075610717989,0.871082321169209
213.4,282.748,-1.725,150.259,-0.00600074113729851,-0.520064231899204,-0.00100012352288316,0.854105488542155
213.6,281.429,-1.717,150.895,-0.00700258793445104,-0.526194464788749,-0.00600221822952948,0.85031424918334
213.9,279.381,-1.694,151.883,-0.00299857601450938,-0.525750327877311,-0.00799620270535833,0.850596062782494
214.1,277.976,-1.682,152.577,-0.000999719118386058,-0.523852818034294,-0.00899747206547451,0.851760688864921
214.6,274.281,-1.664,154.445,0.0049977540142425,-0.515768214269826,-0.0129941604370305,0.856615038041164
214.8,272.73,-1.659,155.271,0.0030007337691208,-0.513125474519656,-0.0130031796661902,0.858209857968547
215,271.117,-1.659,156.138,0.00299979902019824,-0.511965699447167,-0.00999933006732752,0.858942452783431
215.2,269.472,-1.653,157.022,0.0020008735720129,-0.511223197649297,-0.0110048046460709,0.859375199179543
215.4,267.804,-1.633,157.927,-0.0030002205243131,-0.510037489133228,-0.0120008820972525,0.860063216969756
215.7,265.271,-1.633,159.31,0.00500025001875156,-0.505025251893908,-0.00900045003375279,0.86304315323652
215.9,263.594,-1.634,160.258,0.00199991900492042,-0.499979751230105,-0.0109995545270623,0.865964929130541
216.2,261.092,-1.63,161.744,0,-0.487898283810633,-0.0119974987822287,0.872818036407136
216.4,259.46,-1.635,162.779,0,-0.478131743445479,-0.00900248052512411,0.87824198900655
216.7,257.073,-1.63,164.392,-0.00599864146154602,-0.465894486846741,-0.00599864146154605,0.884799615578038
217,254.726,-1.609,166.069,-0.0099990701297149,-0.457957411940942,0.000999907012971429,0.888917334531654
217.3,252.349,-1.57,167.769,-0.0139974456992186,-0.459916072974325,0.00499908774972094,0.887837984350435
217.5,250.738,-1.553,168.897,-0.0179929301673934,-0.465816969889186,0.00899646508369669,0.884652399896844
217.8,248.269,-1.52,170.522,-0.015003436180373,-0.47610904145717,0.0100022907869154,0.879201360169859
218.1,245.761,-1.496,172.113,-0.0170018448002467,-0.487052848101184,0.0140015192472619,0.87309473591855
218.3,244.06,-1.484,173.155,-0.0239988360846741,-0.493976042742876,0.0179991270635056,0.86895785656591
218.6,241.486,-1.45,174.648,-0.0250139241242414,-0.503280153379736,0.0220122532293324,0.863480660768812
218.9,238.876,-1.427,176.081,-0.0259953992214707,-0.510909577006597,0.0259953992214707,0.858847997355512
219.2,236.237,-1.391,177.47,-0.0289954045925293,-0.515918233439486,0.0219965138288153,0.85586435624845
219.5,233.621,-1.362,178.823,-0.0240080320302959,-0.517173023319292,0.021007028026509,0.855286141079293
219.9,230.178,-1.341,180.616,-0.0180049250205818,-0.514140636698836,0.0220060194696001,0.857234485702146
220.2,227.639,-1.353,181.962,-0.0180034660008399,-0.511098395912732,0.0170032734452377,0.859165405262302
220.4,225.972,-1.341,182.87,-0.0220063717670734,-0.509147419520016,0.0160046340124171,0.860249078167414
220.7,223.513,-1.322,184.205,-0.0220024754177346,-0.511057497202835,0.0170019128227949,0.859096653810636
220.9,221.887,-1.308,185.067,-0.018003763179798,-0.511106832493153,0.0160033450487093,0.859179587302581
221.2,219.525,-1.287,186.342,-0.0249973254292609,-0.512945117808435,0.0159982882747269,0.857908208732236
221.5,217.244,-1.267,187.537,-0.0189962391169454,-0.5148980602751,0.0189962391169454,0.856830364380117
221.8,215.055,-1.253,188.684,-0.0249962758323308,-0.517922835245894,0.0179973185992782,0.854872633465714
222,213.675,-1.253,189.399,-0.0249921287189851,-0.51983627735489,0.0169946475289099,0.853731117040531
222.3,211.713,-1.234,190.383,-0.0210026570041772,-0.521065919008396,0.0160020243841349,0.853107924979197
222.6,209.886,-1.219,191.291,-0.0219998130023842,-0.522995554556679,0.00999991500108378,0.851992758092334
222.8,208.771,-1.216,191.861,-0.0249974753824731,-0.522947185001338,0.0119987881835871,0.851913961034684
223.1,207.241,-1.194,192.619,-0.0199933832850178,-0.521827303738965,0.0129956991352616,0.85271779710601
223.3,206.322,-1.188,193.1,-0.0229997470041744,-0.517994302094015,0.011999868002178,0.85499059515518
223.6,205.137,-1.18,193.742,-0.0230034507764441,-0.511076667250563,0.0130019504388598,0.8591288789985
223.9,204.15,-1.156,194.302,-0.0269894087351994,-0.499803865466656,0.00999607730933307,0.865660294988247
224.2,203.406,-1.149,194.762,-0.0270121176527605,-0.48621811774969,0.00700314161367868,0.873391804105924
224.5,202.812,-1.142,195.164,-0.0249923160440431,-0.472854619553295,0.00999692641761723,0.880729217392079
224.8,202.228,-1.118,195.57,-0.0199937529281625,-0.459856317347737,0.0089971888176731,0.887722630010413
225.1,201.67,-1.106,196,-0.0180045917564215,-0.4471140286178,0.0110028060733687,0.894228057235601
225.7,200.468,-1.083,196.967,-0.00800056806049916,-0.425030178214018,0.0120008520907487,0.905064261843967
226,199.621,-1.068,197.672,-0.00699939107946298,-0.418963551756427,0.0099991301135185,0.907921014307483
226.3,198.596,-1.041,198.51,-0.00400036605024116,-0.423038709813003,0.00600054907536172,0.906082910379623
226.6,197.383,-1.048,199.503,-0.0119975527488334,-0.431911898958002,0.00599877637441671,0.901816048287311
227,195.515,-0.988,200.913,-0.0210050943531459,-0.451109407298514,0.00300072776473515,0.892216388714577
227.3,193.952,-0.943,202.008,-0.018999743505194,-0.466993695627663,0.0109998515030071,0.883988066241658
227.7,191.622,-0.892,203.511,-0.0219970745836076,-0.486935241918951,0.0219970745836077,0.872883914158612
228,189.727,-0.854,204.631,-0.0280108142618606,-0.498192339371663,0.0220084969200333,0.866334469670403
228.4,187.069,-0.797,206.155,-0.0319922428215596,-0.503877824439564,0.0259936972925172,0.862790798593937
228.7,184.956,-0.741,207.32,-0.0320060497151483,-0.505095472067184,0.0230043482327629,0.862162964201807
229,182.774,-0.688,208.507,-0.0239983201763794,-0.505964583718666,0.0219984601616811,0.861939666334961
229.3,180.513,-0.643,209.758,-0.0270102793673211,-0.505192262240635,0.021007995063472,0.862328178319659
229.6,178.218,-0.589,211.035,-0.031010560894283,-0.50517204037461,0.0170057914581551,0.862293660995868
229.9,175.92,-0.524,212.306,-0.0270026598930056,-0.504049651336105,0.017001674747448,0.863085018061625
230.2,173.625,-0.476,213.597,-0.0290012325785774,-0.504021421365622,0.0170007225460626,0.863036679838356
230.5,171.34,-0.413,214.875,-0.0309989150569592,-0.503982360926046,0.0179993700330731,0.86296979658567
230.9,168.354,-0.361,216.559,-0.0269948040002968,-0.505902623116673,0.0239953813335972,0.861834112898364
231.3,165.478,-0.324,218.138,-0.0290037707353093,-0.507065922855235,0.0230029905831764,0.86111195183108
231.7,162.852,-0.289,219.57,-0.0320178549325755,-0.511285120954565,0.0240133911994316,0.858478735379681
232.1,160.494,-0.253,220.758,-0.0310147044556943,-0.523248078397682,0.0190090124083288,0.851403661025673
232.7,157.27,-0.23,222.124,-0.024995751083443,-0.572902614832514,0.024995751083443,0.818860805493594
233.1,155.085,-0.233,222.643,-0.0240126700260399,-0.628331532348045,0.0160084466840265,0.777410192093043
233.6,152.293,-0.224,222.842,-0.014997435657735,-0.693881356431208,0.00899846139464101,0.719876911571282
234,149.878,-0.201,222.743,-0.0169957261122565,-0.722818234068324,-0.0019994971896774,0.690826279033488
234.4,147.283,-0.136,222.535,-0.01598936261759,-0.732512674918341,-0.00499667581799703,0.680547246411173
234.9,143.702,-0.06,222.275,-0.017998587166359,-0.73394238778375,0.00599952905545321,0.678946704775431
235.4,139.705,0.007,221.966,-0.0170024315215738,-0.730104412396993,0.00600085818408486,0.683097689954995
235.8,136.226,0.052,221.791,-0.0220054800468825,-0.724180343361041,0.0110027400234412,0.689171625104637
236.3,131.523,0.133,221.621,-0.0280052935007547,-0.718135740483639,0.0170032139111726,0.695131392250877
236.8,126.524,0.152,221.446,-0.0290055841124642,-0.71813825492239,0.0150028883340333,0.695133826143539
237.3,121.433,0.198,221.235,-0.0260020672465224,-0.722057405845738,0.0200015901896326,0.691054941051807
237.8,116.295,0.231,220.945,-0.0309988530636546,-0.724973176488696,0.0119995560246406,0.687974545412721
238.4,110.292,0.274,220.609,-0.0319974083148855,-0.724941282134124,0.0129989471279221,0.687944278770038
238.9,105.439,0.291,220.372,-0.0260007020284323,-0.723019521790636,0.0210005670229644,0.690018630754549
239.5,99.675,0.313,220.127,-0.0339923525809072,-0.721837604806323,0.0229948267459078,0.690844577453143
240.2,93.147,0.355,219.813,-0.0410025422364304,-0.727045078192315,0.0210013021210985,0.685042473950118
240.8,87.973,0.396,219.444,-0.0370027383039555,-0.731054100005174,0.0190014061560853,0.681050399594424
241.3,84.185,0.427,219.155,-0.0360104085123075,-0.729210772374227,0.0140040477547861,0.6831974726085
241.9,80.362,0.489,218.99,-0.0340070571966284,-0.70714674817695,0.0120024907752808,0.706146540612343
242.5,76.959,0.568,219.315,-0.0309851616604962,-0.643691745463212,0.00599712806332184,0.764633828073536
243.4,72.348,0.715,221.282,-0.0219946999159034,-0.449891589188934,-0.00699831360960563,0.892784864768263
244,70.131,0.818,223.821,-0.00799758909027915,-0.290912303158904,-0.00299909590885466,0.956711594924643
244.7,68.541,0.883,227.95,-0.00899868628769599,-0.11898262980398,-0.000999854031966217,0.992855053742458
245.3,68.021,0.91,232.134,-0.0130007345622547,-0.0410023166963419,0.00600033902873295,0.999056448284037
245.8,67.831,0.96,235.891,-0.0110048321822249,-0.0260114215216225,0.0180079072072771,0.999438850003881
246.4,67.575,1.029,240.619,-0.00400089229848494,-0.0240053537909096,0.0310069153132583,0.999222851546613
246.9,67.365,1.041,244.758,-0.0129947836413419,-0.0279887647659671,0.0429827458905923,0.99859914290004
247.5,66.975,1.131,250.059,-0.00700052505906988,-0.0300022502531566,0.0300022502531566,0.999074933430116
248.1,66.593,1.227,255.85,-0.0170042260753348,-0.0270067120020024,0.0220054690386686,0.999248344074089
248.7,66.231,1.341,261.943,-0.0180027456280784,-0.0290044235119041,0.0230035083025446,0.999152382358351
249.3,65.815,1.45,268.272,-0.0160015202166343,-0.0320030404332686,0.0230021853114118,0.999094918526104
249.8,65.455,1.554,273.601,-0.0140014212163839,-0.0320032484945917,0.0240024363709437,0.999101413940534
250.3,65.08,1.632,278.873,-0.0149994300324879,-0.0349986700758052,0.0249990500541466,0.998962040163697
250.9,64.604,1.763,285.11,-0.0150024305906495,-0.0330053472994289,0.019003078748156,0.999161877337255
251.3,64.308,1.843,289.236,-0.0140038796120532,-0.0320088676846931,0.0150041567271999,0.999276838031514
251.9,63.886,1.978,295.41,-0.0180040963979488,-0.0320072824852424,0.0140031860872935,0.999227350086159
252.3,63.606,2.052,299.462,-0.0170010625996198,-0.0360022502109595,0.0170010625996198,0.999062443354125
252.8,63.173,2.212,304.463,-0.0179961312476279,-0.0429907579804445,0.0159965611090026,0.998785284243351
253.3,62.682,2.306,309.421,-0.0120034514885258,-0.0540155316983659,0.0190054648568325,0.998287048795726
253.7,62.184,2.379,313.369,-0.01799416184157,-0.0639792421033599,0.014995134867975,0.997676306549269
254.5,61.007,2.571,321.226,-0.0149971957865574,-0.0639880353559781,-0.0069986913670601,0.997813426332283
254.9,60.516,2.685,325.211,-0.0220075608959748,-0.0520178712086676,-0.0110037804479874,0.998342989735582
255.4,60.037,2.81,330.202,-0.0170005780294797,-0.0390013260676298,-0.0110003740190751,0.999033967732364
255.7,59.818,2.882,333.2,-0.0160040495368641,-0.0340086052658361,-0.00900227786448603,0.99925284295795
256.1,59.535,2.983,337.235,-0.0170062083993055,-0.0280102255988561,-0.014005112799428,0.999364834759186
256.5,59.293,3.094,341.287,-0.0160067402567709,-0.0260109529172528,-0.0150063189907228,0.999420844782136
256.9,59.084,3.192,345.31,-0.0190083750342103,-0.0260114605731299,-0.00900396712146803,0.999440350482952
257.199999999,58.923,3.289,348.261,-0.0230089867643399,-0.0250097682221086,-0.00800312583107477,0.999390338155461
257.6,58.745,3.387,352.011,-0.0189915126903174,-0.0229897258882789,-0.00199910659898078,0.999553299490388
258,58.574,3.478,355.572,-0.0199931135583645,-0.0149948351687733,-0.00799724542334578,0.999655677918223
258.4,58.5,3.556,358.91,-0.0219937986230592,-0.00399887247691985,-0.0079977449538397,0.999718119229963
258.9,58.51,3.675,362.637,-0.0209951821584785,0.0029993117369255,-0.00299931173692551,0.999770578975168
259.3,58.513,3.733,365.339,-0.0129988886425296,0.000999914510963812,-0.000999914510963813,0.999914510963813
259.699999999,58.503,3.794,368.02,-0.0209940070663517,-0.00899743159986503,0.00699800235545058,0.999714622207226
260,58.405,3.851,369.977,-0.0180069340046447,-0.0290111714519276,0.0080030817798421,0.999384837257782
260.5,57.987,3.954,373.332,-0.0179961852130594,-0.0639864363131001,0,0.997788491257404
260.9,57.511,4.049,376.257,-0.0140017853414538,-0.0740094368048273,-0.00800102019511646,0.997127141816389
261.4,56.947,4.178,380.262,-0.0170000595003124,-0.0600002100011025,-0.0100000350001837,0.998003493018338
261.699999999,56.67,4.273,382.837,-0.0189955650532797,-0.0439897295970687,-0.0129969655627703,0.998766815169809
262.1,56.431,4.381,386.455,-0.0109958828126857,-0.0219917656253713,-0.0119955085229298,0.999625710244152
262.699999999,56.275,4.543,392.297,-0.0179961852130594,-0.00799830453913751,-0.00599872840435313,0.999788067392189
263,56.214,4.653,395.41,-0.0199949619043202,-0.0099974809521601,-0.00199949619043202,0.99974809521601
263.199999999,56.149,4.728,397.542,-0.0199939527438042,-0.0139957669206629,-0.00299909291157063,0.99969763719021
263.5,56.042,4.839,400.746,-0.0199923543863913,-0.0189927366670717,0.00199923543863912,0.999617719319563
263.8,55.884,4.927,403.957,-0.0210102765384556,-0.0240117446153778,0.00200097871794815,0.999488869615102
264,55.758,5,406.118,-0.0250087295701959,-0.0260090787530037,0,0.999348833625029
264.3,55.561,5.119,409.315,-0.0240069750395207,-0.0290084281727541,-0.00100029062664669,0.999290336020048
264.6,55.349,5.223,412.479,-0.0190069292888189,-0.0300109409823456,-0.00300109409823457,0.99936433471211
264.8,55.216,5.294,414.58,-0.0250066151246664,-0.0290076735446131,-0.00200052920997332,0.999264340381671
265.1,55.02,5.422,417.717,-0.0250065525752746,-0.0290076009873185,-0.00300078630903294,0.999261840907971
265.4,54.813,5.535,420.816,-0.0190077757707607,-0.0280114590305947,-0.00600245550655601,0.999408841841575
265.6,54.704,5.587,422.852,-0.0200086155638997,-0.0270116310112646,-0.00300129233458496,0.999430347416792
265.9,54.544,5.683,425.857,-0.0250080538902378,-0.0270086982014568,0.00100032215560951,0.999321833453903
266.1,54.421,5.745,427.774,-0.0210086678636095,-0.0270111443960693,-0.00200082551081995,0.999412342654565
266.4,54.234,5.824,430.542,-0.0230035083025446,-0.0340051861863703,-0.00300045760467973,0.999152382358351
266.6,54.098,5.879,432.32,-0.024997162982993,-0.0399954607727888,-0.000999886519319724,0.998886632800401
266.8,53.932,5.947,434.036,-0.027986038449352,-0.0469765645399837,-0.00199900274638229,0.998501871817951
267.1,53.652,6.038,436.464,-0.0250014126197207,-0.0570032207729631,-0.00300016951436648,0.998056391779248
267.4,53.332,6.115,438.747,-0.0220080343991012,-0.069025198797181,-0.00400146079983658,0.997364104359268
267.6,53.096,6.162,440.175,-0.0239897945131902,-0.0789664069392511,-0.00499787385691463,0.996576047068777
268.1,52.457,6.281,443.359,-0.0279910862583141,-0.0859726220791076,-0.0209933146937356,0.995682925474316
268.3,52.269,6.32,444.457,-0.0279902331126682,-0.0729745363294564,-0.023991628382287,0.996652229047507
268.6,52.121,6.386,446.007,-0.0269928208643482,-0.0289922890765221,-0.030991757288696,0.998734371980882
268.8,52.167,6.418,447.014,-0.0269984476338903,0.0189989075942191,-0.0319981601586848,0.998942562453941
269.1,52.431,6.466,448.342,-0.0239995800110247,0.110998057550989,-0.032999422515159,0.992982622956146
269.4,53,6.489,449.537,-0.0199983901943814,0.215982614099319,-0.0229981487235386,0.975921441485813
269.699999999,53.797,6.489,450.555,-0.0220064378247333,0.319093348458633,-0.0190055599395424,0.94727711909193
270,54.772,6.528,451.347,-0.0229887956924845,0.414797835320916,-0.0109946414181447,0.90955669913743
270.3,55.862,6.526,451.959,-0.0220073406723755,0.504168168130785,-0.00800266933540923,0.863287954557277
270.6,57.044,6.562,452.367,-0.0209970816084705,0.581919118863326,-0.0119983323476974,0.812887016556502
270.9,58.388,6.561,452.625,-0.0160014081858833,0.640056327435331,-0.0120010561394125,0.768067592922397
271.199999999,59.893,6.58,452.778,-0.0129978295436842,0.677886802355221,-0.0159973286691497,0.734877285739067
271.4,60.97,6.567,452.821,-0.0100045130533102,0.690311400678401,-0.0130058669693033,0.723326293754324
271.699999999,62.703,6.56,452.895,-0.0110056693799721,0.692356655540065,-0.0120061847781513,0.721371602087265
272,64.582,6.552,452.985,-0.0120050311623064,0.689288872569093,-0.0110046118987809,0.724303546792487
272.199999999,65.925,6.559,453.065,-0.0120042682761932,0.68724435881206,-0.0100035568968277,0.726258230709688
272.4,67.327,6.552,453.159,-0.0100027361225455,0.685187424394364,-0.0120032833470547,0.728199189721309
272.699999999,69.538,6.543,453.321,-0.00800116425410462,0.683099398194182,-0.0160023285082092,0.730106238187047
272.9,71.107,6.536,453.444,-0.0139908180409455,0.681552707423202,-0.0129914738951637,0.731519914712293
273.199999999,73.549,6.532,453.643,-0.0149995650189216,0.679980280857779,-0.0119996520151373,0.732978743924635
273.699999999,77.855,6.531,453.999,-0.00899909113769032,0.67893143138797,-0.0179981822753807,0.733925877229411
273.9,79.666,6.511,454.148,-0.0119986022442531,0.679920793841007,-0.0199976704070885,0.732914620419792
274.1,81.522,6.496,454.294,-0.0169997450057374,0.681989770230169,-0.0159997600053997,0.730989035246706
274.3,83.393,6.488,454.42,-0.0160020083780851,0.684085858163138,-0.0140017573308245,0.729091506726501
274.6,86.234,6.48,454.603,-0.0150027757703,0.685126760177034,-0.0140025907189468,0.728134717385227
274.8,88.162,6.469,454.744,-0.0170023549892603,0.685094892214312,-0.0150020779317002,0.728100848951853
275.1,91.071,6.461,454.955,-0.0190001710023085,0.684006156083107,-0.0180001620021871,0.729006561088575
275.3,93.031,6.452,455.091,-0.0170004505179082,0.68401812672054,-0.019000503520015,0.729019319267944
275.6,95.959,6.422,455.288,-0.0190011115975436,0.684040017511571,-0.015000877577008,0.729042650242595
275.8,97.922,6.424,455.425,-0.0220005500206259,0.684017100641277,-0.0130003250121881,0.729018225683466
276,99.867,6.431,455.555,-0.0200019502852338,0.685066797269259,-0.0140013651996636,0.728070990382512
276.3,102.792,6.426,455.729,-0.0170044387378415,0.687179377229241,-0.0120031332267117,0.726189560216054
276.6,105.689,6.422,455.904,-0.014993501725198,0.68670237901407,-0.0119948013801584,0.726685050281264
276.8,107.595,6.399,456.045,-0.0140019534087603,0.686095717029254,-0.0200027905839432,0.727101437726338
277.1,110.462,6.364,456.233,-0.0189886386985915,0.685589797222831,-0.0159904325882876,0.727564682767086
277.3,112.351,6.357,456.352,-0.020002700546873,0.685092493730402,-0.0110014853007801,0.728098299906179
277.6,115.129,6.339,456.536,-0.015990584317939,0.684596891111762,-0.0159905843179389,0.728570997986094
277.8,116.97,6.318,456.671,-0.0140010221119226,0.684049937468219,-0.0190013871518951,0.729053222827971
278.1,119.704,6.288,456.884,-0.0189974355192957,0.68090808361265,-0.0179975704919644,0.731901200006549
278.3,121.508,6.28,457.043,-0.0220071314660797,0.676219130503177,-0.014004538205687,0.736238579956122
278.9,126.792,6.295,457.718,-0.022000088000528,0.654002616015696,-0.0160000640003841,0.756003024018144
279.1,128.551,6.306,458.014,-0.0259957110614831,0.645893436373772,-0.0129978555307415,0.762874136150446
279.4,131.134,6.33,458.512,-0.0229877852373573,0.636661704182462,-0.0179904406205405,0.770590539913152
279.6,132.856,6.346,458.871,-0.0260044471407241,0.631107928684497,-0.014002394614236,0.775132559002353
279.8,134.547,6.357,459.255,-0.027996612614798,0.623924509701213,-0.0109986692415278,0.780905516148473
280,136.219,6.395,459.669,-0.023004486312289,0.616120155146523,-0.0160031209128967,0.787153509903106
280.3,138.713,6.425,460.345,-0.0270057798553998,0.603129083437262,-0.00500107034359253,0.797170612768653
280.5,140.339,6.464,460.827,-0.0200031207302699,0.594092685689015,-0.00600093621908089,0.804125453356849
280.699999999,141.945,6.483,461.345,-0.0150017252976195,0.586067401627004,-0.00700080513888913,0.810093166071456
281,144.332,6.514,462.192,-0.0200032607972866,0.576093910961854,-0.00300048911959294,0.817133203569158
281.199999999,145.897,6.554,462.78,-0.0239920959063838,0.570811948439381,-0.000999670662765934,0.820729614130879
281.5,148.206,6.596,463.696,-0.0189933345091757,0.56080319261303,-0.00599789510816072,0.827709524926183
281.699999999,149.752,6.639,464.346,-0.0219918425393463,0.554794209515326,-0.00299888761900178,0.831691499669822
281.9,151.26,6.661,465,-0.018004060373473,0.548123615814621,-0.00500112788152026,0.836188581790188
282.199999999,153.482,6.694,466.028,-0.0170054766453617,0.537172997562308,-0.00700225508926663,0.843271577178819
282.4,154.946,6.712,466.757,-0.019005987829398,0.529166713776396,-0.00800252119132544,0.848267246280499
282.6,156.383,6.735,467.501,-0.0200046916503525,0.521122217491683,-0.00900211124265863,0.853200098887535
282.9,158.488,6.767,468.662,-0.0199909860974469,0.508770596180024,-0.00999549304872356,0.86061195149509
283.1,159.847,6.781,469.449,-0.0160027927310186,0.50108744739002,-0.0130022690939526,0.865150982020693
283.3,161.199,6.805,470.267,-0.0219943481786838,0.492873347822324,-0.00899768789127972,0.869776496157042
283.8,164.373,6.894,472.31,-0.0240053177668933,0.472104582748901,-0.00600132944172329,0.881195206359708
284.1,166.082,6.939,473.518,-0.0250110823647754,0.462204802101049,-0.00700310306213709,0.886392759007639
284.3,167.143,6.967,474.288,-0.0269995275124028,0.458991967710847,-0.00899984250413421,0.887984460407913
284.5,168.123,6.987,475.007,-0.0259997140047189,0.458994951083307,-0.0109998790019964,0.887990232161169
284.8,169.467,7.019,475.972,-0.0249962508435391,0.464930265689828,-0.0149977505061235,0.884867279861285
285,170.303,7.05,476.542,-0.03099462289935,0.475917435486793,-0.0129977450868242,0.878847533178343
285.199999999,171.07,7.065,477.016,-0.0340042848098461,0.488061499623673,-0.00800100819055196,0.87210989277017
285.5,172.12,7.082,477.572,-0.0270032946029246,0.511062353410906,-0.0050006101116527,0.859104817181934
285.8,173.148,7.118,478.067,-0.0239986921069193,0.541970463414594,-0.0129992915579146,0.839954223742175
286.1,174.222,7.146,478.405,-0.0239976843351871,0.585943459184151,-0.0109989386536273,0.809921846312564
286.4,175.295,7.134,478.608,-0.021996370898178,0.632895580843031,-0.00899851536743654,0.773872321599535
286.699999999,176.388,7.148,478.692,-0.0209997165057407,0.683990766186984,-0.0169997705046471,0.728990158699286
287,177.537,7.145,478.576,-0.0180046908330226,0.737192063552092,-0.0190049514348574,0.675175906238348
287.3,178.752,7.141,478.302,-0.0249937148709656,0.788801641327673,-0.0189952233019338,0.613845637230914
287.6,179.976,7.118,477.783,-0.0280011900758679,0.839035659773327,-0.0190008075514818,0.543023078971295
287.9,181.276,7.11,476.963,-0.0299854006639498,0.883569806231054,-0.022988807175695,0.466772737002152
288.199999999,182.621,7.079,475.809,-0.0269914450676555,0.913710399697671,-0.021993029314386,0.404871676014832
288.5,184.024,7.039,474.365,-0.0249961134065244,0.928855574186448,-0.0219965797977411,0.368942633880301
288.8,185.498,6.992,472.709,-0.0240062064066379,0.937242308459154,-0.0230059478063612,0.347089734295973
289.1,187.051,6.94,470.848,-0.022994045313296,0.941756116744556,-0.0199948220115618,0.334913268693659
289.699999999,190.451,6.815,466.64,-0.023004486312289,0.944184133860905,-0.0190037060840644,0.328063978714382
290,192.311,6.744,464.292,-0.0219988010980093,0.944948501709947,-0.0179990190801895,0.32598223445232
290.3,194.194,6.662,461.913,-0.0189935812541209,0.944680751849697,-0.0189935812541211,0.326889530005133
290.6,196.091,6.565,459.523,-0.018000090000675,0.9440047200354,-0.0170000850006375,0.329001645012338
290.9,198.004,6.471,457.147,-0.0179995230189599,0.942975011493289,-0.0159995760168533,0.331991202349705
291.199999999,199.921,6.385,454.795,-0.0170045493254982,0.94225208615408,-0.0160042817181163,0.334089380865672
291.6,202.498,6.267,451.685,-0.0179927234147706,0.941619192039659,-0.0149939361789755,0.33586417040905
291.8,203.78,6.21,450.155,-0.018991968095884,0.941601786648566,-0.0149936590230659,0.335857962116686
292.1,205.693,6.128,447.855,-0.0199975504500956,0.941884626199503,-0.0159980403600765,0.334958970039101
292.4,207.591,6.045,445.55,-0.0190046947394726,0.94223276024122,-0.0150037063732676,0.334082528578097
292.699999999,209.463,5.961,443.274,-0.0190044000279687,0.942218148755078,-0.0160037052867099,0.334077347860081
292.9,210.712,5.914,441.768,-0.0210051994303682,0.9422332315908,-0.0120029711030673,0.334082695702046
293.199999999,212.582,5.854,439.539,-0.0220032677279044,0.941139769634457,-0.0130019309301258,0.337050055650172
293.5,214.495,5.803,437.27,-0.0220013201188119,0.940056405076508,-0.0140008400756076,0.340020401836184
293.699999999,215.802,5.76,435.723,-0.0190066344733489,0.939327882656558,-0.0160055869249253,0.34211942052028
294,217.814,5.695,433.375,-0.0220059644246482,0.939254572488392,-0.0170046088735918,0.342092719692258
294.4,220.561,5.607,430.154,-0.0259982841698653,0.939937966141284,-0.0159989441045325,0.339977562221316
294.699999999,222.62,5.542,427.701,-0.0230011730897421,0.940047943667722,-0.0130006630507238,0.340017341326623
295,224.671,5.476,425.27,-0.021993831595235,0.939736440887314,-0.0139960746515135,0.340904389726143
295.3,226.728,5.405,422.875,-0.0229910122709597,0.938633066192659,-0.0139945292084103,0.343865574835224
295.9,230.786,5.246,418.194,-0.0259936063591568,0.937769337111118,-0.015996065451789,0.345914915394932
296.199999999,232.761,5.17,415.92,-0.0269934548806909,0.937772617706967,-0.0139966062344319,0.345916125508114
296.4,234.022,5.127,414.468,-0.0279862201790076,0.93853788386029,-0.0119940943624315,0.343830705056379
296.699999999,235.755,5.072,412.405,-0.028007366906372,0.94024731757106,-0.0130034203493867,0.339089192187861
296.9,236.822,5.032,411.107,-0.0269860248577486,0.942511905216922,-0.0129932712278048,0.332827639912232
297.1,237.778,4.995,409.875,-0.0260072180046334,0.946262624322431,-0.0130036090023167,0.32208939221123
297.4,239.016,4.932,408.171,-0.0260078945941959,0.955289974517579,-0.0160048582118129,0.294089269642061
297.6,239.697,4.887,407.099,-0.0250077661172564,0.964299461481405,-0.0170052809597343,0.263081699553537
297.9,240.455,4.812,405.493,-0.0220080343991012,0.980357895959962,-0.0190069387992237,0.195071213992033
298.3,240.944,4.713,403.174,-0.0190061209565807,0.997321189142684,-0.0150048323341429,0.0690222287370564
298.6,240.886,4.638,401.504,0.0149975181161107,-0.998834706532972,0.015997352657185,0.0429928852661839
299,240.21,4.54,399.415,0.00700151599233628,-0.982212672067747,0.0150032485550065,0.187040498652412
299.3,239.326,4.476,397.961,0.00100032515852337,-0.959311827023911,0.0120039019022804,0.28209169470359
299.699999999,237.777,4.413,396.202,0,-0.926153291055554,0.00800132432877352,0.37706240899346
300,236.408,4.372,394.989,0.00200053721637358,-0.903242553192671,0.00300080582456024,0.429115232912133
300.4,234.21,4.342,393.513,0.00700000350000262,-0.870000435000326,0.00100000050000028,0.493000246500185
300.699999999,232.323,4.315,392.55,0.00500038504447321,-0.846065149524867,0.00400030803557867,0.533041045740844
301.1,229.488,4.263,391.469,-0.00299917833768779,-0.816776233963642,0.0109969872381884,0.576841966948619
301.4,227.137,4.234,390.776,-0.0119934473710286,-0.798563704120988,0.0119934473710287,0.601671276446602
301.699999999,224.613,4.216,390.125,-0.00799927609826818,-0.782929148117998,0.0119989141474022,0.621943716640351
302.3,219.033,4.165,389.142,-0.0100067418116804,-0.757510355144198,0.0200134836233605,0.652439566121555
302.699999999,214.958,4.081,388.582,-0.013998334297322,-0.750910646949203,0.0209975014459831,0.65992147401661
303,211.765,4.034,388.174,-0.013002327624986,-0.74813392796073,0.0200035809615168,0.663118708874284
303.199999999,209.605,3.992,387.905,-0.0109969542654443,-0.745793443820132,0.0189947391857675,0.6658155946169
303.5,206.327,3.925,387.535,-0.0100000050000037,-0.743000371500278,0.0170000085000063,0.669000334500251
303.9,201.9,3.847,387.074,-0.00899637519104989,-0.739701960152991,0.0139943614082999,0.672728944841842
304.199999999,198.514,3.797,386.747,-0.00900441775062587,-0.73736176469014,0.0120058903341676,0.67533133129694
304.5,195.125,3.747,386.444,-0.00799970801598603,-0.734973173968716,0.00999963501998256,0.677975254354816
304.8,191.762,3.694,386.185,-0.00800100418904254,-0.732091883297393,0.0100012552363033,0.681085481592246
305.1,188.403,3.649,385.919,-0.0090021652811565,-0.730175628360471,0.00700168410756628,0.683164320781098
305.4,185.085,3.62,385.694,-0.0110030042302883,-0.729199098534561,0.00600163867106643,0.684186808501563
305.699999999,181.79,3.601,385.477,-0.0109958773188633,-0.727727153466587,0.00699737647564031,0.685742894612745
306.1,177.424,3.571,385.204,-0.0140044120848196,-0.727229113261701,0.00700220604240975,0.686216192156158
306.3,175.265,3.562,385.064,-0.014004503171771,-0.727233843276965,0.00600192993075892,0.686220655416778
306.6,172.078,3.548,384.863,-0.0130043571896101,-0.727243667449732,0.00600201101058919,0.686229925544039
306.9,168.921,3.537,384.67,-0.0139948018964639,-0.726730069909233,0.00699740094823192,0.686744921633622
307.3,164.789,3.518,384.424,-0.0119966773804847,-0.724799258404283,0.0079977849203231,0.688809226262829
307.6,161.761,3.487,384.27,-0.012006064594317,-0.722364886424742,0.00900454844573773,0.69134921955609
308,157.916,3.448,384.116,-0.0149981553403327,-0.717911702290594,0.00899889320419966,0.695914407791439
308.4,154.359,3.413,384.033,-0.0169982492704831,-0.713926469360289,0.0109988671750186,0.699927911137538
309.1,148.882,3.363,383.846,-0.0239980562361641,-0.728940958173485,0.016998623167283,0.683944602730677
309.5,146.214,3.337,383.562,-0.0270069416761308,-0.752193338535199,0.0170043706849712,0.658169171218299
309.8,144.518,3.31,383.188,-0.0290124490115119,-0.788338269692118,0.0190081562489218,0.614263575623046
310.3,142.228,3.256,382.045,-0.0269942373454245,-0.872813674168724,0.019995731366981,0.48689605878599
310.7,140.884,3.197,380.677,-0.0219957552288217,-0.934819597224924,0.0189963340612552,0.353931697772859
311.2,139.845,3.12,378.479,-0.0130006435477838,-0.982048612609516,0.00800039602940506,0.188009306691028
311.7,139.389,3.063,375.935,0.00200031507443829,-0.997157064607488,0.0140022055210682,0.0740116577542167
312.1,139.229,2.983,373.632,0.00199907464261112,-0.999537321305569,0.00899583589174974,0.0289865823178615
312.5,139.202,2.92,371.154,0.00399953208211783,-0.999883020529497,0.0129984792668836,0.00699918114370648
313,139.207,2.817,367.648,-0.000999879021957112,0.999879021957072,-0.0149981853293559,0.00399951608782829
313.5,139.333,2.684,363.76,0.000999709626524146,0.999709626524118,-0.015995354024386,0.0179947732774341
313.9,139.495,2.565,360.294,0.00499793627838761,0.999587255677515,-0.0149938088351627,0.0239900941362604
314.4,139.804,2.44,355.54,-0.00199907464261112,0.999537321305569,-0.00899583589174974,0.0289865823178615
314.8,140.063,2.333,351.5,-0.00200098572826659,0.999492371269147,-0.0130064072337324,0.0290142930598651
315.3,140.396,2.171,346.274,-0.00300150863723059,0.999502376197788,-0.0120060345489222,0.0290145834932291
315.8,140.746,1.975,340.961,-0.0010003702054767,0.999369835271238,-0.0130048126711974,0.0330122167807316
316.2,141.05,1.817,336.698,-0.00200077545075986,0.999387337654557,-0.0140054281553192,0.032012407212158
316.6,141.325,1.688,332.426,0,0.999468860869417,-0.0100046933019961,0.0310145492361881
317.1,141.689,1.536,327.123,-0.00599729882518189,0.999549804196982,-0.00899594823777287,0.0279873945175155
317.5,141.945,1.421,322.829,-0.000999583260652339,0.999583260652353,-0.0069970828245664,0.0279883312982659
318.4,142.516,1.19,312.927,0.00499772904810421,0.999545809620846,-0.00999545809620865,0.0279872826693837
318.8,142.793,1.103,308.34,0.00599767934705219,0.999613224508696,-0.00299883967352609,0.0269895570617348
319.2,143.055,1.017,303.685,0.00699733801922921,0.999619717032744,-0.00599771830219681,0.0259901126428513
319.7,143.407,0.867,297.82,0.00599739469788274,0.999565782980457,-0.00699696048086334,0.0279878419234528
320.1,143.715,0.737,293.145,0.0030012502811674,0.999416343628745,-0.014005834645448,0.0310129195720632
320.6,144.109,0.57,287.348,0.00400188733492257,0.999471361896911,-0.00400188733492293,0.0320150986793805
321.1,144.499,0.447,281.563,0.00300148610352293,0.99949487247314,-0.0100049536784097,0.0300148610352294
321.5,144.813,0.341,276.973,-0.00299872431414878,0.999574771382926,-0.000999574771382872,0.0289876683701049
322,145.131,0.242,271.34,0.00299867787452176,0.99955929150725,-0.011994711498087,0.0269881008706958
322.4,145.4,0.162,266.856,0.0059974666054258,0.999577767570967,0.00499788883785455,0.0279881774919871
322.9,145.747,0.133,261.391,0.00399849285223853,0.999623213059632,-0.0029988696391789,0.0269898267526101
323.3,145.981,0.044,257.053,0.00499849567916679,0.999699135833359,0.000999699135833697,0.0239927792600006
323.8,146.289,0.01,251.871,-0.000999659673811741,0.99965967381174,-0.00199931934762375,0.0259911515191052
324.2,146.497,-0.061,248.003,0.00599737072927648,0.999561788212747,-3.33066907387547e-16,0.0289872918581697
324.7,146.82,-0.129,243.537,0.00500215138774459,0.999429847271368,-0.00500215138774448,0.0330141991591143
325.1,147.089,-0.194,240.26,-0.00100034668019744,0.999346333517245,0.00300104004059275,0.0360124804871079
325.6,147.396,-0.225,236.72,-0.00100011251898794,0.999112406468948,0.00300033755696423,0.0420047257974933
326.1,147.71,-0.22,233.762,-0.00900184556753141,0.999204857995986,0.00800164050447237,0.0380077923962437
326.6,147.862,-0.208,231.282,-0.0109991311029629,0.999921009360268,0.00599952605616182,0.000999921009360268
327.1,147.626,-0.216,229.119,0.00300108809168561,-0.996361246439624,-0.00500181348614262,0.0850308292644257
328.1,145.684,-0.188,225.362,-0.0129994605335816,-0.946960701946287,-0.00799966802066554,0.320986679329206
328.6,143.855,-0.136,223.809,-0.00699671930778665,-0.891581946077956,-0.00399812531873521,0.452787692346765
329.2,140.943,-0.094,222.495,-0.00900393557996064,-0.814355951343107,-0.00700306100663609,0.58025362626413
329.7,138.036,-0.041,221.892,-0.00799990000187496,-0.764990437679293,-1.11022302462516e-16,0.643991950150934
330.3,133.877,0.009,221.488,-0.0160085508498406,-0.736393339092669,0.0020010688562301,0.676361273405767
330.9,128.972,0.044,221.262,-0.0149945579630099,-0.723737331014613,0.0149945579630102,0.689749666298457
331.4,124.285,0.098,221.048,-0.0199942724612923,-0.721793235852651,0.00499856811532305,0.691801827160712
332,118.389,0.144,220.838,-0.0219914799519582,-0.722720000239354,0.00899651452580118,0.690732393036506
332.7,111.438,0.215,220.481,-0.02699948701462,-0.727986168394199,0.00999981000541472,0.684986985370916
333.4,104.618,0.27,220.137,-0.0249980252340067,-0.727942494814275,0.0179985781684848,0.684945891411783
334.1,97.911,0.294,219.818,-0.0320157235813658,-0.725356237390319,0.0200098272383537,0.687337565637447
334.8,91.408,0.345,219.428,-0.0370092904980189,-0.728182796825885,0.0170042686071979,0.684171748666078
335.4,86.423,0.389,219.139,-0.0359813485049473,-0.730621271031014,0.0159917104466433,0.681646657788169
336.1,81.801,0.443,218.855,-0.0369928425773749,-0.723859946649174,0.010997872117598,0.68886671718409
336.7,78.897,0.495,218.798,-0.033008616373457,-0.705184077069308,0.0100026110222597,0.708184860375986
337.4,75.842,0.579,219.115,-0.026989017704237,-0.631742932928806,0.00599755948983048,0.774684767436431
338,73.389,0.647,220.063,-0.0170056212869065,-0.521172275910489,0,0.853282056337134
338.7,70.821,0.741,222.182,-0.0160026006339217,-0.359058351723618,-0.00700113777734071,0.933151649465559
339.4,69.153,0.827,225.308,-0.0140038866178795,-0.202056078343691,0.00200055523112563,0.979271785636005
340,68.37,0.865,228.272,-0.00800029601642901,-0.0990036632033091,0.00600022201232176,0.995036817043359
341.1,67.979,0.92,234.1,-0.0149979979009114,-0.0399946610690971,0.020997197061276,0.998866660200701
341.7,67.472,0.962,237.248,-0.0170076381446756,-0.101045379565425,0.0240107832630714,0.994446606812207
342.3,66.308,0.964,240.005,-0.00500099779860116,-0.234046696974534,0.00600119735832141,0.972193972048066
342.9,64.346,0.979,242.115,-0.0150037063732678,-0.409101060444437,-0.0160039534648191,0.912225347494685
343.6,61.377,1.083,243.499,-0.0150067019889913,-0.60326941995745,-0.00800357439412862,0.797356099015071
344.4,57.306,1.165,243.749,-0.00300024302952849,-0.712057679008094,-0.00900072908858551,0.702056868909666
345,53.581,1.179,243.545,-0.0019996710811585,-0.723880931379377,-0.00699884878405497,0.689886522999682
345.7,48.349,1.196,243.267,-0.00399965404488703,-0.721937555102109,-0.00299974053366528,0.691940149765456
346.3,43.272,1.217,243.034,-0.0109977951630826,-0.723854881642888,-0.00199959912056054,0.68986169659336
346.9,37.663,1.294,242.706,-0.0139939069799766,-0.728682727743065,-0.00299869435285216,0.684701877234567
347.6,30.276,1.418,242.209,-0.0110036373032925,-0.728240723345174,-0.00300099199180694,0.68522650479594
348.2,23.739,1.487,241.81,-0.0190048848832032,-0.7271869110573,-0,0.686176369993545
348.8,17.275,1.608,241.358,-0.0190013776498212,-0.731053003264175,-0.00300021752365614,0.682049450377794
349.3,12.096,1.705,240.931,-0.0149998950011025,-0.732994869053875,-0.00999993000073498,0.679995240049979
349.9,6.339,1.819,240.39,-0.00599952905545299,-0.73394238778375,-0.0179985871663591,0.67894670477543
350.6,0.619,1.936,239.899,-0.00599930112212654,-0.733914503940146,-0.0199976704070885,0.678920910320653
351.1,-2.651,2.008,239.617,-0.00799968801825081,-0.730971492667668,-0.022999103052471,0.681973403555882
351.7,-5.507,2.075,239.461,-0.00799854039955347,-0.715869365760035,-0.0209961685488279,0.697872649861041
352.3,-7.344,2.106,239.489,-0.00599961003802088,-0.696954699416759,-0.0139990900887154,0.716953399543495
352.8,-8.476,2.127,239.59,-0.00299865840048154,-0.670699928907704,-0.00899597520144462,0.741668177719101
353.9,-11.109,2.166,240.333,-0.012003979979154,-0.551182747376155,-0.00600198998957696,0.834276608551204
354.5,-12.914,2.227,241.654,-0.0170007990563339,-0.414019459371896,-0.0110005170364514,0.910042773015521
355.1,-14.429,2.324,244.032,-0.015000345011903,-0.230005290182512,-0.0100002300079353,0.973022379772105
355.8,-15.34,2.444,248.129,-0.0120038118154732,-0.0560177884722083,-0.00900285886160491,0.998317015986856
356.4,-15.571,2.562,252.63,-0.0119964675603786,-0.0209938182306626,-0.00199941126006311,0.999705630031553
357.1,-15.849,2.734,258.783,-0.0109961685027989,-0.023991640369743,0,0.999651682072624
357.7,-16.161,2.895,264.928,-0.014992850115336,-0.0269871302076048,0,0.999523341022398
358.3,-16.559,3.066,271.755,-0.0200075743005805,-0.0290109827358418,-0.00100037871502903,0.999378336313998
358.9,-17.013,3.262,278.937,-0.0170068551442131,-0.0300120973133173,0.00200080648755448,0.999402840533465
359.5,-17.519,3.424,286.311,-0.0160057230691788,-0.0320114461383575,0.00200071538364735,0.99935733413185
360.2,-18.088,3.633,294.982,-0.0139931380482685,-0.0279862760965369,0.000999509860590599,0.999509860590604
360.8,-18.562,3.853,302.57,-0.0190084035719788,-0.0270119419180752,-0.00500221146631022,0.999441850968782
361.3,-18.951,4.015,308.846,-0.0190073477601384,-0.0280108282780988,-0.00900348051796032,0.999386337493596
361.9,-19.423,4.245,316.408,-0.0210060611230772,-0.0300086587472531,-0.00900259762417592,0.999288336283528
362.5,-19.918,4.472,324.049,-0.0230060859146931,-0.0290076735446131,-0.0100026460498666,0.999264340381671
363.1,-20.359,4.719,331.555,-0.0230070527426641,-0.0290088925885765,-0.00400122656394158,0.999306334344412
363.7,-20.808,4.975,338.912,-0.0240052457193471,-0.0310067757208234,0.00500109285819733,0.999218353067825
364.2,-21.191,5.179,344.681,-0.0260022102818149,-0.0330028053576882,0.00800068008671228,0.999084925828197
364.8,-21.624,5.399,351.047,-0.0240074794949755,-0.0280087260774714,0.00400124658249592,0.999311333978356
365.3,-21.875,5.558,355.863,-0.0270097522811781,-0.0220079463031822,0.00800288956479351,0.99936083440359
366.4,-22.234,5.854,364.374,-0.0229887497598153,-0.0209897280415705,0.00299853257736721,0.999510859122403
366.9,-22.473,5.93,367.158,-0.0240085846037682,-0.052018599974831,-0.00100035769182368,0.998356976440026
367.5,-23.294,6.045,370.055,-0.0329883241994844,-0.192931714257591,0.00299893856358947,0.980652910293764
368,-24.782,6.183,371.961,-0.0429917678646054,-0.362930505461669,0.00199961710998164,0.930821764696457
368.7,-27.836,6.373,373.479,-0.0430040855822047,-0.606057578205024,0.017001615230174,0.794075440750477
369.4,-31.715,6.465,373.341,-0.0340123487242873,-0.749272035132094,0.0140050847688242,0.661240073728056
370,-35.493,6.559,372.615,-0.0280055736637938,-0.765152280457224,0.0120023887130544,0.643127995207837
370.6,-39.9,6.63,371.858,-0.0270040644175653,-0.760114405827764,0.0130019569417906,0.649097696555551
371.1,-44.079,6.708,371.28,-0.0230083535487826,-0.746270945538774,0.00200072639554619,0.665241526519149
371.6,-48.754,6.847,370.839,-0.0279903030397041,-0.734745454792234,0,0.677765195032837
372.2,-54.832,7.057,370.356,-0.0249973754133652,-0.731923152103332,0,0.680928506260067
372.7,-60.17,7.213,369.97,-0.026000234003159,-0.729006561088575,-0.00300002700036448,0.684006156083107
373.2,-65.61,7.37,369.607,-0.0270003510068446,-0.728009464184552,-0.00600007800152097,0.685008905173651
373.7,-71.064,7.555,369.24,-0.0249995125142589,-0.72998576541636,-0.00499990250285186,0.682986681889553
374.3,-77.531,7.767,368.766,-0.0230000115000086,-0.730000365000274,-0.00900000450000335,0.683000341500256
374.9,-83.896,7.976,368.36,-0.0210066181272293,-0.723227852666038,-0.0100031514891567,0.690217452751821
375.4,-88.958,8.149,368.141,-0.023992863184646,-0.716786787641299,-0.0109967289596293,0.696792734987427
375.9,-93.61,8.288,368.026,-0.0259935414073407,-0.71382263710928,-0.00499875796295012,0.69982611481302
376.4,-97.994,8.42,367.908,-0.0330033995252357,-0.721074274475604,0,0.692071287014033
376.9,-102.288,8.542,367.536,-0.0249985751218259,-0.741957709615793,0.00499971502436494,0.669961813264935
377.9,-111.383,8.762,366.388,-0.0259917878923341,-0.743765007380637,-0.0139955780958722,0.667789012003045
378.4,-116.456,8.997,365.881,-0.023993174912468,-0.733791266072981,-0.0139960186989398,0.678806906898575
378.9,-121.911,9.225,365.459,-0.0140039426648684,-0.726204455335317,-0.0140039426648683,0.687193472197469
379.5,-128.826,9.427,365.188,-0.0209951716657115,-0.716835146872149,-0.0109974708725156,0.696839745285758
380,-134.729,9.641,365.049,-0.0250113327011521,-0.713323208636857,-0.0100045330804607,0.700317315632259
380.5,-140.576,9.828,364.919,-0.0320043208749969,-0.721097354714773,0.00100013502734383,0.692093438921808
380.9,-145.236,9.976,364.619,-0.0230038764798078,-0.727122530470447,-0.00300050562780117,0.686115620223832
381.4,-150.99,10.179,364.246,-0.0299951261879595,-0.729881403907015,-0.00599902523759201,0.682889039545879
381.8,-155.524,10.338,363.936,-0.0339889553839588,-0.730762540755113,-0.00299902547505522,0.681778457995879
382.3,-161.158,10.585,363.465,-0.0310071324607933,-0.735169108344616,-0.0050011503969022,0.677155763740551
382.8,-166.68,10.804,362.977,-0.0369963190493728,-0.736926679442912,-0.0059994030890874,0.674932847522341
383.2,-171.024,10.997,362.571,-0.0359977322143035,-0.736953573387269,-0.00599962203571712,0.67495747901819
383.6,-175.308,11.171,362.174,-0.0359983801093418,-0.73696683723847,-0,0.674969627050159
384.1,-180.624,11.379,361.647,-0.0260108618026774,-0.734306637044817,-0.00700292433148998,0.678283242392896
384.4,-183.824,11.505,361.397,-0.0279970744585706,-0.729923726955592,-0.00599937309826527,0.682928637685848
384.8,-188.147,11.666,361.177,-0.0320012480730127,-0.724028237651913,-0.0010000390022816,0.689026872572056
385.2,-192.528,11.852,360.975,-0.0369974472642051,-0.72195018715557,-0.00199986201428158,0.690952325934209
385.6,-196.961,12.066,360.749,-0.0289878421497926,-0.716699407634527,-0.00999580763785957,0.696707792358808
386,-201.479,12.286,360.641,-0.0299880221772326,-0.710716125600412,-0.0129948096101341,0.702719319686483
386.4,-206.018,12.53,360.582,-0.0320082912212786,-0.708183443270788,-0.0130033683086445,0.705182665968793
387.2,-215.048,13.008,360.556,-0.0320084833722895,-0.7021861039796,-0.0110029161592244,0.711188489928056
387.6,-219.455,13.247,360.633,-0.0340006630193934,-0.695013552896424,-0.0160003120091263,0.718014001409543
387.9,-222.633,13.412,360.758,-0.0329953314908677,-0.68790266865809,-0.0149978779503946,0.724897434269063
388.3,-226.643,13.621,361,-0.0349863055415462,-0.68273276242503,-0.0129949134868599,0.729714372723678
388.7,-230.4,13.827,361.258,-0.0340076525828436,-0.679152826580906,-0.0080018006077279,0.733164980683069
389,-233.036,13.989,361.446,-0.0390145356222834,-0.674251205369718,-0.0170063360404825,0.737274685990329
389.3,-235.449,14.13,361.683,-0.0360167697103591,-0.664309307991068,-0.0190088506804673,0.746347505664664
389.6,-237.607,14.25,362.001,-0.0309975977792546,-0.647949785837321,-0.0129989926171068,0.760941029355249
389.9,-239.572,14.358,362.418,-0.040010043781642,-0.629157938466321,-0.00900225985086944,0.776194849363855
390.2,-241.332,14.457,362.862,-0.0470204112887105,-0.617267952449668,-0.00300130284821548,0.78534091194974
390.5,-242.936,14.563,363.275,-0.049000098000294,-0.61500123000369,0.00100000200000604,0.787001574004722
390.9,-244.866,14.678,363.712,-0.0509903892173634,-0.623882409247741,0,0.779853011559676
391.2,-246.158,14.76,363.958,-0.050015582281199,-0.6381988299081,0.00300093493687204,0.768239343839217
391.5,-247.392,14.824,364.095,-0.0480304369257444,-0.661419141831605,0.00200126820523942,0.748474308759517
391.8,-248.608,14.888,364.144,-0.0469988485423159,-0.683983242615831,0,0.727982164655446
392.1,-249.787,14.945,364.127,-0.0439947869266055,-0.703916590825688,-0.00199976304211851,0.708915998430984
392.5,-251.428,15.031,364.053,-0.037004181708813,-0.713080582659018,-0.00600067811494259,0.700079113409975
392.8,-252.719,15.092,364.017,-0.0360056533313944,-0.710111496258056,-0.00900141333284867,0.703110396999174
393.1,-254.017,15.162,364.003,-0.0310086991603429,-0.70319727450713,-0.0130036480349826,0.710199238833659
393.5,-255.747,15.255,364.081,-0.0310173901221118,-0.687385387544864,-0.0180100974902585,0.725406704468743
394.2,-258.614,15.429,364.424,-0.0289883635076088,-0.65973516948351,-0.018992376091192,0.750698654972903
394.6,-259.932,15.499,364.649,-0.030994467981154,-0.653883292247571,-0.01199785857335,0.755865090121046
394.9,-260.893,15.548,364.762,-0.0309998450011625,-0.6639966800249,-0.01199994000045,0.746996265028012
395.3,-262.149,15.611,364.811,-0.0290096618263502,-0.698232550165257,-0.00800266533140708,0.715238213994496
395.7,-263.55,15.684,364.653,-0.0289973033761732,-0.748930352715646,-0.00999907012971494,0.661938442587126
396.1,-265.07,15.747,364.266,-0.029995530998797,-0.806879783867639,-0.0069989572330528,0.589912109643007
396.5,-266.672,15.812,363.448,-0.0299909740750008,-0.866739150767522,0.00299909740750013,0.497850169645012
396.9,-268.246,15.847,362.129,-0.0340005780147394,-0.921015657399265,0.00500008500216721,0.388006596168203
397.3,-269.62,15.858,360.252,-0.0379878648154776,-0.960693107570367,0.00699776457127183,0.274912179585693
397.7,-270.759,15.858,357.883,-0.0370094941530316,-0.981251723354702,0.00600153959238366,0.18904849716008
398.1,-271.647,15.833,355.047,-0.0410034034237321,-0.991082263241915,0.0140011621446891,0.126010459302201
398.5,-272.302,15.771,351.828,-0.0469929985647819,-0.995851629160059,0.0119982123995187,0.0769885295635789
398.8,-272.61,15.711,349.131,-0.0400130864192386,-0.997326178999522,0.0160052345676955,0.0590193024683769
399.2,-273.026,15.608,345.229,-0.0410177440122581,-0.997431482444422,0.0140060589310149,0.0570246685048466
399.6,-273.476,15.502,341.044,-0.0389864740398552,-0.99765387414809,0.0119958381661091,0.054980924928001
400,-273.902,15.403,336.654,-0.0379943772482201,-0.997852328782202,0.0119982243941748,0.0519923057080907
400.3,-274.228,15.318,333.219,-0.039001384573729,-0.998035430886706,0.0100003550189049,0.0480017040907434
400.7,-274.628,15.252,328.479,-0.0430076990672612,-0.998178689979691,0.00500089524037899,0.0420075200191854
401,-274.886,15.14,324.921,-0.0370159017454332,-0.998428917349792,0.0180077359842648,0.0380163315223368
401.4,-275.177,15.004,320.17,-0.0359968684086667,-0.998913098340502,0.00599947806811114,0.0289974773292038
402.2,-275.492,14.795,310.829,-0.0400065015848042,-0.999162377080486,0.0050008126981005,0.00700113777734074
402.5,-275.502,14.713,307.354,0.0400072419662532,0.999180868107173,-0.00600108629493808,0.00100018104915633
402.9,-275.455,14.599,302.767,0.0449958830650407,0.998908604043904,-0.00599945107533878,0.0109989936381211
403.2,-275.359,14.518,299.349,0.0479851508933423,0.998690952967686,-0.00499845321805663,0.016994740941392
403.5,-275.203,14.438,295.924,0.0469825492238431,0.998629078183389,-0.006997400948232,0.0219918315515861
403.9,-274.964,14.316,291.397,0.0490183117598023,0.998372961964953,-0.00800298967506944,0.0280104638627442
404.2,-274.745,14.216,287.948,0.0470149060882195,0.998316516511555,-0.00800253720650515,0.033010465976835
404.6,-274.421,14.086,283.342,0.0470047477192916,0.998100813273468,-0.00800080812243275,0.039003939596859
405,-274.005,13.959,278.689,0.0459937452759348,0.997864299682237,-0.00599918416642643,0.0459937452759348
405.4,-273.505,13.829,273.958,0.0419865454679209,0.99768029469012,-0.00799743723198495,0.0529830216619002
405.9,-272.783,13.658,268.031,0.0390085242939391,0.997217915924546,-0.00800174857311581,0.0630137700132862
406.3,-272.092,13.53,263.219,0.0379848470684267,0.996602434926879,-0.00399840495457145,0.0729708904209249
406.6,-271.507,13.436,259.593,0.0359984700975306,0.995957672698346,-0.00699970251896442,0.081996515222153
407,-270.61,13.305,254.722,0.0350047259570278,0.995134352206934,-0.00400054010937502,0.0920124225156159
407.4,-269.626,13.177,249.798,0.0380017291180132,0.994045230086977,-0.00500022751552772,0.102004641316772
407.9,-268.245,13.008,243.685,0.0410163072238266,0.992394555269171,-0.00200079547433297,0.116046137511314
408.3,-267.056,12.862,238.871,0.0430191908396265,0.991442281908601,-0.00700312409017112,0.123054894727304
408.6,-266.122,12.752,235.251,0.0439909827727027,0.990796907448826,-0.00299938518904821,0.127973768066044
409,-264.815,12.612,230.457,0.0439877511167335,0.989724400126504,-0.00499860808144688,0.135962139815358
409.4,-263.412,12.449,225.665,0.0460096630439654,0.988207545379083,-0.00200042013234632,0.146030669661282
410.3,-259.97,12.094,215.061,0.0440056991070754,0.986127711808554,-0.00300038857548242,0.160020724025729
410.8,-257.996,11.905,209.284,0.0440062053124544,0.985138914381082,-0.00100014102982831,0.166023410951533
411.1,-256.748,11.793,205.811,0.0450103986032548,0.984227382791171,-0.00400092432028917,0.171039514692368
411.4,-255.485,11.674,202.37,0.0450079446033956,0.983173545447509,-0.0020003530934838,0.177031248773356
411.7,-254.18,11.565,198.964,0.0410102948761831,0.982246574839312,-0.00200050218908208,0.183045950301012
412,-252.811,11.449,195.577,0.03601754481753,0.981478096277692,-0.00500243678021248,0.18809162293599
412.4,-250.951,11.306,191.084,0.0350128345562284,0.97935900087279,0,0.199072973619699
412.7,-249.49,11.206,187.771,0.0349974452797385,0.977928613816692,-0.000999927007991951,0.205984963646461
413,-248,11.098,184.5,0.0329906649625365,0.976723626315097,-0.00199943424015356,0.211940029456296
413.3,-246.496,10.999,181.268,0.0340118041444126,0.975338501200068,0.00100034718071854,0.218075685396528
413.7,-244.431,10.889,176.977,0.0380226873014823,0.973580914324797,0.00300179110274839,0.225134332706145
414.1,-242.287,10.772,172.756,0.0379901048663557,0.971746892897308,0.00199947920349227,0.232939327206865
414.4,-240.608,10.679,169.544,0.0360208981831779,0.970563089935627,2.22044604925031e-16,0.23813816021101
414.7,-238.885,10.573,166.315,0.0389899418923203,0.96875009470919,-0.00299922629940946,0.244936814451756
415,-237.131,10.451,163.107,0.0429904786633473,0.966785880638532,-0.000999778573566164,0.251944200538687
415.3,-235.276,10.326,159.874,0.0420093691340919,0.965215267009492,-0.00100022307462131,0.258057553252279
415.6,-233.376,10.202,156.681,0.0389899808622122,0.963752347465964,-0.000999743099031253,0.263932178144206
415.9,-231.445,10.08,153.527,0.0360064637404142,0.962172725507734,-0.00100017954834478,0.270048478053106
416.2,-229.496,9.963,150.396,0.035017478083434,0.960479398859904,0.0010004993738125,0.276137827172222
416.5,-227.506,9.858,147.31,0.0299984251240204,0.958949656464519,-1.11022302462516e-16,0.281985196165792
417.2,-222.812,9.574,140.282,0.0310089473721615,0.955275636787557,-0.0010002886249082,0.29408485572308
417.5,-220.741,9.465,137.314,0.0299952911089148,0.952850414226528,-0.000999843036963796,0.301952597163076
417.8,-218.634,9.36,134.363,0.0329839242544343,0.950536726241424,0.00199902571238982,0.308849472564248
418.1,-216.468,9.272,131.447,0.0330055288891722,0.948158829907128,0.00400067016838433,0.316052943302376
418.4,-214.265,9.182,128.58,0.0339931170906132,0.945808493168237,0.00199959512297738,0.322934612360825
418.8,-211.247,9.042,124.75,0.035010890080486,0.943293409882807,0.00200062229031353,0.330102677901725
419.1,-208.918,8.945,121.865,0.0380030973786597,0.941076700876809,0.00400032603985875,0.336027387348149
419.4,-206.515,8.828,119.001,0.0369990010404577,0.93897464802675,-1.11022302462516e-16,0.34199076637396
419.7,-204.051,8.694,116.147,0.0339960396920504,0.936890858572094,-0.00199976704070864,0.347959465083339
419.9,-202.39,8.612,114.243,0.0330128940531834,0.935365331506863,0.00100039072888419,0.35213753656729
420.2,-199.828,8.487,111.402,0.0329924126175468,0.932785484005182,0.000999770079319913,0.358917458475735
420.5,-197.229,8.371,108.583,0.0330129601307763,0.930365240049151,-0.00100039273123564,0.365143346901011
420.7,-195.465,8.284,106.705,0.0339939156336037,0.928833753635817,1.11022302462516e-16,0.368933966729404
421,-192.783,8.167,103.926,0.029987183218176,0.926603961441638,0.00099957277393898,0.3748397902272
421.3,-190.059,8.046,101.166,0.0260007020284323,0.925024976011533,-0.00200005400218702,0.379010233414455
421.6,-187.288,7.918,98.382,0.0269942103627492,0.923801865747417,0,0.381918087354452
421.9,-184.474,7.806,95.607,0.0240004560129964,0.923017537499821,-0.00100001900054169,0.384007296207943
422.2,-181.616,7.681,92.819,0.0209937447959374,0.922725068888105,-0.000999702133139592,0.384885321258852
422.5,-178.762,7.592,90.048,0.0149971583077255,0.922825141202044,1.11022302462516e-16,0.384927063231622
422.8,-175.99,7.49,87.257,0.0260090657393906,0.923321833748368,0.00300104604685302,0.38313354531487
423.5,-169.511,7.271,80.745,0.0280097771186194,0.925322994097249,0.0030010475484238,0.378131991101362
423.8,-166.765,7.158,77.962,0.0289935351624078,0.925793571047918,-0,0.376915957111302
424,-164.942,7.074,76.086,0.0320195539083146,0.92556523016222,0.00100061105963476,0.377230369482332
424.3,-162.214,6.959,73.284,0.0369875927436028,0.924689818590069,0.00599798801247581,0.378872909454742
424.7,-158.558,6.827,69.601,0.0340105278878241,0.924286110833809,0.00700216750631712,0.380117664628622
424.9,-156.717,6.768,67.763,0.0330115395499616,0.924323107398924,0.00600209809999284,0.380132879666224
425.2,-153.955,6.668,64.98,0.0330117212419308,0.924328194774061,0.00500177594574719,0.380134971876778
425.5,-151.177,6.572,62.191,0.0330115395499616,0.924323107398924,0.00600209809999284,0.380132879666224
425.8,-148.422,6.465,59.423,0.0319831652940431,0.92451337178093,0.00199894783087771,0.379800087866761
426,-146.572,6.386,57.577,0.0319829735986317,0.924507830585449,0.00399787169982877,0.379797811483752
426.3,-143.821,6.286,54.803,0.0289977382646196,0.924927858440453,0.0069994540638737,0.378970441458304
426.6,-141.072,6.211,52.058,0.0230021738081422,0.925087424892674,0.00400037805359001,0.379035820577647
426.8,-139.246,6.153,50.231,0.0220027395116144,0.925115184011061,0.00100012452325517,0.379047194313721
427.1,-136.503,6.068,47.477,0.0200032507924021,0.925150349148598,0.00300048761886037,0.37906160251602
427.4,-133.767,5.99,44.722,0.0220026514792645,0.925111482650894,0.00300036156535432,0.37904567775642
427.7,-131.027,5.893,41.945,0.0259908398431485,0.924674109804321,0.0019992953725498,0.379866120784478
428,-128.259,5.822,39.162,0.022992896292399,0.924714307411697,0.00799752914518211,0.379882634396157
428.3,-125.5,5.758,36.389,0.0270143078650252,0.924489646936418,0.00600317952556113,0.380201369952206
428.6,-122.738,5.697,33.604,0.0280022122621566,0.924073004651165,0.0110008691029899,0.381030102567201
428.9,-119.966,5.641,30.835,0.0319878469268132,0.92364908001173,0.00599772129877739,0.381854922688832
429.7,-112.503,5.429,23.417,0.0310128264561579,0.924382311144836,0.00600248253990154,0.380157227527097
430.1,-108.77,5.342,19.659,0.0290133346916404,0.924424870864681,0.00800367853562499,0.380174730442185
430.4,-105.951,5.279,16.835,0.0290022912715193,0.924073004651165,0.00800063207490192,0.381030102567201
430.8,-102.204,5.199,13.078,0.02800277241171,0.924091489586428,0.00900089113233562,0.381037724602196
431.2,-98.466,5.119,9.375,0.023005211270596,0.924209357131771,0.00900203919284176,0.381086325830308
431.5,-95.671,5.075,6.595,0.01999800029995,0.92390761385769,0.00999900014997509,0.381961805729045
431.9,-92.02,5.033,2.928,0.0220134212716448,0.924563693409083,0.0110067106358224,0.380231821964774
432.3,-88.443,4.982,-0.723,0.0270080090622065,0.925274384538556,0.0130038562151364,0.378112126870891
432.6,-85.775,4.963,-3.451,0.0280023522963935,0.926077793802156,0.0140011761481968,0.376031587980141
433,-82.282,4.907,-7.06,0.0319936339002178,0.926815582046934,0.0129974137719636,0.373925596208795
433.4,-78.808,4.851,-10.639,0.0309934610694987,0.926804464884688,0.0159966250681281,0.373921110967501
433.8,-75.47,4.813,-14.083,0.0279970044807723,0.926900826916996,0.0149983952575566,0.373959988421744
434.1,-73.036,4.787,-16.553,0.0240041650839945,0.92616070282412,0.0150026031774969,0.37606525298258
434.5,-69.933,4.749,-19.692,0.0259988820721058,0.924960227565304,0.0119994840332796,0.378983704051081
434.9,-66.99,4.7,-22.67,0.0299876326517708,0.923619085674542,0.0149938163258854,0.381842522432549
435.3,-64.225,4.652,-25.349,0.0269926185281108,0.920748209792225,0.015995625794436,0.388893652127227
435.7,-61.672,4.609,-27.714,0.0250047138328781,0.915172526283339,0.0130024511930968,0.40207579843268
436,-59.822,4.576,-29.291,0.0230057636657879,0.905226787719044,0.0130032577241409,0.424106251925829
436.3,-57.96,4.543,-30.669,0.0210028145657403,0.889119149949675,0.0110014742963401,0.457061250311588
436.6,-56.041,4.503,-31.831,0.0169972296773255,0.865858876503758,0.00899853335858435,0.499918519921338
437.4,-50.72,4.412,-33.505,0.00600021901199098,0.759027705016859,0.00300010950599564,0.651023762801021
437.7,-48.651,4.366,-33.567,0.00600069912217397,0.703081913814717,0.00100011652036218,0.711082845977616
438,-46.658,4.332,-33.306,0.005999982000081,0.643998068008694,-0.00299999100004041,0.764997705010327
438.4,-44.157,4.268,-32.47,0,0.565028534661519,-0.00700035352677984,0.8250416656562
438.7,-42.423,4.233,-31.606,-0.00100012102196593,0.523063294488181,-0.0180021783953867,0.852103110714972
439,-40.749,4.178,-30.667,0,0.504940672956187,-0.0209975329348117,0.862898615368691
439.4,-38.562,4.1,-29.427,0,0.503051817005865,-0.017001751270576,0.864089005751625
439.8,-36.452,4.033,-28.262,0.000999902514257058,0.511950087299614,-0.0129987326853418,0.858916259746813
440.2,-34.463,3.963,-27.251,0.00500115289863002,0.5231205931967,-0.00900207521753394,0.852196453926555
440.5,-33.082,3.918,-26.584,0.00600167470089492,0.531148211029201,-0.00600167470089496,0.847236411943
440.9,-31.424,3.862,-25.811,0.00499999250001688,0.540999188501826,-0.00399999400001344,0.840998738502838
441.3,-30.034,3.816,-25.212,0.00599899825093116,0.548908339960201,-0.000999833041821857,0.835860422963075
441.6,-29.224,3.792,-24.867,0.00800093616430004,0.55306471235724,-0.00200023404107499,0.833097478107741
442,-28.27,3.755,-24.462,0.0130078135387498,0.54932997175182,-0.00200120208288459,0.835501869604317
442.5,-27.208,3.709,-23.917,0.0170019468343752,0.523059893786954,-0.00700080163768387,0.852097570758098
443,-26.211,3.67,-23.26,0.0200044314724111,0.474105025896142,-0.00900199416258503,0.880194984786087
443.5,-25.045,3.604,-22.228,0.0119996880121675,0.409989340415722,-0.00799979200811161,0.911976288924728
444,-23.842,3.549,-20.804,0.0079990481698983,0.332960380072017,-0.00599928612742376,0.942887803026763
444.5,-22.696,3.513,-18.864,0.00599853653560619,0.243940485781318,-0.00399902435707077,0.969763406589668
445,-21.703,3.462,-16.259,0.00500036253942664,0.147010658659143,0.0100007250788533,0.989071710298589
445.9,-20.889,3.4,-10.037,0.00399812531873523,0.0289864085608304,0.00899578196715426,0.999531329683807
446.4,-20.734,3.36,-5.883,0.00399901436442379,0.0209948254132249,0.00599852154663568,0.999753591105946
446.9,-20.584,3.302,-1.302,0.00599880935450297,0.0189962296225927,0,0.999801559083828
447.3,-20.461,3.24,2.578,0.00499949257725381,0.0129986807008599,0.00299969554635228,0.999898515450761
447.8,-20.405,3.204,7.697,-0.000999979000661477,0.00399991600264591,0.00499989500330738,0.999979000661477
448.3,-20.418,3.167,13.055,-0.000999987000253495,0,0.00499993500126747,0.999987000253494
448.7,-20.44,3.127,17.402,0.00199994300243664,-0.00199994300243664,0.00699980050852822,0.999971501218317
449.2,-20.488,3.088,22.975,-0.00399996400048599,0.000999991000121498,0.000999991000121499,0.999991000121498
449.6,-20.49,3.073,27.474,-0.000999982500459362,0.00499991250229681,-0.00299994750137809,0.999982500459362
450,-20.45,3.046,31.999,0.00199990700648625,0.00799962802594499,-0.00499976751621562,0.999953503243124
450.6,-20.325,2.99,38.939,-0.00299984101263938,0.00899952303791815,0.00399978801685251,0.999947004213128
451.1,-20.244,2.99,44.825,0.0019998960081113,0.00999948004055649,0,0.999948004055649
451.6,-20.148,2.937,50.802,-0.00299983501361125,0.00999945004537084,-0.000999945004537085,0.999945004537084
452,-20.089,2.925,55.558,0,0.00999942005045512,-0.00399976802018205,0.999942005045512
452.5,-19.982,2.841,61.432,0.000999945004537085,0.00999945004537084,0.00299983501361126,0.999945004537084
453,-19.891,2.816,67.247,-0.00699929310709248,0.0119987881835871,-0.00299969704589678,0.999899015298925
453.5,-19.771,2.796,72.95,-0.00699912866271886,0.0139982573254377,-0.0019997510464911,0.999875523245552
