0.2,0,0,0,0,0,0,1
0.3,-0.01,-0.003,0.682,0,-0.001999996000012,0,0.999998000006
0.4,-0.023,-0.002,1.412,0.000999991000121498,-0.00399996400048599,-0.000999991000121499,0.999991000121498
0.6,-0.053,-0.013,2.909,0.000999958502583196,-0.00899962652324877,-0.000999958502583197,0.999958502583196
0.8,-0.105,-0.018,4.482,0.000999910512013583,-0.0129988366561766,-0.00299973153604075,0.999910512013583
1,-0.16,-0.026,6.097,-0.00199966308515284,-0.0179969677663755,-0.00299949462772925,0.999831542576418
1.3,-0.269,-0.034,8.569,-0.000999777074565787,-0.0209953185658815,-0.00199955414913157,0.999777074565787
1.5,-0.351,-0.036,10.27,-0.00199946621377187,-0.0229938614583766,-0.000999733106885936,0.999733106885937
1.8,-0.494,-0.048,12.887,0.000999679154478856,-0.0249919788619714,-0.00399871661791543,0.999679154478856
2,-0.595,-0.061,14.671,0,-0.0259910086662332,-0.00399861671788203,0.999654179470508
2.2,-0.703,-0.076,16.483,0,-0.0269899481161415,-0.00399851083202097,0.999627708005242
2.4,-0.814,-0.089,18.305,0,-0.028987581481433,-0.00399828710088732,0.999571775221828
2.7,-0.985,-0.093,21.09,-0.00399825514236246,-0.0289873497821278,-0.00399825514236246,0.999563785590615
2.9,-1.096,-0.085,22.982,-0.00599765837151965,-0.0269894626718384,-0.00399843891434644,0.999609728586608
3.1,-1.208,-0.084,24.888,-0.00299893556677717,-0.0259907749120688,-0.00499822594462861,0.999645188925722
3.3,-1.305,-0.09,26.81,-0.00199935531185113,-0.0249919413981392,-0.00399871062370227,0.999677655925567
3.5,-1.403,-0.082,28.758,-0.00599801498550534,-0.0249917291062723,-0.000999669164250887,0.999669164250891
3.7,-1.497,-0.086,30.73,-0.00399858475145266,-0.0259908008844423,0.00399858475145266,0.999646187863164
3.9,-1.618,-0.085,32.696,-0.00199920347609056,-0.0279888486652678,0.00299880521413584,0.999601738045278
4.1,-1.742,-0.083,34.699,-0.00399826912412279,-0.0289874511498902,0.00299870184309209,0.999567281030697
4.299999999,-1.872,-0.083,36.711,-0.00599718198654393,-0.0299859099327197,0.00199906066218131,0.999530331090656
4.5,-2.009,-0.07,38.726,-0.00799614279143031,-0.0299855354678637,-0.000999517848928792,0.999517848928789
4.7,-2.135,-0.067,40.711,-0.00799614279143031,-0.0299855354678637,-0.000999517848928792,0.999517848928789
4.9,-2.273,-0.058,42.694,-0.00699645369673585,-0.0309842949426874,-0.00199898677049596,0.999493385247979
5.1,-2.401,-0.046,44.685,-0.00800364248618543,-0.0320145699447417,-0.00100045531077318,0.999454855462405
5.3,-2.546,-0.049,46.636,-0.00400190135482261,-0.0320152108385809,-0.00300142601611696,0.999474863366947
5.5,-2.679,-0.046,48.582,-0.00500219143988115,-0.0330144635032156,-0.00300131486392869,0.999437849688254
5.8,-2.871,-0.044,51.487,-0.00700301544736491,-0.0330142156804346,0,0.999430347416792
6,-2.998,-0.041,53.411,-0.00700276663934177,-0.0340134379625172,0.00200079046838336,0.99939483895749
6.2,-3.126,-0.029,55.319,-0.0110038355051268,-0.0340118551976646,0.00500174341142127,0.999348333601971
6.4,-3.269,-0.005,57.218,-0.0110035051746861,-0.0350111528285468,0.00400127460897677,0.999318333591949
6.6,-3.418,-0.009,59.07,-0.00500169335985199,-0.0360121921909343,0.0010003386719704,0.999338333298427
6.8,-3.572,0.001,60.877,-0.00600177078361028,-0.0370109198322634,-0.00200059026120343,0.999294835471112
7,-3.719,-0.002,62.644,-0.00700171563051997,-0.0380093134228227,-0.00400098036029712,0.999244844984207
7.2,-3.866,0,64.345,-0.0080012402883745,-0.0400062014418725,-0.00500077518023406,0.999154881010765
7.4,-4.006,0.001,65.975,-0.00800091615735303,-0.0410046953064343,-0.00500057259834564,0.999114405149459
7.6,-4.154,0.018,67.569,-0.0119997420083202,-0.0429990755298141,-0.00699984950485345,0.998978522192657
7.8,-4.306,0.022,69.1,-0.0109992355796899,-0.0439969423187596,-0.00899937456520083,0.998930576737291
8,-4.448,0.02,70.551,-0.00399971603024242,-0.0449968053402272,-0.00999929007560605,0.998929078553045
8.2,-4.587,0.026,71.94,-0.00499934262966346,-0.0459939521929038,-0.0109985537852596,0.998868657406759
8.4,-4.715,0.017,73.22,-0.00499916271036315,-0.0469921294774136,-0.0099983254207263,0.998832709530557
8.7,-4.874,-0.005,75.021,-0.000999968501488296,-0.0449985825669733,-0.00599981100892978,0.998968532986809
8.9,-4.983,-0.004,76.149,-0.00300039007606648,-0.0410053310395752,-0.00700091017748845,0.999129895330138
9.99999999,-5.043,-0.014,77.219,-0.00700274911864953,-0.034013352862012,-0.00300117819370694,0.999392338504411
9.4,-5.126,-0.006,78.73,-0.00699897472529862,-0.0119982423862262,-0.00999853532185517,0.999853532185516
9.6,-5.092,-0.008,79.686,-0.00799891222190171,0.0119983683328526,-0.00799891222190171,0.999864027737713
9.9,-4.936,-0.003,81.036,-0.0109999010013365,0.0619994420075329,-0.00699993700085049,0.997991018121255
10.1,-4.749,0.004,81.869,-0.0110029877168027,0.106028790725554,-0.00800217288494745,0.99426998095472
10.4,-4.297,0.002,83.057,-0.00900236793419099,0.187049200410413,-0.01000263103799,0.982258367930618
10.7,-3.646,0.004,84.057,-0.00699947855827039,0.279979142330816,-0.0099992550832434,0.959928487991368
11,-2.868,0.001,84.867,-0.00800107221552013,0.372049858021686,-0.0100013402694002,0.928124377000335
11.3,-1.935,-0.017,85.497,-0.00599967602624164,0.455975377994365,-0.00599967602624163,0.88995194389251
11.6,-0.941,-0.02,85.999,-0.0059989052996651,0.526903848820585,-0.00999817549944181,0.849844917452556
11.9,0.135,-0.037,86.303,-0.00100050137681615,0.58029079855337,0.00100050137681617,0.81440812072835
12.2,1.243,-0.045,86.607,-0.00300075778702392,0.619156356722601,-0.0100025259567464,0.785198287604592
12.4,2.041,-0.065,86.735,0.00200025004688477,0.639079889979683,-0.00800100018753912,0.769096143027193
12.7,3.317,-0.075,86.888,0.00800157646586096,0.661130255491762,-0.0110021676405589,0.750147793674465
13,4.723,-0.118,87.024,0.00499975251837536,0.676966490988023,-0.00699965352572547,0.735963570704853
13.2,5.732,-0.141,87.075,0.0070025423844121,0.685248790474612,-0.0040014527910926,0.728264407978858
13.5,7.373,-0.174,87.147,0.00900542740551057,0.692417307179257,-0.00300180913517012,0.721434795485903
13.7,8.562,-0.195,87.181,0.00999975500900339,0.695982948626636,-0.00299992650270116,0.717982409646443
14,10.48,-0.231,87.221,0.0120001740037846,0.699010135720452,-0.00100001450031532,0.715010367725499
14.2,11.845,-0.262,87.245,0.0139998180035489,0.698990913177193,0.00199997400050699,0.714990705181249
14.5,14.015,-0.302,87.304,0.0149986426842528,0.695937020549331,0.00399963804913413,0.717935029819569
14.7,15.546,-0.328,87.362,0.014997368192803,0.692878410507498,0.00599894727712118,0.72087349780073
14.9,17.142,-0.351,87.442,0.0119972649353566,0.689842733783003,0.00599863246767831,0.72383498443318
15.2,19.565,-0.398,87.606,0.0120043823995097,0.686250527171974,-0.00100036519995914,0.727265500370299
15.4,21.217,-0.441,87.717,0.0110040612480391,0.686253274195892,-0.00400147681746884,0.727268411574947
15.7,23.686,-0.518,87.874,0.00800318189733203,0.686272847696221,-0.00400159094866612,0.727289154920048
15.9,25.323,-0.567,87.989,0.00700276663934177,0.686271130655493,-0.00600237140515012,0.727287335257352
16.1,26.961,-0.613,88.096,0.00500216640718306,0.687297664346952,-0.00800346625149297,0.726314562322979
16.3,28.59,-0.659,88.19,0.00199972205794958,0.690903971021578,-0.00799888823179829,0.722899523948771
16.6,31.02,-0.722,88.279,0.00100002900126156,0.698020242880569,-0.00900026101135399,0.716020764903278
16.8,32.636,-0.761,88.303,0,0.705583475899933,-0.00799528018016919,0.708581705967497
17,34.231,-0.801,88.293,0,0.713059186368805,-0.00800066408267948,0.701058190244786
17.3,36.582,-0.86,88.21,0.000999794563323689,0.724851058409673,-0.00799835650658961,0.68885845413002
17.5,38.12,-0.897,88.115,0.000999493884488816,0.731629523445813,-0.00799595107591065,0.681654829221372
17.699999999,39.618,-0.937,87.989,0.00199966308515284,0.737875678421397,-0.00799865234061132,0.674886291239082
18,41.821,-0.992,87.759,0.00300007800304213,0.745019370755463,-0.00500013000507035,0.667017342676367
18.199999999,43.234,-1.024,87.594,0.00399916026450742,0.747842969462888,-0.00199958013225365,0.663860603908232
18.5,45.241,-1.07,87.358,0.00400182124309271,0.748340572458337,-0.00100045531077307,0.663301871042617
18.699999999,46.502,-1.099,87.22,0.00499974751912527,0.74596232985349,-0.00199989900765011,0.665966369547485
19,48.25,-1.145,87.079,0.00500014250609216,0.735020948395548,-0.00300008550365528,0.678019323826098
19.2,49.328,-1.177,87.041,0.00599937309826514,0.721924562824572,-0.00499947758188779,0.691927697333246
19.5,50.881,-1.223,87.113,0.00599925613835541,0.69191420795699,-0.00799900818447389,0.721910488648767
19.8,52.413,-1.259,87.351,0.000999475912289981,0.645661439339328,-0.00599685547373984,0.763599596989545
20.1,53.853,-1.28,87.822,-0.00399815527691138,0.582731131609834,-0.00699677173459491,0.812625060032238
20.4,55.117,-1.316,88.508,0.00300109409823456,0.501182714405172,-0.00600218819646914,0.865315464990966
20.7,56.172,-1.333,89.43,0.00600251858493042,0.409171683539423,-0.0100041976415506,0.912382824909424
21,57.026,-1.361,90.542,0.0010000620057666,0.315019531816478,-0.00700043404036618,0.9490588434725
21.3,57.638,-1.37,91.803,-0.0080005920657201,0.226016725856593,-0.00600044404929008,0.974072084001423
21.6,58.065,-1.369,93.146,-0.0109962728951258,0.161945109910034,-0.01199593406741,0.986665577044468
21.8,58.32,-1.357,94.087,-0.0109985812745175,0.133982717344122,-0.00999871024956132,0.990872185731529
22.1,58.644,-1.333,95.562,-0.0110037969650424,0.114039350364985,-0.0120041421436827,0.99334276238974
22.4,58.948,-1.318,97.121,-0.00799863235079202,0.108981365779541,-0.018996751833131,0.993830069585909
22.7,59.329,-1.313,98.766,-0.00100020056032053,0.115023064436861,-0.0180036100857696,0.993199156398289
22.9,59.593,-1.308,99.937,-0.00299858799750149,0.11994351990006,-0.021989645315011,0.992532627172994
23.2,60.057,-1.307,101.771,-0.010997883111232,0.125975752001385,-0.0179965360001979,0.991809095122015
23.5,60.571,-1.297,103.689,-0.00599804195889847,0.127958228456501,-0.0129957575776133,0.991676270537879
23.7,60.899,-1.288,105.02,-0.000999901514550985,0.125987590833424,-0.0159984242328158,0.991902302434578
23.9,61.253,-1.286,106.42,-0.00600106528364016,0.124022015861897,-0.0130023081145537,0.992176126895173
24.2,61.764,-1.272,108.59,-0.00700335190602251,0.121057940089818,-0.0170081403431975,0.992475012967761
24.5,62.293,-1.263,110.854,-0.00400090830929102,0.115026113892117,-0.0160036332371641,0.993225487781495
24.7,62.663,-1.264,112.439,-0.00599756548252086,0.111954555673723,-0.0139943194592153,0.993596681604289
25,63.209,-1.248,114.841,-0.00799783288089414,0.110969931222406,-0.0109970202112294,0.993730735451097
25.3,63.724,-1.24,117.299,-0.00600291512311027,0.112054415631392,-0.0200097170770342,0.99348245287475
25.5,64.085,-1.231,118.975,-0.00800034402218959,0.115004945318975,-0.0240010320665688,0.993042701754283
25.8,64.667,-1.231,121.465,-0.0069983800625016,0.11797269248217,-0.0209951401875048,0.99277020029487
26.1,65.281,-1.234,123.973,-0.00699699543555214,0.119948493180894,-0.0189918447536415,0.992573781071897
26.3,65.676,-1.216,125.66,-0.012004262269793,0.121042977887079,-0.0210074589721377,0.992352347636221
26.6,66.289,-1.241,128.107,0.00200100275363231,0.121060666594755,-0.0170085234058746,0.992497365801625
26.9,66.899,-1.201,130.601,-0.0169925079556233,0.11994711498087,-0.011994711498087,0.992562376466699
27.2,67.456,-1.198,133.02,-0.00499910274157961,0.117978824701279,-0.0189965904180025,0.992821804477709
27.5,68.02,-1.22,135.438,-0.00500168585224619,0.114038437431213,-0.0160053947271878,0.993334810256094
27.7,68.364,-1.229,137.037,-0.00499878794086869,0.109973334699111,-0.0179956365871273,0.993759042644696
28,68.871,-1.23,139.453,-0.0080000400003,0.107000535004013,-0.0210001050007875,0.994004970037275
28.3,69.377,-1.238,141.827,-0.0049976316837399,0.102951212685042,-0.0169919477247157,0.99452870506424
28.6,69.835,-1.224,144.19,-0.0100042176668073,0.0940396460679882,-0.0140059047335301,0.995419657847321
28.8,70.115,-1.189,145.79,-0.0149966186437008,0.088979937285958,-0.0169961677961942,0.995775477941733
29.1,70.51,-1.182,148.167,-0.00599789810500676,0.0799719747334235,-0.0159943949466847,0.99665073511529
29.4,70.829,-1.166,150.591,-0.0080029015778283,0.0690250261087691,-0.0210076166417993,0.997361609136852
29.7,71.101,-1.165,153.031,-0.00600102026017372,0.056009522428288,-0.0220037409539703,0.998169703275562
30,71.31,-1.14,155.515,-0.0129955692661916,0.0439850036701869,-0.0239918201837383,0.998659515148107
30.3,71.473,-1.111,157.977,-0.0109990816150261,0.036996910886906,-0.0259978292718799,0.998916593946463
30.7,71.645,-1.055,161.271,-0.0139995940176602,0.0309991010391046,-0.0299991300378432,0.998971030260178
31,71.772,-1.038,163.731,-0.0120039259257716,0.0240078518515432,-0.0250081790120241,0.999326833320484
31.3,71.842,-0.993,166.193,-0.0129940630694561,0.0129940630694561,-0.0239890395128419,0.999543313035081
31.6,71.883,-0.941,168.692,-0.0159960254814404,0.00399900637036011,-0.0149962738888504,0.999751592590028
31.8,71.886,-0.917,170.343,-0.00899914512181821,-0.00299971504060607,-0.00999905013535357,0.999905013535357
32.1,71.832,-0.868,172.882,-0.0159960014993753,-0.0119970011245315,-0.00999750093710955,0.999750093710955
32.399999999,71.727,-0.829,175.435,-0.0139951794908551,-0.017993802202528,-0.0129955238129369,0.999655677918223
32.7,71.598,-0.79,177.97,-0.00999617219893139,-0.0209919616177559,-0.0149942582983971,0.999617219893139
33,71.472,-0.725,180.541,-0.0159920379471601,-0.0219890521773451,-0.0159920379471601,0.999502371697504
33.2,71.406,-0.708,182.24,-0.00699739045994693,-0.0239910530055323,-0.0109958992942023,0.999627208563847
33.399999999,71.325,-0.696,183.954,-0.00699729257156088,-0.0259899438372261,-0.00699729257156088,0.999613224508696
33.7,71.167,-0.665,186.498,-0.0119942800922688,-0.0269871302076048,-0.00899571006920158,0.999523341022398
33.899999999,71.053,-0.641,188.187,-0.00900434564541391,-0.0280135197857322,-0.0130062770433757,0.999482366640944
34.2,70.884,-0.612,190.695,-0.0130049232953773,-0.0280106040208127,-0.0170064381554935,0.999378336313998
34.399999999,70.782,-0.598,192.351,-0.0110039235982689,-0.0290103440317998,-0.0180064204335309,0.999356334060965
34.7,70.615,-0.545,194.781,-0.0130027828933406,-0.0310066361302738,-0.0210044954430887,0.999213854649792
34.899999999,70.523,-0.513,196.343,-0.019003401913441,-0.032005729538427,-0.0160028647692135,0.999178869027767
35.2,70.37,-0.495,198.568,-0.011003290475852,-0.0320095722933876,-0.0160047861466938,0.999298835034194
35.5,70.24,-0.49,200.627,-0.00699649563331178,-0.0279859825332471,-0.0129934918904362,0.999499376187397
35.7,70.158,-0.472,201.968,-0.012994296755312,-0.0219903483551433,-0.0149934193330523,0.999561288870151
36,70.065,-0.444,203.928,-0.0109967619303471,-0.0119964675603786,-0.017994701340568,0.999705630031553
36.2,70.031,-0.441,205.211,-0.00399911829161434,-0.00499889786451792,-0.0199955914580717,0.999779572903584
36.5,70.06,-0.429,207.161,-0.00999844036494511,0.00399937614597805,-0.0139978165109232,0.999844036494512
36.7,70.084,-0.427,208.436,-0.0119977866125361,0.00899833995940211,-0.0119977866125361,0.999815551044679
37,70.101,-0.384,210.347,-0.013996879043921,0.00899799367109207,-0.0129971019693552,0.999777074565787
37.2,70.106,-0.363,211.65,-0.0129962706054276,0.00899741811144987,-0.0179948362228997,0.99971312349443
37.5,70.12,-0.346,213.593,-0.00399931817437195,0.00599897726155792,-0.0169971022410808,0.999829543592987
37.7,70.109,-0.313,214.955,-0.0109971136364559,0.00199947520662835,-0.0199947520662835,0.999737603314176
38,70.111,-0.277,217.012,-0.021992029333788,-0.00399855078796145,-0.0149945654548554,0.999637696990364
38.2,70.076,-0.236,218.386,-0.0149962589000485,-0.00699825415335595,-0.0149962589000485,0.999750593336563
38.5,70.074,-0.18,220.483,-0.0169966434943321,-0.0089982230264111,-0.00499901279245061,0.999802558490122
38.8,70.038,-0.133,222.569,-0.0149973756888616,-0.0109980755051652,0.00199965009184821,0.999825045924106
39,70.02,-0.103,223.955,-0.0159965131401618,-0.0119973848551213,0.00599869242756066,0.999782071260109
39.3,69.971,-0.049,226.039,-0.0189943595127127,-0.0129961407192245,0.00799762505798431,0.999703132248039
39.6,69.917,-0.024,228.071,-0.00799874429571062,-0.0129979594805298,0.00899858733267445,0.999843036963828
39.8,69.877,-0.005,229.406,-0.0119978885574045,-0.0119978885574045,0.00799859237160299,0.999824046450375
40,69.848,0.009,230.691,-0.0179948362228997,-0.0129962706054276,0.00899741811144986,0.99971312349443
40.2,69.808,0.046,231.906,-0.0209922657748305,-0.013994843849887,0.00999631703563357,0.999631703563357
40.4,69.78,0.065,233.05,-0.0200093365337477,-0.0210098033604351,0.0150070024003108,0.999466359860697
40.6,69.709,0.085,234.108,-0.0170028227028725,-0.0330054793643995,0.0170028227028725,0.999165875304094
40.8,69.599,0.102,235.11,-0.0160033930790373,-0.0540114516417508,0.0200042413487966,0.998211643304949
41.1,69.328,0.13,236.584,-0.017999946000243,-0.095999712001296,0.0209999370002835,0.994997015013432
41.3,69.048,0.138,237.495,-0.0139939629072274,-0.134941785176836,0.0189918068026658,0.990572660075883
41.5,68.68,0.144,238.363,-0.0110054710790274,-0.180089526747722,0.0140069631914895,0.983488915516724
41.8,67.953,0.149,239.492,-0.00600225126641653,-0.257096429244842,-0.00300112563320826,0.966362453893062
42.1,67.098,0.167,240.459,-0.00800216087519385,-0.340091837195739,-0.0140037815315893,0.940253902835277
42.4,66.106,0.214,241.26,-0.0179983082385346,-0.417960713539304,-0.02599755634455,0.907914660032747
42.7,65.045,0.258,241.872,-0.0219960740511415,-0.493911844602905,-0.0259953602422581,0.868844925020091
43,63.948,0.318,242.318,-0.0199942225044237,-0.567835919125634,-0.0149956668783177,0.822762256057037
43.3,62.649,0.386,242.596,-0.0190006935379714,-0.629022959757054,-0.0140005110279789,0.777028362052832
43.7,60.71,0.46,242.754,-0.0159921657576981,-0.685664106861305,-0.0119941243182736,0.727643541975262
44,59.143,0.512,242.745,-0.011999976000072,-0.70999858000426,-0.0119999760000721,0.703998592004224
44.3,57.446,0.563,242.649,-0.00899858283479649,-0.720886469320919,-0.0119981104463953,0.69289087827933
44.5,56.218,0.597,242.576,-0.00899804313840296,-0.722842798785037,-0.0119973908512039,0.690849756515161
44.8,54.246,0.651,242.461,-0.0100049586858478,-0.722358017118209,-0.0120059504230173,0.691342645192081
45.1,52.109,0.709,242.375,-0.00899860532425374,-0.721888116012355,-0.00899860532425377,0.691892764931509
45.3,50.568,0.752,242.304,-0.008998866214281,-0.720909171166289,-0.0089988662142809,0.692912698499637
45.6,48.101,0.809,242.216,-0.0109991421003729,-0.718943924560741,-0.00699945406387366,0.694945796341746
45.9,45.489,0.877,242.124,-0.0149982827949243,-0.717917803117045,-0.00799908415729305,0.695920321684489
46.2,42.827,0.948,242.033,-0.0159977844602678,-0.717900577654516,-0.00899875375890072,0.695903624021647
46.5,40.174,1.013,241.935,-0.017996320128762,-0.719852805150482,-0.00699856893896308,0.693858120520047
46.7,38.417,1.062,241.862,-0.0229914832329011,-0.72173264757194,-0.00799703764622645,0.691743756398591
47,35.791,1.144,241.725,-0.0220062726816988,-0.724206428252271,-0.00700199585326799,0.689196448985932
47.3,33.175,1.215,241.563,-0.0190050370022969,-0.726192466508817,-0.00800212084307228,0.687182127398839
47.6,30.592,1.272,241.379,-0.0139946970145569,-0.726724623541631,-0.00799696972260386,0.686739774928612
47.8,28.888,1.303,241.278,-0.0140054001228217,-0.725279649217554,-0.00800308578446954,0.688265377464382
48.1,26.341,1.36,241.151,-0.0180071863012874,-0.723288649768379,-0.00700279467272292,0.690275474882686
48.4,23.826,1.415,241.035,-0.0190086413917153,-0.72132791807509,-0.00500227405045145,0.692314728582472
48.7,21.336,1.484,240.934,-0.0219926556792999,-0.721758972747933,-0.00599799700344539,0.691768987730706
48.9,19.711,1.523,240.847,-0.0219918315515861,-0.722731555081672,-0.00699740094823195,0.690743436461183
49.2,17.279,1.585,240.702,-0.0180053573908542,-0.726216081431121,-0.00600178579695141,0.687204473750937
49.4,15.684,1.621,240.588,-0.0169907086228803,-0.729601017335448,-0.00699617413883314,0.683626158708831
49.7,13.305,1.685,240.383,-0.0159984242328158,-0.733927711680424,-0.0119988181746119,0.67893312838012
50,10.988,1.748,240.149,-0.0110052342336131,-0.736350217812661,-0.0160076134307102,0.676321667447498
50.3,8.763,1.807,239.925,-0.00799772097423724,-0.736790044751606,-0.0189945873138134,0.675807422323048
50.5,7.355,1.846,239.784,-0.00700293484467874,-0.736308577954793,-0.021008804534036,0.676283422143262
50.8,5.355,1.897,239.609,-0.00599891429476008,-0.733867182058983,-0.0229958381299136,0.678877134357016
51.1,3.473,1.942,239.458,-0.0050000150000675,-0.731002193009869,-0.022000066000297,0.682002046009207
51.4,1.722,1.989,239.342,-0.00600081316527958,-0.728098664053922,-0.022002981606025,0.685092836369418
51.7,0.131,2.028,239.256,-0.0070022340690589,-0.723230747418512,-0.0220070213598994,0.690220215378663
52,-1.313,2.069,239.198,-0.00799786485508749,-0.718808103850988,-0.0219941283514906,0.694814509285726
52.3,-2.604,2.103,239.165,-0.0100050137681615,-0.713357481669918,-0.0230115316667714,0.700350963771308
52.5,-3.377,2.127,239.164,-0.0109982898988708,-0.708889776209033,-0.0219965797977415,0.704890398063989
52.8,-4.402,2.151,239.178,-0.0109986197598248,-0.702911790105165,-0.0199974904724087,0.710910786294129
53.1,-5.231,2.178,239.198,-0.0109979050985991,-0.697867068983832,-0.0199961910883622,0.715863640963358
53.4,-5.819,2.184,239.229,-0.0100053943617335,-0.694374368704303,-0.0150080915426003,0.719387854608636
53.7,-6.179,2.197,239.243,-0.00999792564562048,-0.692856247241499,-0.0149968884684305,0.720850439049236
54,-6.369,2.202,239.252,-0.00899820953443625,-0.691862333092209,-0.0129974137719634,0.721856364873663
54.3,-6.459,2.204,239.253,-0.00899820953443625,-0.691862333092209,-0.0129974137719634,0.721856364873663
54.6,-6.454,2.203,239.253,-0.00799847643534478,-0.691868211657323,-0.0129975242074353,0.721862498289866
54.9,-6.451,2.201,239.253,-0.00699880680515091,-0.691882044166347,-0.0119979545231159,0.721876930474137
55.2,-6.46,2.202,239.255,-0.00699880680515091,-0.691882044166347,-0.0119979545231159,0.721876930474137
55.6,-6.523,2.204,239.257,-0.00699880680515091,-0.691882044166347,-0.0119979545231159,0.721876930474137
55.9,-6.623,2.209,239.26,-0.00599908520925306,-0.691894494133853,-0.0109983228836306,0.721889920180119
56.2,-6.855,2.216,239.273,-0.0040021837870463,-0.690376703265486,-0.00800436757409255,0.723394719508618
56.5,-7.263,2.223,239.306,-0.00300096796827983,-0.684220696767802,-0.00700225859265294,0.729235216291999
56.8,-7.84,2.238,239.362,-0.00100031414797144,-0.671210793288836,-0.00700219903580009,0.741232783646837
57.1,-8.544,2.245,239.489,-0.00499888287450238,-0.648854997110408,-0.00999776574900472,0.760829973499262
57.5,-9.585,2.26,239.789,-0.00799938807021805,-0.603953799301463,-0.00799938807021801,0.796939036495473
57.8,-10.453,2.279,240.184,-0.0149998275029756,-0.552993640609699,-0.00999988500198373,0.832990420665243
58.2,-11.582,2.326,240.943,-0.0180007740499266,-0.463019910284222,-0.0150006450416055,0.886038100457497
58.5,-12.356,2.357,241.756,-0.0149970458729159,-0.379925162113869,-0.0119976366983327,0.924817828829814
58.9,-13.269,2.423,243.219,-0.0130031341330346,-0.257061959399223,-0.0120028930458781,0.966232890193187
59.3,-13.864,2.478,245.037,-0.0120021305672803,-0.146025921901911,-0.00800142037818688,0.989175594253353
59.7,-14.235,2.531,247.237,-0.0119964915392621,-0.0659807034659417,-0.0089973686544466,0.9977082130153
60,-14.364,2.57,249.064,-0.0130045849244213,-0.0330116386543001,-0.00600211611896367,0.999352333807449
60.4,-14.469,2.632,251.728,-0.0119978105993302,-0.0139974456992186,-0.00499908774972092,0.999817549944184
60.6,-14.501,2.664,253.151,-0.0119983143552413,-0.0109984548256379,-0.00399943811841377,0.999859529603443
60.9,-14.548,2.72,255.411,-0.014997585583066,-0.00899855134983962,-0.00399935615548428,0.99983903887107
61.2,-14.602,2.776,257.809,-0.0129980569357213,-0.0109983558686873,-0.00299955160055107,0.999850533517024
61.5,-14.685,2.822,260.322,-0.00899876725332366,-0.0119983563377649,-0.00699904119702951,0.999863028147073
61.8,-14.754,2.889,262.985,-0.018994967000529,-0.011996821263492,-0.00499867552645498,0.999735105290997
62.2,-14.851,2.979,266.649,-0.00899874926077308,-0.013998054405647,-0.000999861028974787,0.999861028974788
62.5,-14.953,3.026,269.561,-0.012997569681683,-0.0139973827341202,-0.00299943915731147,0.999813052437157
62.8,-15.048,3.101,272.562,-0.0169958025550893,-0.0139965432806618,-0.00299925927442753,0.999753091475843
63.2,-15.175,3.193,276.666,-0.0129974137719635,-0.0149970158907271,-0.00199960211876361,0.999801059381805
63.5,-15.287,3.269,279.812,-0.0149958841946054,-0.0179950610335264,0,0.999725612973691
63.8,-15.42,3.319,282.978,-0.00999749594086095,-0.0199949918817219,0.000999749594086098,0.999749594086095
64.2,-15.632,3.393,287.213,-0.016993017304537,-0.0229905528237853,-0.00199917850641612,0.999589253208058
64.5,-15.795,3.46,290.351,-0.0159932762407141,-0.0239899143610711,-0.00299873929513389,0.999579765044629
64.799999999,-15.957,3.513,293.467,-0.0119956283900326,-0.0239912567800652,-0.00299890709750815,0.999635699169383
65,-16.066,3.553,295.554,-0.0139948158808963,-0.0229914832329011,-0.00399851882311324,0.999629705778311
65.299999999,-16.231,3.617,298.641,-0.0169926352885578,-0.022990035978637,-0.00699696747175908,0.999566781679869
65.6,-16.394,3.701,301.72,-0.0169924060913366,-0.0219901725887885,-0.0109950862943943,0.999553299490388
65.9,-16.559,3.772,304.792,-0.0139938720257853,-0.021990370326234,-0.0139938720257853,0.999562287556092
66.1,-16.663,3.811,306.834,-0.0139939698981809,-0.0209909548472714,-0.0149935391766224,0.999569278441493
66.4,-16.813,3.879,309.927,-0.0159922855828606,-0.0219893926764334,-0.0149927677339318,0.999517848928789
66.7,-16.96,3.957,313.034,-0.01599238144493,-0.0209900006464706,-0.01599238144493,0.999523840308124
67,-17.101,4.042,316.177,-0.0169919731885548,-0.0199905566924174,-0.0159924453539339,0.999527834620871
67.299999999,-17.241,4.109,319.356,-0.0129946797677297,-0.0189922242759127,-0.016993042773185,0.999590751363825
67.6,-17.378,4.194,322.591,-0.0179915369723136,-0.0189910668041088,-0.0159924773087232,0.999529831795202
67.9,-17.507,4.285,325.829,-0.0199904368633942,-0.0189909150202245,-0.0139933058043759,0.999521843169708
68.2,-17.635,4.369,329.041,-0.0179925436356744,-0.0189921293932118,-0.0119950290904496,0.999585757537466
68.4,-17.719,4.425,331.167,-0.0189921958109531,-0.0189921958109531,-0.00999589253208059,0.999589253208058
68.7,-17.841,4.518,334.321,-0.0209907975524677,-0.019991235764255,-0.00599737072927648,0.999561788212747
68.9,-17.925,4.576,336.421,-0.0179933436940221,-0.019992604104469,-0.00399852082089379,0.999630205223449
69.2,-18.056,4.661,339.511,-0.0209907346355363,-0.0209907346355363,-0.000999558792168391,0.999558792168396
69.4,-18.144,4.722,341.519,-0.0230113473920863,-0.022010854027213,0,0.999492871508443
69.799999999,-18.34,4.838,345.402,-0.0210103080847937,-0.0240117806683356,0.00100049086118066,0.999490370319472
70,-18.443,4.893,347.29,-0.0220097855249823,-0.0250111199147527,0.00100044479659011,0.999444351793517
70.299999999,-18.601,4.971,350.016,-0.0210097928457311,-0.0250116581496798,-0.00100046632598719,0.999465859661206
70.6,-18.743,5.043,352.636,-0.0209893191541344,-0.0239877933190107,-0.000999491388292109,0.999491388292113
70.9,-18.852,5.113,355.082,-0.0219898320534694,-0.0209902942328572,0,0.999537820612246
71.2,-18.944,5.184,357.333,-0.0249881334542448,-0.0179914560870563,0.000999525338169794,0.999525338169793
71.5,-19.021,5.236,359.375,-0.0209926748345012,-0.0159944189215247,0.000999651182595296,0.999651182595293
71.799999999,-19.085,5.294,361.214,-0.0209930000015547,-0.0149950000011105,0.0009996666667407,0.999666666740697
72.1,-19.149,5.331,362.843,-0.0229901852858772,-0.0179923189193822,0.000999573273299009,0.999573273299009
72.299999999,-19.205,5.359,363.817,-0.02000974712085,-0.0250121839010625,0,0.999486868686457
72.6,-19.34,5.392,365.169,-0.0179943326776693,-0.0479848871404514,-0.000999685148759394,0.998685463610644
72.9,-19.574,5.428,366.474,-0.0209996325096466,-0.0869984775399645,-0.00299994750137809,0.995982570457524
73.299999999,-20.113,5.486,368.083,-0.0239878652095296,-0.167915056466707,-0.0039979775349216,0.985501462358175
73.6,-20.701,5.543,369.177,-0.0300086287213144,-0.240069029770515,-0.00500143812021907,0.9702789953225
73.9,-21.505,5.617,370.18,-0.0330137530928415,-0.321133780084912,-0.0110045843642805,0.946394255328121
74.299999999,-22.863,5.731,371.376,-0.04201699931503,-0.435176064334239,-0.00100040474559598,0.899363866290762
74.7,-24.64,5.85,372.259,-0.0389958276696471,-0.551940945478082,0.00999893017170441,0.832910883302975
75.1,-26.703,5.928,372.647,-0.0409890368987483,-0.656824322987259,0.0139962565020116,0.752798653286768
75.4,-28.379,5.98,372.607,-0.0340092347610267,-0.709192571928468,0.00200054322123683,0.704191213875375
75.799999999,-30.829,6.081,372.403,-0.0330036801155108,-0.736082077727755,-0.00400044607460749,0.676075386608645
76.2,-33.398,6.176,372.153,-0.024987035092308,-0.738616757328625,0.00399792561476912,0.673650466088625
76.6,-36.16,6.242,371.885,-0.0250072656661674,-0.737214191838614,-1.11022302462516e-16,0.675196172986519
76.9,-38.375,6.306,371.684,-0.0209985406521353,-0.732949061810245,-0.00299979152173367,0.679952744926284
77.2,-40.74,6.384,371.505,-0.0230014376347797,-0.729045566771929,-0.00700043754102002,0.68404275400823
77.5,-43.24,6.474,371.354,-0.0209904515163461,-0.725669895279394,-0.00699681717211536,0.687687173487911
77.8,-45.895,6.595,371.214,-0.028004915293989,-0.722126744366431,-0.010001755462139,0.6911213024338
78.1,-48.608,6.714,371.091,-0.0250078286757551,-0.720225465861746,-0.0100031314703019,0.69321701089193
78.4,-51.366,6.827,370.98,-0.0249907301583482,-0.719733028560423,-0.00899666285700525,0.693742669195741
78.6,-53.226,6.9,370.901,-0.0260077254418548,-0.720213935312901,-0.00900267419141127,0.693205912738667
78.9,-55.994,7.009,370.768,-0.025006577594975,-0.721189697839079,-0.012003157245588,0.692182067828908
79.2,-58.742,7.114,370.633,-0.0239891233982494,-0.722672342372262,-0.0109950148908642,0.69068684450793
79.5,-61.481,7.221,370.479,-0.0260014301179858,-0.726039933294527,-0.0130007150589929,0.687037788117548
79.8,-64.19,7.346,370.278,-0.0219985811372735,-0.729952919554984,-0.0159989680998353,0.682955950761718
80.1,-66.882,7.451,370.074,-0.0209987191171996,-0.730955413079661,-0.0139991460781331,0.681958401806196
80.4,-69.565,7.547,369.867,-0.0209984146795353,-0.730944815749538,-0.0149988676282396,0.681948514830622
80.7,-72.221,7.656,369.679,-0.0200021903597732,-0.727079619577754,-0.0160017522878186,0.68607512934022
81.1,-75.755,7.808,369.487,-0.0210061557055648,-0.72021105276222,-0.0180052763190556,0.693203138283637
81.4,-78.395,7.918,369.395,-0.0199948519883342,-0.714815958582947,-0.0169956241900839,0.69882007699228
81.7,-81.014,8.025,369.344,-0.0199959512297725,-0.709856268656922,-0.0169965585453066,0.703857483287991
82,-83.61,8.144,369.338,-0.023009447317584,-0.705289580821595,-0.0190078043058302,0.70829081308041
82.3,-86.097,8.25,369.36,-0.0239936305365266,-0.702813427799092,-0.0149960190853293,0.710811304644601
82.7,-89.155,8.368,369.396,-0.0259931517066691,-0.702814832684168,-0.0109971026451293,0.710812725516989
83,-91.206,8.446,369.402,-0.0299895055092863,-0.705753029651872,-0.00999650183642877,0.707752330019158
83.3,-93.051,8.518,369.375,-0.0309880254418031,-0.711724971437542,-0.00799690979143308,0.701728834198251
83.6,-94.842,8.587,369.312,-0.0309835675749467,-0.719618343676181,-0.00799575937417982,0.693632125710097
83.9,-96.604,8.655,369.202,-0.028000770031764,-0.727019993324728,-0.00600016500680654,0.686018865778217
84.2,-98.339,8.713,369.061,-0.0250129600708449,-0.733379989277171,-0.00300155520850146,0.679351995524147
84.5,-100.109,8.767,368.886,-0.0230062355348594,-0.738200079335924,-0.00300081333063386,0.674182728282403
84.9,-102.559,8.841,368.612,-0.019000038000114,-0.743001486004458,-0.00500001000003011,0.669001338004014
85.2,-104.48,8.888,368.393,-0.018998613151858,-0.743945693946441,-0.00499963503996269,0.667951241339009
85.6,-107.237,9.012,368.076,-0.0270106037433625,-0.74229140657685,-0.0190074618934773,0.669262737196648
86,-110.153,9.16,367.754,-0.0149948276765235,-0.737745521684958,-0.0139951724980885,0.674767245443559
86.3,-112.566,9.288,367.55,-0.0269851352845597,-0.733595899958031,-0.0239867869196087,0.678626179933927
86.7,-115.898,9.458,367.287,-0.0130023796532347,-0.728133260581146,-0.0160029288039814,0.685125389420446
87,-118.591,9.585,367.116,-0.0119953467080409,-0.721720026933791,-0.0219914689647414,0.691731660163689
87.4,-122.354,9.714,367.025,-0.0149985152204861,-0.711929522465741,-0.0149985152204862,0.70193051231875
87.7,-125.297,9.844,367.006,-0.0189970082067926,-0.706888673800124,-0.0159974805951937,0.706888673800124
88,-128.268,9.958,367.012,-0.021011286091761,-0.705378890223405,-0.0140075240611741,0.708380502522228
88.3,-131.256,10.094,366.997,-0.022994068295471,-0.706817664560781,-0.0169956156966524,0.706817664560782
88.6,-134.233,10.216,366.967,-0.0210120854246783,-0.710408602453409,-0.0100057549641324,0.703404573978517
88.9,-137.208,10.33,366.921,-0.0269915664530193,-0.7137769795354,-0.00999687646408141,0.699781352485686
89.2,-140.145,10.445,366.816,-0.0220099837919881,-0.716324927048339,-0.0120054457047209,0.697316304682531
89.4,-142.094,10.509,366.743,-0.0209947309837017,-0.717819849823705,-0.0109972400390817,0.695825369745541
89.7,-145.016,10.633,366.635,-0.0280055736637938,-0.72014332278327,-0.0130025877724758,0.693137948178897
90,-147.895,10.762,366.484,-0.0260033546491386,-0.724093414076012,-0.0130016773245692,0.689088898202172
90.3,-150.764,10.883,366.327,-0.0260017551777137,-0.726049009962314,-0.0120008100820217,0.687046377195744
90.6,-153.614,11.023,366.156,-0.0309956299242493,-0.726897514675137,-0.0139980264174029,0.685903294452743
90.8,-155.489,11.117,366.031,-0.0289967815358644,-0.726919316433565,-0.0159982242956493,0.685923866675964
91.1,-158.271,11.25,365.851,-0.0250013126033684,-0.726038118001819,-0.0150007875620212,0.687036070340564
91.4,-161.024,11.378,365.702,-0.026002626397906,-0.724073135080151,-0.0150015152295613,0.689069599544508
91.7,-163.736,11.516,365.565,-0.0299997300036449,-0.722993493087843,-0.0169998470020655,0.689993790083834
91.9,-165.479,11.607,365.478,-0.0290020012071273,-0.722049823156756,-0.0160011041142771,0.691047683935344
92.2,-168,11.745,365.36,-0.0309995815084744,-0.720990266697099,-0.018999743505194,0.691990658189171
92.5,-170.354,11.856,365.26,-0.0290048297062526,-0.721120076489936,-0.0110018319575442,0.692115246783683
92.8,-172.535,11.965,365.171,-0.0369943957735283,-0.721890641851012,-0.0129980309474559,0.690895337284002
93.1,-174.5,12.045,365.055,-0.0290015806292176,-0.72503951573044,-0.00900049054010197,0.688037499065576
93.4,-176.329,12.131,364.912,-0.0289955495246957,-0.728888124258731,-0.0129980049593465,0.683895030168685
93.6,-177.49,12.176,364.815,-0.0299866139646303,-0.733672488334622,-0.0139937531834942,0.678697029399466
93.9,-179.129,12.248,364.623,-0.0310130126888072,-0.750314823116302,-0.0100041976415507,0.660277044342346
94.1,-180.173,12.291,364.425,-0.0310126091889741,-0.768312382488132,-0.00900366073228278,0.639259911992079
94.5,-182.171,12.362,363.788,-0.0319817436350893,-0.82053161013776,-0.00599657693157922,0.570674237988625
94.8,-183.5,12.414,363.052,-0.0330110605582409,-0.865289920693285,-0.00400134067372613,0.500167584215772
95.1,-184.659,12.445,362.07,-0.0319938257873771,-0.90882461377268,-0.0049990352792774,0.415919735235902
95.4,-185.62,12.474,360.859,-0.0310165362218845,-0.946504621480732,-0.00400213370604996,0.321171229910481
95.7,-186.338,12.501,359.413,-0.0269911753282657,-0.974681331298482,-0.00399869264122471,0.221927441587962
96,-186.813,12.508,357.793,-0.0310086526212904,-0.991276604764478,-0.00400111646726293,0.128035726952425
96.3,-187.037,12.514,356.057,-0.0249986126154987,-0.997944615610708,-0.000999944504620277,0.0589967257725769
96.6,-187.135,12.512,354.139,-0.0230102418369334,-0.999444851960717,-0.00200089059451583,0.0240106871341914
96.9,-187.167,12.491,352.143,-0.0269892469272225,-0.999601738045278,0.00799681390436232,0.00199920347609056
97.2,-187.093,12.45,350.055,0.0250118834676414,0.999474863366947,-0.0100047533870565,0.0180085560967017
97.5,-186.96,12.39,347.836,0.0230067419632376,0.99929283570758,-0.0100029312883641,0.0280082076074197
97.7,-186.858,12.353,346.306,0.0210045584838402,0.999216853588396,-0.0100021707065907,0.0320069462610898
98,-186.667,12.292,343.916,0.0189998955008621,0.998994505545329,-0.00699996150031747,0.039999780001815
98.3,-186.429,12.243,341.418,0.015997096790375,0.998818730849034,-0.00899836694458595,0.0449918347229295
98.6,-186.168,12.175,338.796,0.0139975996174808,0.998828715561663,-0.0109981139851635,0.0449922844847596
98.9,-185.909,12.096,336.073,0.0120005580389235,0.999046456740383,-0.00900041852919281,0.0410019066329887
99.2,-185.67,12.033,333.293,0.0100024709155119,0.999246844459638,-0.00600148254930684,0.037009142387394
99.5,-185.453,11.998,330.465,0.0090034264557737,0.999380336590881,0.00100038071730844,0.0340129443884784
99.7,-185.311,11.974,328.583,0.00700346056448952,0.99949387198929,-0.00100049436635578,0.031015325357025
100,-185.128,11.939,325.815,0.00799660616087424,0.99957577010928,-0.000999575770109366,0.0279881215630598
100.4,-184.908,11.887,322.097,0.00399870063340691,0.999675158351729,-0.0029990254750553,0.0249918789587932
100.6,-184.795,11.861,320.221,0.000999753091475843,0.999753091475843,-0.00299925927442781,0.0219945680124685
100.9,-184.665,11.832,317.378,0.00199963410043637,0.999817050218184,-0.00099981705021804,0.0189965239541455
101.2,-184.56,11.798,314.509,0.00499921268599805,0.99984253719961,-0.000999842537199282,0.0169973231323934
101.5,-184.439,11.777,311.635,0.00299954710257869,0.999849034192895,0.0019996980683862,0.0169974335812792
101.8,-184.316,11.735,308.8,0.0029994211675666,0.999807055855534,-0.00399922822342244,0.0189963340612551
102.1,-184.19,11.688,305.96,0.0029994316615451,0.999810553848368,-0.00299943166154486,0.018996400523119
102.4,-184.079,11.643,303.147,0.00399951009001912,0.99987752250478,-0.00199975504500989,0.0149981628375717
102.8,-183.973,11.581,299.446,0.00399973602613308,0.999934006533282,-0.00399973602613331,0.00999934006533281
103.1,-183.893,11.538,296.648,0.00499966503366373,0.999933006732748,-0.00299979902019819,0.00999933006732748
103.4,-183.825,11.492,293.866,0.00999844036494512,0.999844036494512,-0.0039993761459782,0.0139978165109232
103.7,-183.69,11.443,291.067,0.00799800074968764,0.999750093710955,-0.00599850056226588,0.0199950018742191
104,-183.547,11.411,288.224,0.00699813524540255,0.999733606486078,-1.11022302462516e-16,0.0219941393426937
104.3,-183.419,11.355,285.402,0.0109960751016581,0.999643191059823,-0.00799714552847846,0.0229917933943759
104.6,-183.264,11.314,282.513,0.0099968564828765,0.99968564828765,1.11022302462516e-16,0.0229927699106159
104.9,-183.134,11.282,279.609,0.0109973279739141,0.999757088537643,-0.00199951417707548,0.0189953846822152
105.2,-183.026,11.26,276.66,0.0129974137719635,0.999801059381805,0.00199960211876382,0.0149970158907271
105.5,-182.919,11.242,273.709,0.0129974332603716,0.999802558490122,0.000999802558490007,0.0149970383773518
105.8,-182.796,11.225,270.746,0.012996497915654,0.999730608896464,0.00299919182668956,0.0189948815690328
106.1,-182.65,11.211,267.793,0.0119962337737997,0.999686147816645,-1.11022302462516e-16,0.0219930952519662
106.5,-182.431,11.185,263.84,0.00899678422435698,0.999642691595219,0.0029989280747856,0.0249910672898805
106.8,-182.253,11.139,260.864,0.00999533826179779,0.99953382617978,-0.00699673678325783,0.0279869471330339
107.1,-182.069,11.057,257.852,0.0140056454128814,0.999402840533465,-0.00600241946266346,0.0310125005570945
107.4,-181.856,11.029,254.813,0.0120053135271138,0.999442351132228,0.00300132838177844,0.0310137266117108
107.7,-181.675,10.984,251.832,0.0150073629177098,0.999490370319472,-0.00300147258354194,0.0280137441130583
108,-181.513,10.926,248.855,0.0179909258662736,0.999495881459644,-0.00299848764437907,0.0259868929179507
108.4,-181.304,10.866,244.944,0.0159940513191582,0.999628207447387,-0.00199925641489501,0.0219918205638425
108.8,-181.129,10.817,241.136,0.0209906507471745,0.999554797484501,0.00299866439245368,0.0209906507471745
109.1,-181.026,10.789,238.415,0.0260114215216225,0.999438850003881,0.00200087857858605,0.0210092250751567
109.4,-180.889,10.751,235.796,0.0189930593050043,0.999634700263385,-0.00299890410079012,0.0189930593050043
109.8,-180.76,10.687,232.46,0.0139977745307603,0.999841037911454,0.000999841037911561,0.010998251417026
110.2,-180.7,10.642,229.386,0.0149980578772492,0.999870525149947,0.00299961157545002,0.00499935262574973
110.7,-180.693,10.607,226.003,0.0189964859751118,0.999815051321676,0.00299944515396503,0
111,-180.686,10.583,224.224,0.0229937235700811,0.999727111742658,0.000999727111742494,0.00399890844697063
111.4,-180.612,10.555,222.175,0.0230102418369334,0.999444851960717,0.00200089059451583,0.0240106871341914
111.7,-180.474,10.526,220.818,0.0250028880003557,0.998115288974199,-0.00200023104002826,0.0560064691207968
112,-180.181,10.501,219.533,0.025009730678219,0.993386502538859,-0.00200077845425748,0.112043593438421
112.4,-179.51,10.459,217.978,0.0149945504711756,0.978644327418731,-0.00599782018847069,0.204925523106067
112.7,-178.799,10.418,216.872,0.0150018978601266,0.960121463048099,-0.00900113871607603,0.279035300198354
113,-177.853,10.373,215.791,0.0139948158808963,0.933654145196942,-0.00499814852889127,0.357867434668635
113.5,-175.752,10.302,214.302,0.01399956602018,0.870973000255482,-0.0119996280172972,0.49098477970774
113.8,-174.117,10.222,213.604,0.0140025416919966,0.826149959827799,-0.0140025416919967,0.563102212328148
114.2,-171.664,10.144,213.097,0.0020010668530248,0.765408071281988,-0.0160085348241984,0.643342993247475
114.6,-168.976,10.041,212.892,0.00299994750137809,0.728987242834875,-0.0269995275124028,0.683988030314203
114.9,-166.82,9.956,212.825,0,0.717378157960138,-0.0210110757561547,0.696367082203983
115.2,-164.608,9.858,212.787,0.00599899525243578,0.712880602497785,-0.0229961484676705,0.700882611992914
115.6,-161.504,9.721,212.762,0.00599966102872755,0.709959888399426,-0.0189989265909706,0.703960227370699
115.9,-159.085,9.617,212.761,0.00799979600780267,0.706981972189561,-0.0169995665165808,0.706981972189561
116.3,-155.736,9.479,212.796,0.00899933407391688,0.704947835790156,-0.0189985941560467,0.708947539823008
116.7,-152.217,9.337,212.841,0.00800014800410712,0.703013005860914,-0.0130002405066741,0.711013153865021
117,-149.518,9.233,212.889,0.0109997415091118,0.698983574079011,-0.00999976500828336,0.714983198092265
117.4,-145.907,9.107,213.036,0.00799895620431856,0.691909711673556,-0.00699908667877872,0.72190579743975
117.9,-141.404,8.95,213.332,0.00900162493996573,0.683123314888511,-0.013002347135506,0.73013180068611
118.2,-138.723,8.846,213.564,0.00200011100924161,0.680037743142146,-0.0140007770646913,0.733040684887048
118.6,-135.19,8.727,213.882,-0.00299979152173361,0.679952744926284,-0.0209985406521352,0.732949061810245
119,-131.764,8.594,214.162,-0.0029998095181432,0.682956633630603,-0.0269982856632887,0.729953649414847
119.3,-129.317,8.478,214.332,-0.00500043505677573,0.686059689789631,-0.0260022622952338,0.727063257255191
119.7,-126.308,8.345,214.526,-0.00600142550785728,0.692164408572873,-0.0280066523700006,0.721171298527517
120.1,-123.631,8.217,214.609,-0.00300142000757483,0.700331335100795,-0.0260123067323153,0.713337488466953
120.5,-121.159,8.09,214.623,0.00199956114448789,0.708844425720958,-0.0269940754505866,0.704845303431982
121.1,-117.537,7.915,214.562,-0.00399959406180305,0.714927438547294,-0.0189980717935647,0.698929062300082
121.6,-114.584,7.835,214.54,0.00100005700487396,0.70404013143127,-0.0130007410633616,0.710040473460514
122,-112.284,7.754,214.668,0.00799758109752168,0.673796207466202,-0.0119963716462825,0.738776553883565
122.5,-109.523,7.644,215.264,0.00400090230521621,0.610137601545472,-0.0130029324919527,0.79217865643281
123,-107.052,7.57,216.407,0,0.508847877223666,-0.0139958158764859,0.860742676403883
123.5,-105.033,7.493,218.086,0.0080027494167181,0.386132659356648,-0.0130044678021669,0.92231687027676
124,-103.505,7.424,220.261,0.00500229908476559,0.264121391675623,-0.00800367853562495,0.964443263542805
124.4,-102.736,7.394,222.21,0.00100027111021128,0.176047715397185,-0.0150040666531692,0.9842667724479
124.8,-102.254,7.375,224.232,-0.00699623004773274,0.125932140859189,-0.0329822273678829,0.991465743907269
125.2,-101.814,7.356,226.232,-0.00599908221062729,0.113982562001919,-0.0349946462286592,0.992848105858817
125.7,-101.18,7.335,228.601,-0.00299908691702949,0.139957389461376,-0.0299908691702949,0.989698682619731
126.2,-100.246,7.3,230.628,-0.0070025704151001,0.233085558102618,-0.0120044064258859,0.972356920496756
126.8,-98.708,7.258,232.365,-0.00300029254278508,0.39603861564763,-0.0160015602281871,0.918089518092234
127.3,-97.096,7.203,233.254,0.0029995530998797,0.521922239379067,-0.0139979144661053,0.852872931399127
127.8,-95.274,7.16,233.821,0,0.610150115394852,-0.0120029530897349,0.792194903922497
128.4,-92.603,7.089,234.226,0.00699741842881181,0.663755119533006,-0.0169937304699715,0.747724140678748
128.9,-89.891,6.984,234.406,0.0110017659251579,0.683109647898438,-0.0130020870024594,0.730117193215021
129.4,-86.771,6.886,234.619,0.00800250918000357,0.685214848537806,-0.0100031364750043,0.728228335380325
129.9,-83.247,6.769,234.825,0.0100040374438273,0.6892781798797,-0.0140056524213583,0.724292310933095
130.4,-79.39,6.63,235.005,0.00799902417857169,0.693915347491094,-0.0119985362678575,0.719912176071452
131.99999999,-73.64,6.427,235.195,0.0110069034934145,0.698438058036664,-0.0140087862643457,0.715448727071941
131.599999999,-69.295,6.246,235.3,0.0109995545270623,0.697971732717226,-0.00999959502460201,0.715971003761509
132,-65.753,6.112,235.421,0.0130076116799007,0.694406346603931,-0.00800468411070829,0.719420984449894
132.5,-61.355,5.923,235.638,0.0119973908512039,0.69084975651516,-0.00899804313840299,0.722842798785038
132.9,-57.881,5.81,235.827,0.0119965754664867,0.688803374700779,-0.00899743159986512,0.724793101100239
133.4,-53.627,5.64,236.059,0.0109972949981048,0.688830568517654,-0.00499877045368396,0.724821715784179
133.9,-49.483,5.475,236.278,0.0140052039000529,0.68725536280974,-0.00400148682858662,0.726269859388459
134.4,-45.442,5.311,236.532,0.0149931347160902,0.684686485368119,-0.00499771157203022,0.728666347201983
134.9,-41.566,5.158,236.81,0.0130027698850097,0.683145525497047,-0.00400085227231064,0.730155539696698
135.4,-38.01,5.017,237.095,0.00999426493741676,0.681608868731823,-0.00999426493741681,0.731580193418907
135.9,-34.579,4.888,237.346,0.00700168410756616,0.683164320781099,-0.0090021652811565,0.730175628360471
136.4,-31.426,4.762,237.555,0.00899720230505706,0.687786131764362,-0.0109965805950698,0.725774319274603
136.9,-28.741,4.647,237.686,0.00399983401033279,0.696971076300488,-0.0129994605335817,0.716970246352152
137.4,-26.493,4.558,237.684,0.00600021901199098,0.713026025924928,-0.0110004015219834,0.701025587900946
137.9,-24.665,4.494,237.574,0.0059969033988853,0.731622214664006,-0.00699638729869953,0.681648019673296
138.4,-23.285,4.449,237.385,0.00800058806483494,0.752055278094484,-0.00200014701620866,0.659048441840779
138.9,-22.387,4.418,237.198,0.0110005390396197,0.774037928787789,-0.00400019601440715,0.633031019279936
139.5,-21.442,4.388,236.892,0.0130040448870377,0.80124922727055,-0.00200062229031361,0.598186064803731
140,-20.566,4.367,236.536,0.0159997280069358,0.830985873360228,-0.00899984700390141,0.555990548241019
140.5,-19.356,4.326,235.775,0.0169967879105987,0.879833727136872,-0.00799848842851712,0.474910250443198
141.2,-17.566,4.262,233.771,0.0169972041898473,0.951843434631446,-0.00999835540579281,0.30594967541725
141.7,-16.627,4.207,231.521,0.0210040541737211,0.986190353108998,-0.00900173750302324,0.164031661166203
142.3,-16.047,4.165,227.985,0.023009953958096,0.998431915225209,-0.00100043278078666,0.0510220718201259
142.8,-15.87,4.163,224.444,0.0239913167147395,0.99963819644748,0.00199927639289498,0.0119956583573698
143.3,-15.842,4.182,220.391,0.0279887927323169,0.999599740439887,0.00399839896175954,0.000999599740439887
143.9,-15.804,4.212,214.944,0.0309848056783087,0.999509860590604,0.0019990197211815,0.00399803944236242
144.3,-15.744,4.209,210.953,0.0330133566046664,0.999404340850357,0.00100040474559571,0.0100040474559595
144.8,-15.556,4.193,205.665,0.030011616743955,0.999386837573701,0.0010003872247983,0.018006970046373
145.3,-15.301,4.171,200.12,0.0300077880316225,0.999259341453028,0.00200051920210828,0.024006230425298
145.8,-14.987,4.153,194.437,0.0290068609340123,0.999236347347527,0.00300070975179424,0.0260061511822179
146.4,-14.593,4.142,187.457,0.0260095082131955,0.999365334807014,0.00400146280203019,0.0240087768121805
146.8,-14.355,4.149,182.694,0.0270105361640568,0.9993898380701,0.00700273159808843,0.0210081947942664
147.3,-14.1,4.19,176.578,0.0280122860817611,0.999438349845692,0.00700307152044069,0.0170074594067835
147.8,-13.897,4.202,170.329,0.0300131786787952,0.999438850003881,0.00500219644646596,0.0140061500501044
148.2,-13.73,4.228,165.232,0.0269875481191518,0.999538819227845,0.00499769409613927,0.012994004649962
148.7,-13.539,4.239,158.767,0.0290132475719654,0.999456356013566,0.00700319768978483,0.0140063953795695
149.2,-13.32,4.255,152.243,0.0290130152566687,0.99944835315214,0.00600269281172399,0.0150067320293114
149.7,-13.081,4.274,145.737,0.0280115851862071,0.999413342893606,0.00800331005320209,0.0180074476197046
150.2,-12.813,4.3,139.252,0.0280110665573671,0.99939483895749,0.0080031618735335,0.0190075094496419
150.7,-12.526,4.353,132.83,0.0260092739595446,0.999356334060965,0.0130046369797724,0.021007490505786
151.4,-12.098,4.482,124.01,0.029006280539679,0.999216353763421,0.0140030319846733,0.0230049811176763
151.9,-11.794,4.532,118.025,0.0270086711753944,0.999320833489593,0.0120038538557309,0.0220070654021732
152.3,-11.59,4.555,113.537,0.0260109399008262,0.999420344650978,0.0110046284195803,0.0190079945429115
152.7,-11.417,4.575,109.339,0.0260118771334862,0.999456356013567,0.0110050249410903,0.0170077658180487
153.99999999,-11.288,4.594,105.504,0.0270121717256615,0.999450353849474,0.0120054096558493,0.0150067620698119
153.6,-11.155,4.627,101.249,0.0260120854211694,0.999464359067239,0.0150069723583669,0.0130060427105847
154,-11.063,4.663,98.266,0.0339993540184104,0.998981019540941,0.0159996960086635,0.0249995250135371
154.4,-10.789,4.691,95.666,0.0379863463622832,0.996641771663061,0.0149946104061645,0.0709744892558448
154.8,-10.198,4.693,93.429,0.0329889505520377,0.988668851392887,0.0119959820189225,0.145951114563561
155.2,-9.214,4.679,91.465,0.019009678390078,0.970494107282931,0.0110056032784662,0.240122253348354
155.7,-7.511,4.682,89.451,0.00699822967181123,0.927765305062974,0.0119969651516764,0.372905666797941
156.2,-5.366,4.684,88.034,0.00599937009920764,0.861909504252831,0.0089990551488116,0.506946773383045
156.6,-3.421,4.66,87.391,0.00700394082538332,0.800450380043808,0.00500281487527374,0.599337222057801
157.1,-0.858,4.629,87.045,0.00600061209365192,0.744075899612838,0,0.668068146426581
157.6,1.913,4.575,86.887,0.00999844536260978,0.722887599716687,-0.000999844536260866,0.690892574556335
158.1,4.964,4.515,86.766,0.0120072245189761,0.720433471138566,0.00200120408649623,0.69341721597087
158.5,7.651,4.466,86.658,0.0150082643248927,0.720396687594852,0.0050027547749642,0.693381811810045
159,11.358,4.403,86.537,0.0209965148677739,0.712881671462991,0.0109981744545483,0.70088366296712
159.4,14.625,4.355,86.565,0.0199957113798142,0.697850327155517,0.0129972123968793,0.715846467397349
159.8,18.071,4.278,86.795,0.0190040007632853,0.685144238044761,0.00300063169946625,0.728153292403775
160.5,24.19,4.099,87.216,0.00699961503175959,0.693961833148736,-0.00499972502268548,0.719960403266701
161,28.467,3.991,87.245,0.00500033253317055,0.715047552243389,-0.0040002660265363,0.699046488137243
161.4,31.858,3.913,87.071,0.00599734076892277,0.730676017013757,-0.000999556794820511,0.682697290862375
161.8,35.25,3.831,86.799,0.0100055145582011,0.737406422939424,-0.00200110291164028,0.675372232678577
162.2,38.723,3.749,86.51,0.0109991915891262,0.735945909963353,-0.000999926508102324,0.676950245985313
162.7,43.235,3.656,86.188,0.00700053556145646,0.734056157444149,-0.00100007650877936,0.679051949461277
163.1,46.84,3.576,85.908,0.001000002000006,0.74500149000447,-0.00900001800005408,0.667001334004002
163.6,51.244,3.453,85.191,0,0.776339722959456,-0.00700306451123231,0.630275806010898
164,54.634,3.383,84.288,0.00600105027570542,0.802140386852624,-0.00100017504595101,0.597104502432689
164.5,58.771,3.34,82.857,0.0039996040587963,0.82091873306794,0.00999901014699076,0.570943479393172
165.1,63.775,3.298,80.975,0.012006178768874,0.823423760565275,0.00300154469221866,0.567291946829296
165.5,67.225,3.27,79.634,0.00900059855970699,0.829055133999678,0.00800053205307311,0.559037177208467
166,71.514,3.221,77.696,0.0150062213684031,0.848351714693724,0.00100041475789356,0.529219406925684
166.4,74.981,3.156,75.913,0.0149979379252932,0.855882324270064,0.00499931264176474,0.516928927158438
166.9,79.366,3.088,73.606,0.0140078676271294,0.857481611174994,0.00600337184019839,0.514288854310323
167.4,83.683,3.022,71.281,0.00500250688408077,0.86643419232279,0.00400200550726463,0.499250187031261
167.8,86.965,2.995,69.27,0.0019999460021869,0.879976240962237,0.00499986500546724,0.474987175519389
168.2,90.063,2.968,67.1,0.00200004700165681,0.894021009740597,0.00300007050248527,0.448010528371127
168.6,92.976,2.945,64.786,0.00400229597530165,0.905519464411998,0.0060034439629523,0.424243373381975
169.1,96.383,2.924,61.856,0.0109978501304287,0.908822342596336,0.00999804557311682,0.416918500398979
169.7,100.096,2.901,58.784,0.0140020654569936,0.902133074443444,0.0120017703917086,0.431063586568874
170.2,102.831,2.869,56.647,0.0159966730379762,0.89981285838616,0.00799833651898797,0.435909340284851
170.6,104.94,2.858,54.942,0.0149940485438577,0.903641325576492,0.0129948420713433,0.427830185118074
171,106.986,2.851,53.237,0.0119983863255515,0.907877898633399,0.0099986552712931,0.418943655867174
171.5,109.624,2.847,50.985,0.0109972785103114,0.909774858580305,0.0069982681429251,0.414897325616293
172,112.457,2.877,48.622,0.00700116228941807,0.903149935334931,0.0130021585374908,0.429071231737193
172.5,115.595,2.932,46.288,-0.00500227655386589,0.896407958452768,1.11022302462516e-16,0.443201702672518
173,118.971,2.943,43.797,-0.00999979500630354,0.893981673563536,-0.000999979500630476,0.447990816282398
173.5,122.54,2.932,41.091,-0.00799636647696677,0.895593045420278,0.00199909161924167,0.444797885281276
174,126.338,2.977,38.229,-0.0129987716741125,0.897915151027153,0.00399962205357302,0.439958425893037
174.5,130.198,3.045,35.307,-0.0200047516928576,0.898213351009307,-1.11022302462516e-16,0.439104299658224
174.8,132.504,3.062,33.528,-0.0150052602657463,0.896314213207247,0.00300105205314933,0.443155353181708
175.1,134.794,3.083,31.783,-0.00599727485772508,0.893593953801037,0.00599727485772527,0.44879606851976
175.5,137.88,3.127,29.532,-0.0120044845126046,0.894334096189046,0.00800298967506988,0.447167048094523
175.8,140.179,3.191,27.847,-0.0179972916114034,0.895865182434302,0.00499924766983412,0.443933193081284
176.2,143.168,3.198,25.576,-0.015005132633191,0.897306931464819,-0.00100034217554603,0.441150899415814
176.5,145.385,3.206,23.872,-0.0139922644160758,0.897503817545433,0.00499723729145553,0.440756329106387
176.8,147.572,3.227,22.222,-0.014004993670524,0.89731995160429,-0.00100035669075185,0.441157300621507
177.1,149.69,3.244,20.612,-0.0149980128949284,0.897881038643047,0.00599920515797129,0.439941711584567
177.4,151.646,3.233,19.097,-0.00799934408067698,0.89992620907616,-0.00199983602016937,0.435964252396895
177.9,154.572,3.247,16.726,-0.00800100018753907,0.905113146215357,0.00600075014065416,0.425053134963013
178.2,156.072,3.247,15.459,-0.00100058701647826,0.905531249912823,0.00500293508239126,0.424248894986781
178.5,157.464,3.238,14.319,0.00799945205630057,0.895938630305664,0.0109992465774133,0.443969589124682
178.8,158.914,3.233,13.356,0.0160062276340602,0.87133901682915,0.0150058384069313,0.490190721293093
179.1,160.451,3.229,12.653,0.0139952634048705,0.837716480948679,0.0109962783895409,0.545815272789951
179.5,162.621,3.193,12.023,0.0179930470307244,0.787695614456156,0.00699729606750409,0.615762053940345
179.8,164.374,3.167,11.784,0.0090011432177876,0.751095395173165,0.00800101619358898,0.660083835971091
180.1,166.206,3.154,11.703,0.000999738102921058,0.72680960082361,0.00499869051460531,0.686820076706767
180.4,168.096,3.148,11.699,-0.00500015250697723,0.717021869500535,-0.00400012200558199,0.697021259472626
180.7,170.056,3.141,11.658,-0.00699982150682733,0.718981666201264,-0.00399989800390122,0.694982278177857
181,172.069,3.133,11.586,-0.00599874639299211,0.724848522486547,-0.00599874639299211,0.688856044128594
181.3,174.131,3.106,11.462,-0.00200039011411209,0.731142586707968,-0.0110021456276164,0.682133028912222
181.6,176.286,3.084,11.308,-0.00999775075909035,0.737834006020868,-0.00899797568318117,0.674848176238598
181.9,178.451,3.051,11.1,-0.00599723591122061,0.741658174354282,-0.00899585386683111,0.67069088273817
182.1,179.938,3.036,10.956,-0.00700148096985425,0.742156982804551,-0.00800169253697638,0.670141749971764
182.4,182.182,3.02,10.744,-0.00799694175455651,0.740716730015797,-0.00599770631591744,0.671743107382746
182.6,183.716,3.021,10.613,-0.0100034017349832,0.740251728388756,-0.00600204104098992,0.67222859659087
182.8,185.261,3.012,10.485,-0.0130049167879945,0.739279500486764,-0.00500189107230567,0.67325453833233
183,186.795,3.005,10.342,-0.0089977373535476,0.738814211585742,-0.00499874297419312,0.673830552921232
183.3,189.119,3.002,10.148,-0.0109960751016581,0.739735961384269,-0.00799714552847839,0.672759867583261
183.7,192.272,2.971,9.861,-0.009001399826518,0.742115407919595,-0.0120018664353574,0.670104209307451
183.9,193.879,2.95,9.696,-0.008000028000147,0.744002604013671,-0.013000045500239,0.668002338012274
184.2,196.331,2.925,9.431,-0.00699990550191358,0.74498994270366,-0.00799989200218698,0.666990995682337
184.4,198.007,2.91,9.247,-0.00700474381789099,0.745504877761256,-0.00400271075308058,0.666451340387914
184.7,200.511,2.894,8.961,-0.00300011400649841,0.745028311613772,-0.00100003800216611,0.667025347444813
185,203.027,2.881,8.718,-0.0050012679821706,0.742188168554117,-0.00200050719286851,0.67016990961086
185.3,205.52,2.846,8.489,0,0.740278397025766,-0.00800300969757595,0.672252814596371
185.6,208.043,2.839,8.266,-0.00799761306869534,0.739779208854319,-0.00199940326717383,0.672799199403995
185.8,209.743,2.814,8.122,-0.00799698570447705,0.740720800877187,-0.00499811606529825,0.671746799176073
186.1,212.298,2.804,7.892,-0.01099455903958,0.741632982488032,-0.00799604293787624,0.670668101414379
186.4,214.889,2.799,7.641,-0.00900197615067141,0.742162922644243,-0.00400087828918731,0.670147113438872
186.7,217.472,2.783,7.377,-0.00500161077804756,0.741238717306649,-0.00300096646682851,0.671216166413983
187,220.117,2.779,7.133,-0.00699748835244132,0.740734124165574,-0.00199928238641194,0.671758881834366
187.3,222.77,2.771,6.904,-0.0100027661473125,0.741204971515855,-0.00500138307365607,0.671185608484668
187.5,224.566,2.778,6.737,-0.012001326219825,0.743082115110831,-0.00500055259159375,0.669073936755243
187.8,227.264,2.766,6.457,-0.00600056407953646,0.744069945862521,-0.00400037605302428,0.66806280085506
188.1,229.971,2.766,6.183,-0.0129984077925621,0.745908631788566,-0.00199975504500957,0.665918429988184
188.3,231.767,2.771,6.001,-0.0149964387686383,0.746822650678195,-0.00399905033830348,0.664842118742972
188.6,234.407,2.745,5.711,-0.00899821852907941,0.746852137913591,-0.00899821852907946,0.66486836909309
188.8,236.163,2.746,5.509,-0.00999906013251924,0.745929885885935,-0.0039996240530077,0.665937404825781
189.3,240.497,2.724,5.062,-0.00899535060529507,0.742616166637138,-0.00199896680117672,0.669653878394189
189.6,243.05,2.694,4.828,-0.00599770631591738,0.740716730015796,-0.00799694175455653,0.671743107382747
189.8,244.743,2.684,4.674,-0.00899718432189193,0.739768488688892,-0.0039987485875076,0.672789449848141
190,246.419,2.676,4.533,-0.00999747095973032,0.738813103924071,-0.00299924128791907,0.673829542685824
190.3,248.863,2.661,4.323,-0.00699928960815533,0.736925205887211,-0.0029996955463522,0.675931396444715
190.5,250.432,2.662,4.201,-0.00999937005952875,0.735953636381316,0.000999937005952847,0.676957353030096
190.8,252.687,2.651,4.031,-0.00899897867387748,0.736916364738634,-0.000999886519319517,0.675923287060131
191.1,254.796,2.641,3.853,-0.00599868942952384,0.738838581403019,-0.00199956314317461,0.673852779249844
191.3,256.164,2.627,3.724,-0.00600148855376489,0.742184084482258,-0.00200049618458831,0.67016622183708
191.6,258.105,2.611,3.493,-0.0060005250689163,0.752065808637509,-0.00200017502297209,0.659057670069307
191.9,259.924,2.609,3.185,-0.00500057259834564,0.764087493027214,0.0050005725983457,0.645073865186588
192.2,261.613,2.618,2.841,-0.00299969704589677,0.774921736856667,0.011998788183587,0.63193617766892
192.4,262.629,2.622,2.602,0.00200049018014856,0.781191415348014,0.0130031861709658,0.624152936206351
192.7,264.002,2.629,2.248,0.00500058260181165,0.789091934565877,0.015001747805435,0.61407154350247
193,265.182,2.629,1.93,0.00699664940720887,0.791620904358484,0.0179913841899657,0.610707541114941
193.3,266.157,2.631,1.688,0.0079982165965263,0.786824557683274,0.017995987342184,0.616862455007091
193.6,266.996,2.621,1.54,0.0089998110059533,0.773983746511983,0.0139997060092607,0.632986707418715
193.8,267.528,2.618,1.474,0.0110048542112969,0.760335381871421,0.0140061780871052,0.649286398466517
194.1,268.304,2.625,1.46,0.00900119273706172,0.73109687675468,0.0130017228424225,0.682090382964011
194.4,269.077,2.627,1.538,0.0039992801943417,0.691875473621114,0.0139974806801959,0.721870075078677
194.9,270.312,2.612,1.941,0,0.601108810542954,0.00600108629493809,0.799144658275907
195.2,271.106,2.606,2.329,0.0109972840062343,0.526869879207769,0.0119970370977101,0.849790127754467
195.6,272.128,2.603,3.294,0.00899815556714373,0.414914951151627,0.00199959012603195,0.909813507344532
195.9,272.816,2.567,4.193,0.0070024688054576,0.323113917737544,0.00100035268649394,0.94633364142327
196.2,273.38,2.556,5.347,0.0039990243570708,0.243940485781318,-0.00599853653560621,0.969763406589668
196.5,273.826,2.544,6.707,0.00599748458271571,0.184922441300401,-0.0169928729843612,0.98258789080159
196.8,274.288,2.523,8.305,0.00700101171929544,0.146021101573876,-0.0150021679699188,0.989142941483313
197.2,274.846,2.478,10.736,0.0070024688054576,0.0950335052169246,-0.0140049376109152,0.995350923061474
197.5,275.108,2.444,12.763,0.0150059510396148,0.0670265813102794,-0.022008728191435,0.997395545766397
197.8,275.351,2.391,15,0.00499845321805649,0.0479851508933423,-0.0169947409413921,0.998690952967686
198.1,275.515,2.352,17.369,0.0089999550003375,0.037999810001425,-0.021999890000825,0.998995005037462
198.4,275.68,2.304,19.875,0.00900009000135002,0.0370003700055501,-0.02300023000345,0.999009990149852
198.7,275.882,2.251,22.558,0.00899905065023196,0.0399957806676976,-0.0229975738839261,0.998894622175748
198.9,276.044,2.208,24.434,0.00399962005414143,0.0429959155820203,-0.0179982902436364,0.998905108521822
199.2,276.299,2.15,27.241,0.00899753950937027,0.0469871507711559,-0.0159956257944361,0.998726885540101
199.5,276.567,2.071,30.139,0.00799684187106826,0.0499802616941766,-0.014994078508253,0.998605628649648
199.7,276.766,2.034,32.125,0.00299886814087492,0.0509807583948736,-0.0119954725634997,0.998623090911348
200,277.053,1.964,35.083,0.0099956478428404,0.050977803998486,-0.0129943421956925,0.998565219499756
200.3,277.327,1.901,38.088,0.00399845489571653,0.0499806861964566,-0.0159938195828661,0.998614110205203
200.6,277.584,1.862,41.123,0,0.0499764666250249,-0.0209901159825104,0.998529803167997
201.1,278.04,1.802,46.191,0.00199934532159322,0.0469846150574406,-0.0209931258767288,0.998672988135813
201.4,278.323,1.728,49.224,0.00399871062370227,0.0479845274844272,-0.0179941978066602,0.998677978269642
201.7,278.58,1.683,52.261,0.00400130263604656,0.0520169342686053,-0.025008141475291,0.998325007693618
202,278.873,1.647,55.314,-0.00200007200388823,0.0560020161088705,-0.0280010080544353,0.998035929940228
202.3,279.22,1.592,58.34,0.00200034308826198,0.0570097780154664,-0.0200034308826198,0.998171201042727
202.6,279.538,1.56,61.387,-0.00300132537779606,0.0520229732151317,-0.0200088358519737,0.998440909013489
202.9,279.805,1.531,64.411,0.00800320993090253,0.049019660826778,-0.027010833516796,0.998400438880091
203.2,280.07,1.452,67.456,0.00199915054149146,0.0459804624543035,-0.0269885323101347,0.998575695474983
203.5,280.309,1.402,70.48,0.00500230409167353,0.0470216584617312,-0.0290133637317065,0.998459896698037
203.8,280.58,1.343,73.499,0.00200086255768362,0.0490211326632486,-0.0270116445287288,0.998430416284125
204.1,280.866,1.269,76.498,0.00800302171115163,0.0510192634085917,-0.0240090651334549,0.998376958466166
204.4,281.174,1.24,79.521,-0.00300122625143674,0.0530216637753825,-0.0190077662590994,0.998407932977957
204.7,281.466,1.17,82.464,0.0110017659251579,0.0550088296257893,-0.0230036923889664,0.998160217573413
204.9,281.681,1.121,84.474,0.00300027303727015,0.0580052787205563,-0.0210019112608911,0.998090830398537
205.3,282.168,1.057,88.46,0.00399871062370227,0.0649790476351619,-0.0199935531185113,0.997678300613716
205.6,282.577,1.003,91.44,0.00300027303727015,0.0740067349193304,-0.0180016382236209,0.997090739386114
205.9,283.052,0.963,94.398,-0.000999548805548458,0.0819630020549736,-0.01299413447213,0.996550159131813
206.2,283.554,0.925,97.319,0,0.0889963957189586,-0.0119995140295225,0.995959664450368
206.6,284.238,0.865,101.148,0.00199910659898078,0.0929584568526061,-0.0149932994923558,0.995555086292426
206.9,284.771,0.813,103.999,0.000999826545140322,0.0909842156077693,-0.00699878581598224,0.995827238959761
207.5,285.718,0.728,109.609,0.00399881053077433,0.0809759132481802,-0.00299910789808075,0.996703524795502
207.8,286.187,0.695,112.344,-0.0049990627635895,0.0789851916647142,0.00999812552717901,0.996813115059747
208.1,286.602,0.674,114.957,0.000999654179470508,0.0809719885371112,0.0109961959741756,0.996655216932097
208.4,287.021,0.652,117.494,-0.0030007187582242,0.0860206044024271,0.0100023958607473,0.996238627730435
208.7,287.462,0.638,119.9,-0.00300090941334925,0.0960291012271759,0.012003637653397,0.995301622094167
209.1,288.096,0.612,122.855,-0.00300126980574857,0.114048252618446,0.0100042326858286,0.993420305702778
209.4,288.577,0.568,124.843,0.0039990223585354,0.127968715473133,0.00499877794816926,0.991757544916779
209.7,289.06,0.553,126.65,-0.00300084936057057,0.139039353706437,0.00200056624038039,0.990280288988289
210.1,289.703,0.53,128.809,-0.00199966808264513,0.141976433867805,0.00799867233058055,0.989835700909342
210.3,289.995,0.523,129.858,0.00299859099327197,0.13693565535942,0.0089957729798159,0.99053455811084
210.6,290.409,0.51,131.452,-0.00199979803059785,0.117988083805273,0.0149984852294839,0.992899722191832
210.9,290.681,0.497,133.039,-0.00199952117201209,0.0789810862944775,0.0149964087900907,0.996761304248027
211.2,290.764,0.484,134.618,0.00399869463926564,0.0209931468561446,0.0139954312374298,0.999673659816411
211.5,290.617,0.463,136.207,0.00199909561380586,-0.0519764859589523,0.013993669296641,0.998548259096025
211.9,289.997,0.422,138.321,-0.00100024859266676,-0.165041017790015,0.0090022373340008,0.986245112369421
212.2,289.213,0.403,139.818,-0.00400066016339493,-0.254041920375578,0.00700115528594116,0.967159594500725
212.5,288.109,0.41,141.179,-0.00600178279427418,-0.343101916406007,0,0.939279007303908
212.8,286.757,0.421,142.405,-0.00799680990914246,-0.421831722707265,-0.000999601238642843,0.906638323449027
213.1,285.119,0.43,143.478,0.00300043059268729,-0.482069181891758,-0.00200028706179155,0.87612573306469
213.4,283.266,0.431,144.456,0.00299976752702463,-0.511960324612204,-0.0109991475990903,0.858933435238054
214,279.262,0.454,146.498,0.00499906526218579,-0.51690334811001,-0.0179966349438689,0.855839972886207
214.3,277.121,0.462,147.599,0.0119963416735993,-0.511843911406902,-0.0209935979287987,0.858738124801815
214.5,275.648,0.458,148.389,0.0129934269884952,-0.508742641318774,-0.0209893820583385,0.860564664391875
214.8,273.355,0.452,149.658,0.0110033565356932,-0.504153790362669,-0.0220067130713863,0.863263335482109
215,271.759,0.443,150.557,0.0110000715006971,-0.503003269531878,-0.0190001235012041,0.864005616054757
215.2,270.132,0.445,151.473,0.00999997500009375,-0.502998742504716,-0.0199999500001875,0.8639978400081
215.5,267.646,0.459,152.889,0.00699843952196051,-0.499888537282893,-0.0209953185658816,0.865806946573971
215.7,265.977,0.442,153.846,0.0130001950043876,-0.496007440167404,-0.0190002850064127,0.868013020292957
216,263.491,0.431,155.33,0.00799688981467552,-0.487810278695207,-0.0209918357635232,0.872660601026466
216.3,261.032,0.414,156.883,0.00900199416258498,-0.474105025896142,-0.0200044314724111,0.880194984786087
216.6,258.658,0.399,158.515,0.00500107284520029,-0.461098916327466,-0.016003433104641,0.887190322738531
216.9,256.331,0.394,160.219,0,-0.450781198829066,-0.0109946633860748,0.892566763978615
217.2,254.009,0.39,161.969,-0.00300004950122516,-0.450007425183774,-0.00300004950122525,0.893014734864689
217.5,251.632,0.408,163.704,-0.00800306175679499,-0.457174902856914,0.0010003827195994,0.889340237723844
217.8,249.196,0.419,165.379,-0.00599844960114126,-0.467879068889019,0.000999741600190185,0.883771574568146
218.1,246.721,0.423,167.019,-0.00800217288494745,-0.47812982987561,0.00500135805309218,0.878238474122982
218.4,244.197,0.437,168.612,-0.0150012751625855,-0.489041570300288,0.0100008501083904,0.872074129451639
218.7,241.639,0.448,170.134,-0.0149989276150119,-0.497964396818396,0.014998927615012,0.866938016147689
219,239.044,0.462,171.609,-0.0179969137939038,-0.504913414773413,0.0149974281615866,0.862852033563278
219.3,236.443,0.483,173.026,-0.0179923818390953,-0.508784575338861,0.0109953444572249,0.860635597970057
219.9,231.308,0.481,175.817,-0.00900312913115411,-0.506175926707109,0.0120041721748721,0.862299701228316
220.2,228.794,0.457,177.21,-0.00900164294977118,-0.503091822637212,0.007001277849822,0.864157723178033
220.5,226.331,0.462,178.615,-0.0129970954737062,-0.501887840600039,0.00699843602430327,0.864806737288911
220.7,224.714,0.462,179.527,-0.0120018124105213,-0.503075970207685,0.00700105723947078,0.864130493557535
221,222.318,0.468,180.861,-0.00999681652082647,-0.503839552649654,0.00499840826041322,0.863724947399407
221.4,219.258,0.49,182.566,-0.0120044424657206,-0.506187323971218,0.0060022212328603,0.862319117120928
221.7,217.053,0.472,183.781,-0.0109966795041089,-0.508846351599223,0.00899728323063468,0.86074009573071
222,214.976,0.47,184.904,-0.0149977580027554,-0.511923473160716,0.00699895373461916,0.858871608291123
222.3,213.033,0.475,185.926,-0.0110028060733687,-0.513130865058013,0.00600153058547377,0.858218873722758
222.6,211.222,0.485,186.868,-0.0120010921490806,-0.515046871398043,0,0.85707799764684
222.9,209.598,0.473,187.733,-0.0130009946141334,-0.51503940202144,0.00200015301755907,0.857065568024027
223.2,208.143,0.488,188.501,-0.0109991750928009,-0.51196160431946,0.00199985001687298,0.858935582246907
223.5,206.888,0.486,189.196,-0.0119942860836975,-0.505759063195911,0.00199904768061627,0.862589074185911
223.8,205.856,0.5,189.806,-0.0150025056276772,-0.496082852755193,0.00100016704184513,0.868144992321588
224.1,205.037,0.505,190.315,-0.0169918628460786,-0.482768809097409,-0.0019990426877739,0.87558069724499
224.5,204.231,0.505,190.876,-0.0140024786581032,-0.465082326858426,0,0.88515668660152
224.8,203.656,0.519,191.293,-0.00899977500843714,-0.451988700423732,-0.000999975000937446,0.891977700836215
225.1,203.106,0.523,191.733,-0.00700288928786983,-0.439181199624979,0.00100041275540994,0.898370654358158
225.5,202.35,0.541,192.339,-0.00199937529281625,-0.423867562077044,-0.00299906293922445,0.905717007645759
225.9,201.393,0.528,193.19,0.00500077267907299,-0.412063668755614,0.00100015453581461,0.911140782127098
226.4,199.701,0.521,194.632,0.00500157324221593,-0.416130893752365,-0.00300094394532949,0.909286015434856
226.8,197.993,0.534,196.021,-0.00499704761702985,-0.432744323634785,-0.0079952761872478,0.901467390112185
227.2,196.035,0.561,197.514,-0.00800338214358449,-0.453191513880472,-0.00100042276794803,0.891376686241723
227.5,194.364,0.596,198.665,-0.00699759673820977,-0.469838638136941,0.00699759673820978,0.882696845691318
227.9,191.962,0.608,200.199,-0.0129963420444993,-0.487862685978126,0.010996904806884,0.872754354219066
228.3,189.369,0.664,201.767,-0.0210096035837583,-0.495226370188589,0.0140064023891722,0.868396948128677
228.7,186.612,0.702,203.373,-0.0200078145776869,-0.49719419225552,0.0110042980177278,0.867338761942727
229,184.454,0.733,204.605,-0.0130001105014089,-0.498004233053971,0.0110000935011921,0.867007369593962
229.3,182.213,0.758,205.897,-0.0150000075000056,-0.498000249000187,0.00900000450000341,0.867000433500325
229.7,179.175,0.812,207.656,-0.0169936540550944,-0.49681447443423,0.00499813354561596,0.867675983518937
230,176.907,0.842,208.974,-0.0160022324671546,-0.496069206481793,0.00500069764598584,0.868121111343138
230.4,173.876,0.897,210.745,-0.0179930470307244,-0.496808020792779,0.00399845489571652,0.867664712370486
230.8,170.926,0.923,212.492,-0.0120002520079383,-0.498010458329438,0.0110002310072768,0.867018207573541
231.2,168.012,0.943,214.163,-0.0149980353860382,-0.49993451286794,0.00899882123162292,0.865886576287273
231.6,165.355,0.955,215.691,-0.019009678390078,-0.50225571325364,0.0110056032784662,0.864440112054074
232.1,162.401,0.975,217.273,-0.0190056835491989,-0.516154353230875,0.0070020939391786,0.856256058848118
232.5,160.281,0.973,218.292,-0.0120017763943693,-0.542080233812346,0.0140020724600975,0.84012434760585
232.9,158.106,0.974,219.02,-0.0140006580463926,-0.59302787296506,0.00600028201988251,0.805037837667576
233.4,155.37,0.994,219.467,-0.0120036436588596,-0.662201008513756,-0.00200060727647659,0.749227425040488
233.8,153.047,1.032,219.49,-0.00600041104223507,-0.705048297462621,-0.011000753577431,0.709048571490778
234.6,147.834,1.204,219.216,-0.00899572804352814,-0.727654446187609,-0.0169919307488866,0.685674381984478
235,144.868,1.287,219.049,-0.0100033767095554,-0.727245486784678,-0.0100033767095553,0.6862316422755
235.5,140.802,1.402,218.83,-0.00799876028822554,-0.722887961048383,-0.00599907021616911,0.690892919895481
236,136.306,1.504,218.703,-0.0170106945833752,-0.715449801594901,-0.00500314546569855,0.698439107011526
236.5,131.508,1.62,218.633,-0.0169988101249354,-0.712950095239939,0.00899937006614235,0.700950935151749
237.1,125.399,1.729,218.503,-0.020997197061276,-0.714904566610111,0,0.698906702182472
237.5,121.311,1.776,218.377,-0.0189970556845357,-0.717888735868243,0.00299953510808476,0.695892145075622
238.1,115.22,1.894,218.116,-0.0179967518794022,-0.719870075176088,0.000999819548855662,0.69387476690584
238.7,109.302,2.019,217.9,-0.0199961011403794,-0.718859835996639,0.00199961011403799,0.694864514628184
239.2,104.455,2.068,217.776,-0.0249932652224116,-0.716806846578764,0.00399892243558593,0.696812234400835
239.9,97.813,2.186,217.608,-0.0309845735226226,-0.718642205250505,0.00699651660188257,0.694654148329765
240.5,92.378,2.303,217.342,-0.0290025233292992,-0.725063083232481,0.00400034804542058,0.688059863812341
241.1,87.504,2.398,217.053,-0.026984488377493,-0.725582909705923,-0.000999425495462699,0.687604740878341
241.7,83.383,2.498,216.904,-0.0259945157357086,-0.710850026464955,-0.00399915626703198,0.702851713930891
242.2,80.407,2.583,217.096,-0.0269971789421931,-0.66992999597294,-0.00399958206551015,0.741922473152122
242.9,76.536,2.697,218.104,-0.0119964435816389,-0.56083373744162,-0.011996443581639,0.827754607133086
243.5,73.72,2.777,220.004,-0.0130007865713821,-0.405024504723826,-0.0170010285933458,0.914055302018709
244.1,71.721,2.827,222.833,0.00300138696123818,-0.245113268501118,-0.00900416088371453,0.969447988479933
244.7,70.549,2.813,226.493,0.00300017401513946,-0.0990057424996023,-0.00700040603532542,0.995057715021255
245.4,70.164,2.737,231.43,-0.0019997360522605,-0.015997888418084,0.0019997360522605,0.999868026130251
246.3,70.086,2.678,238.373,0.00599872840435313,-0.00799830453913751,0.0179961852130594,0.999788067392189
246.8,70.055,2.614,242.551,0.00400170709218989,-0.0130055480496171,0.0310132299644717,0.999426346274426
247.4,69.833,2.582,247.884,0.00199934632061227,-0.0169944437252043,0.0189937900458166,0.999673160306136
248,69.613,2.537,253.593,-0.00499919769315021,-0.0139977535408206,0.00999839538630042,0.999839538630042
248.5,69.465,2.52,258.61,0,-0.0139977815274279,0.0109982569144077,0.999841537673423
249.2,69.206,2.494,265.939,-0.00299933721970358,-0.0169962442449869,0.0119973488788143,0.999779073234526
249.7,69,2.487,271.271,-0.00399905233688094,-0.016995972431744,0.012996920094863,0.999763084220234
250.3,68.745,2.436,277.626,-0.0019994522251252,-0.019994522251252,0.0119967133507512,0.999726112562598
250.9,68.447,2.419,283.892,-0.00299942716411226,-0.0179965629846736,0.00699866338292861,0.999809054704086
251.4,68.227,2.395,289.066,-0.00199970306614038,-0.0169974760621932,0.00199970306614038,0.99985153307019
251.9,68.025,2.399,294.219,-0.0059989082980256,-0.0179967248940768,0.00199963609934187,0.999818049670933
252.5,67.743,2.405,300.285,-0.0109961465258457,-0.023991592420027,0.00199929936833559,0.999649684167793
253,67.453,2.422,305.276,-0.00300137644672361,-0.0320146820983851,0.00700321170902175,0.999458356758961
253.4,67.135,2.395,309.25,-0.00100010451638323,-0.0420043896880956,0.00500052258191614,0.999104411866845
253.9,66.605,2.402,314.19,-0.00599741567064896,-0.0529771717573991,-0.00399827711376598,0.998569709163052
254.4,66.001,2.392,319.137,-0.00200092764499503,-0.0520241187698707,-0.0190088126274528,0.998462894852519
254.9,65.509,2.439,324.126,-0.00999963002053373,-0.0379985940780282,-0.0229991490472276,0.99896303905132
255.4,65.17,2.453,329.121,-0.0050022865675615,-0.0240109755242952,-0.0220100608972706,0.999456856198789
255.9,64.947,2.455,334.139,-0.00499816600955001,-0.01499449802865,-0.02199193044202,0.999633201910002
256.199999999,64.845,2.462,337.185,-0.00899689211057098,-0.0129955108263803,-0.020992748257999,0.999654678952331
257,64.625,2.485,345.238,-0.00699814223982026,-0.0109970806625747,-0.0189949575080836,0.999734605688609
257.3,64.553,2.496,348.166,-0.00899788574524562,-0.00999765082805069,-0.0169960064076862,0.999765082805069
257.699999999,64.488,2.499,351.87,-0.00699915315369951,-0.00699915315369951,-0.0119985482634849,0.999879021957072
258.199999999,64.426,2.502,356.226,-0.00399911829161434,0.00499889786451792,-0.0199955914580717,0.999779572903584
258.6,64.504,2.529,359.421,-0.0129961666961536,0.0149955769571003,-0.0139958718266269,0.999705130473352
259.1,64.617,2.52,362.951,-0.00399919024595449,0.0169965585453066,-0.00999797561488623,0.999797561488623
259.5,64.695,2.518,365.637,-0.0059993850945401,0.0119987701890802,-0.00499948757878342,0.999897515756683
259.9,64.69,2.516,368.268,-0.00599971801987945,-0.00699967102319268,-0.00299985900993972,0.999953003313241
260.3,64.509,2.527,370.909,-0.00700186274326753,-0.0370098459286998,-0.00700186274326753,0.999265840074893
260.8,64.046,2.561,374.464,-0.000999997500009375,-0.0599998500005625,-0.0199999500001875,0.997997505009356
261.3,63.574,2.593,378.411,-0.0080035623780638,-0.0510227101601567,-0.0210093512424175,0.998444406663459
261.699999999,63.295,2.628,381.826,-0.00600173775465638,-0.0300086887732819,-0.0220063717670734,0.999289336150287
262.1,63.153,2.648,385.442,0.00199949119422837,-0.00799796477691347,-0.0209946575393978,0.999745597114183
262.4,63.137,2.643,388.315,-0.00399938814041819,0.000999847035104548,-0.0169973995967773,0.999847035104549
262.8,63.171,2.667,392.319,-0.00499942509916849,0.00599931011900219,-0.0129985052578381,0.999885019833699
263.1,63.175,2.698,395.462,-0.00699922312934657,0.00199977803695616,-0.0129985572402151,0.999889018478082
263.4,63.168,2.731,398.674,-0.00899930708003123,-0.00299976902667708,-0.00799938407113887,0.999923008892359
263.699999999,63.118,2.736,401.885,-0.00499961254504106,-0.0089993025810739,-0.00699945756305748,0.999922509008212
264,63.023,2.772,405.136,-0.0109978556272087,-0.0129974657412466,-0.00999805057018969,0.999805057018969
264.3,62.917,2.803,408.343,-0.00999777074565787,-0.0149966561184868,-0.0109975478202237,0.999777074565787
264.9,62.681,2.862,414.698,-0.0129961407192245,-0.0159952501159686,-0.0129961407192245,0.999703132248039
265.199999999,62.566,2.899,417.818,-0.00899761145119748,-0.0149960190853291,-0.0149960190853291,0.999734605688609
265.5,62.455,2.909,420.899,-0.00499888537282893,-0.013996879043921,-0.0149966561184868,0.999777074565787
265.8,62.382,2.926,423.943,-0.0109978556272087,-0.0129974657412466,-0.00999805057018969,0.999805057018969
266,62.322,2.931,425.899,-0.00899842541331695,-0.0129977255970134,-0.00999825045924106,0.999825045924106
266.3,62.212,2.941,428.724,-0.00899757548006817,-0.0169954203512399,-0.012996497915654,0.999730608896463
266.6,62.087,2.956,431.403,-0.0109948281497472,-0.0259877756266753,-0.0119943579815424,0.999529831795202
266.9,61.903,2.991,433.957,-0.01400166629744,-0.0370044037860914,-0.01400166629744,0.999118902224468
267.199999999,61.678,3.012,436.347,-0.00999793563941369,-0.045990503941303,-0.0139971098951792,0.998793770377427
267.5,61.408,3.026,438.59,-0.00900040502733955,-0.0600027001822637,-0.0150006750455659,0.998044913031652
267.699999999,61.199,3.04,439.991,-0.0110045127755467,-0.0690283074102474,-0.0170069742894813,0.997409021565459
268,60.859,3.064,441.905,-0.0139957039782168,-0.0749769855975902,-0.0279914079564337,0.996694061877299
268.3,60.596,3.085,443.606,-0.0149929924136872,-0.0589724368271696,-0.0349836489652701,0.997533761923988
268.6,60.488,3.107,445.165,-0.0129996945107685,-0.0139996710115968,-0.0409990365339621,0.998976524327514
268.9,60.633,3.101,446.619,-0.0120014342570957,0.0620074103283278,-0.042005019899835,0.997119162860368
269.1,60.864,3.112,447.505,-0.00900275976886857,0.125038330123175,-0.0400122656394159,0.991303881216528
269.4,61.463,3.087,448.669,-0.00399891044533525,0.229937350606777,-0.0299918283400144,0.972734965827799
269.8,62.601,3.048,449.938,-0.00599873440054814,0.364923009366679,-0.0199957813351605,0.93080362115172
270.1,63.635,3.018,450.628,-0.00399951009001912,0.457943905307189,-0.0119985302700574,0.88889111750675
270.4,64.752,3.005,451.164,-0.00699990550191358,0.543992656148713,-0.0109998515030071,0.838988673729357
271.1,67.908,2.96,451.695,0.00299978552300239,0.677951528198539,-0.0149989276150119,0.734947453135584
271.4,69.52,2.91,451.726,0.00699522039972734,0.700521357172695,-0.0109924891995716,0.713512480772188
271.699999999,71.249,2.865,451.75,0.00600040504101086,0.702047389798271,-0.0090006075615162,0.712048064866623
272,73.134,2.816,451.788,0.00600022201232176,0.699025864435485,-0.00800029601642891,0.715026456468343
272.3,75.17,2.776,451.855,0.00600005100065026,0.697005924575539,-0.00700005950075869,0.717006094577706
272.6,77.336,2.716,451.952,0.00999847534875511,0.693894189203605,-0.0129980179533817,0.719890225110368
272.8,78.872,2.673,452.026,0.0060033477998579,0.692386112916945,-0.0120066955997158,0.721402293949592
273.1,81.276,2.61,452.148,0.00299949013001316,0.690882559946365,-0.0109981304767149,0.722877121333173
273.3,82.953,2.58,452.235,0.00199965608872657,0.689881350610665,-0.0079986243549061,0.723875504119017
273.6,85.54,2.521,452.377,0.00499871299708355,0.688822650998113,-0.0119969111930006,0.724813384577114
273.8,87.32,2.466,452.478,0.00899709440768372,0.689777237922418,-0.0169945116589581,0.723766261240335
274.1,90.096,2.376,452.624,0,0.692910273928913,-0.0129983168269494,0.720906648633112
274.3,91.969,2.328,452.698,0.000999946004373607,0.694962473039657,-0.0109994060481097,0.718961177144623
274.6,94.814,2.256,452.806,0.00200132732016586,0.695461243757638,-0.0110073002609124,0.718476507939545
274.9,97.713,2.185,452.934,-0.000999922009124812,0.694945796341745,-0.0129989861186225,0.718943924560741
275.1,99.662,2.13,453.02,-0.000999894016851023,0.694926341711461,-0.0149984102527654,0.718923798115886
275.4,102.587,2.032,453.137,0,0.693898698184558,-0.0159976645114597,0.71989490301568
275.699999999,105.533,1.966,453.256,-0.00199991000607454,0.694968727110904,-0.00999955003037273,0.718967647183799
276,108.459,1.905,453.37,-0.00199993500316858,0.695977381102665,-0.0109996425174272,0.71797666613752
276.3,111.384,1.834,453.46,0.00100002900126156,0.698020242880569,-0.00900026101135399,0.716020764903278
276.9,117.136,1.663,453.675,0.00399945011341151,0.696904182261956,-0.0189973880387048,0.716901432829013
277.199999999,120.021,1.597,453.764,-0.00199997500046874,0.695991300163121,-0.00899988750210923,0.717991025168278
277.5,122.811,1.501,453.865,0.00199995600145195,0.695984688505277,-0.00999978000725961,0.717984204521249
277.8,125.584,1.407,453.984,0.00400226392055171,0.694392790215721,-0.0160090556822069,0.719406939719169
278.1,128.313,1.316,454.118,0,0.69134921955609,-0.0150075807428963,0.722364886424742
278.4,131.018,1.252,454.28,-0.00199915953008926,0.683712559290526,-0.00899621788540167,0.729693228482579
278.699999999,133.671,1.185,454.529,-0.0030009949947885,0.672222878832625,-0.0120039799791539,0.740245432047831
279,136.312,1.136,454.868,-0.00600112231481912,0.661123641682573,-0.013002431682108,0.75014028935239
279.199999999,138.057,1.098,455.132,-0.00700194330893977,0.654181560578087,-0.0120033313867539,0.756209877365495
279.5,140.644,1.042,455.572,-0.0049999950000075,0.644999355000967,-0.015999984000024,0.763999236001146
279.699999999,142.372,1.018,455.889,-0.00900070208214468,0.639049847832272,-0.00900070208214458,0.769059989018806
280,144.898,0.974,456.429,-0.00400018201242244,0.628028575950323,-0.0150006825465842,0.778035401416165
280.199999999,146.595,0.944,456.83,-0.00699735899537481,0.619766082447484,-0.00899660442262474,0.784703830195604
280.5,149.044,0.92,457.468,-0.00100016103889194,0.605097428529622,-0.00600096623335165,0.796128186957981
280.699999999,150.669,0.883,457.939,0.00400061414140968,0.597091660605395,-0.0080012282828193,0.802123135352641
281,153.082,0.837,458.717,-0.000999879021957072,0.587928864910758,-0.00399951608782824,0.808902128763271
281.3,155.436,0.813,459.54,-0.00300075028136724,0.579144804303877,-0.00500125046894532,0.8152038264381
281.5,157,0.776,460.116,0.000999610727417748,0.572776946810369,-0.00699727509192424,0.819680796482553
281.8,159.33,0.747,461.019,-0.000999801059381806,0.563887797491338,-0.00499900529690912,0.825835675049371
282,160.846,0.716,461.648,0.00400150885331018,0.557210107823443,-0.00900339491994793,0.830313087061862
282.6,165.26,0.61,463.674,-0.0010000365019985,0.533019455565199,-0.0110004015219835,0.846030880690728
282.9,167.398,0.556,464.774,-0.0010003902282984,0.521203308943466,-0.0130050729678792,0.853332864738534
283.199999999,169.475,0.5,465.909,0.00100054694840181,0.509278396736523,-0.0150082042260272,0.860470375625559
283.4,170.842,0.477,466.696,-0.00700225508926659,0.501161399960366,-0.00900289940048568,0.865278664602228
283.699999999,172.786,0.444,467.871,-0.00600118535117185,0.489096606120506,-0.00800158046822914,0.872172271036975
284,174.583,0.419,469.042,-0.00500121544304694,0.478116196355287,-0.0110026739747033,0.878213431799042
284.199999999,175.692,0.402,469.798,-0.00699970951808237,0.472980371721852,-0.0119995020309984,0.880963440775796
284.5,177.222,0.367,470.848,-0.00699666688215687,0.471775252625435,-0.0139933337643138,0.881580027151766
284.699999999,178.154,0.343,471.481,-0.00599884533339929,0.47490858889411,-0.0179965360001979,0.879830648898562
284.9,179.036,0.336,472.056,-0.00800279346246269,0.483168655296185,-0.0180062852905411,0.875305534956857
285.1,179.858,0.339,472.553,-0.0129964199793756,0.494863683830071,-0.0139961445931738,0.86876068939057
285.3,180.601,0.331,472.95,-0.0120023406846725,0.50809908898447,-0.00900175551350439,0.861167944125253
285.6,181.646,0.296,473.457,-0.00400015800936212,0.533021054747502,-0.0100003950234052,0.846033418980088
285.8,182.343,0.292,473.756,-0.00400234806591303,0.555325794145433,-0.0150088052471739,0.831487810693432
286.1,183.429,0.286,474.062,-0.00400127060515774,0.598189955471082,-0.0120038118154732,0.801254438682837
286.4,184.504,0.242,474.227,-0.00200021103339662,0.645068058270411,-0.00800084413358648,0.76408061475751
286.699999999,185.598,0.222,474.283,-0.000999878522138891,0.694915572886529,-0.0159980563542221,0.718912657417863
287.1,187.123,0.183,474.052,-0.000999921009360267,0.764939572160605,-0.0139988941310438,0.643949130028012
287.4,188.327,0.163,473.67,-0.00700110626219105,0.815128800526529,-0.0130020544869261,0.579091503686945
287.8,190.005,0.128,472.725,-0.00999675158351729,0.877714789032818,-0.0149951273752761,0.478844400850478
288.5,193.062,0.069,469.787,-0.00700258443057033,0.934344836878955,-0.011004061248039,0.356131436754719
288.8,194.492,0.033,468.093,-0.00700310656679639,0.942418055131742,-0.0120053255430796,0.334148227615714
289.199999999,196.505,-0.014,465.511,-0.00500179346449318,0.947339682175008,-0.00700251085029054,0.320114781727563
289.5,198.138,-0.05,463.359,-0.0050015957636135,0.948302556781119,-0.0120038298326723,0.317101171413096
289.8,199.876,-0.095,461.041,-0.00499864305259183,0.949742179992448,-0.00699810027362857,0.312915055092249
290.199999999,202.272,-0.154,457.826,-0.00200010300795743,0.95004892877978,-0.00700036052785098,0.31201606924136
290.5,204.089,-0.219,455.389,-0.0010000620057666,0.949058843472499,-0.00700043404036604,0.315019531816478
290.9,206.54,-0.307,452.153,0,0.948069685682941,-0.00500036754052186,0.318023375577189
291.199999999,208.392,-0.367,449.744,0.0010000620057666,0.947058719460967,-0.0050003100288329,0.321019903851078
291.6,210.872,-0.451,446.561,0,0.946454053471306,-0.00399769399565497,0.322813790149136
291.9,212.727,-0.51,444.194,-0.00199947820427414,0.946752929723807,-0.00499869551068574,0.321915990888137
292.3,215.175,-0.585,441.054,-0.00200012101098186,0.947057298699909,-0.00500030252745491,0.321019422262588
292.6,216.988,-0.645,438.705,-0.00100038271959937,0.947362435460607,-0.00500191359799679,0.3201224702718
292.9,218.797,-0.691,436.39,-0.00400026602653644,0.947062981782502,-0.00100006650663414,0.321021348629549
293.199999999,220.6,-0.728,434.107,-0.00400017601161685,0.946041626747385,-0.00200008800580847,0.324014256940965
293.4,221.828,-0.746,432.563,-0.004000028000294,0.945006615069458,-0.00400002800029417,0.327002289024035
293.699999999,223.706,-0.784,430.208,-0.00200058325504066,0.944275296379192,-0.00600174976512211,0.329095945454189
294.1,226.309,-0.841,426.989,-0.0060015696157086,0.944246952871487,-0.00800209282094484,0.329086067261355
294.4,228.306,-0.879,424.505,-0.00799720946076235,0.944670367552552,-0.00499825591297641,0.327885587891256
294.699999999,230.296,-0.919,421.998,-0.00500004250054188,0.945008032602416,-0.00200001700021646,0.327002779535439
295.4,234.905,-1.026,416.267,-0.00400099036768917,0.943233479182723,-0.00400099036768908,0.332082200518202
295.699999999,236.88,-1.086,413.856,-0.00599933111186946,0.94289487308215,-0.00699921963051434,0.332962876708755
296,238.834,-1.142,411.483,-0.00899590329885865,0.94257075675819,-0.00499772405492145,0.333847966868755
296.3,240.705,-1.186,409.197,-0.00900198965959646,0.943208472111051,-0.00200044214657698,0.33207339633178
296.5,241.885,-1.216,407.754,-0.00899946904698888,0.943944308928611,-0.000999941005220752,0.329980531722926
296.8,243.508,-1.248,405.678,-0.00900010350178541,0.946010879187667,-0.00200002300039694,0.324003726064275
297,244.487,-1.268,404.383,-0.00800042403371097,0.949050300998964,-0.0020001060084276,0.31501669632737
297.3,245.757,-1.313,402.59,-0.00800290958654821,0.956347695592511,-0.00300109109495542,0.29210619990901
297.6,246.774,-1.355,400.937,-0.00700140742435266,0.968194626681911,-0.0050010053031091,0.250050265155452
297.9,247.49,-1.398,399.309,-0.00500222398295053,0.983437235048075,-0.00600266877954055,0.181080508182809
298.199999999,247.886,-1.425,397.526,-0.0049996475372725,0.995929789424681,-0,0.0899936556709049
298.6,247.806,-1.451,395.299,0.00200074241317849,-0.998370464176067,-0.00100037120658931,0.0570211587755869
298.9,247.321,-1.465,393.734,-0.0030003525621403,-0.986115875423443,-0.00200023504142693,0.16601950843843
299.3,246.154,-1.454,391.805,-0.00800092416011382,-0.955110321613587,-0.00800092416011384,0.296034193924211
299.699999999,244.562,-1.415,390.094,-0.007001841726593,-0.92024205549508,-0.0120031572455883,0.391102873585409
300.1,242.625,-1.352,388.539,-0.00100022507596599,-0.888199867457797,-0.0180040513673878,0.459103309868388
300.5,240.311,-1.282,387.182,0.00300143052254723,-0.854407222085112,-0.0190090599761325,0.519247480400671
301,236.883,-1.194,385.803,-0.00199922744785826,-0.814685185002242,-0.0119953646871495,0.579775959878897
301.3,234.565,-1.149,385.152,-0.0119958081974245,-0.794722293079375,-0.00899685614806838,0.606787964653058
301.699999999,231.21,-1.059,384.384,-0.00900158892067913,-0.773136470631663,-0.00900158892067925,0.634111930634507
302.4,224.623,-0.914,383.469,-0.00999993000073499,-0.744994785054757,-1.11022302462516e-16,0.666995331049024
302.699999999,221.522,-0.88,383.138,-0.0129945823884806,-0.740691196143394,-1.11022302462516e-16,0.671719951158381
303.1,217.243,-0.816,382.733,-0.0119982603783586,-0.736893158237522,-0.000999855031529812,0.675902001314199
303.4,213.979,-0.773,382.445,-0.0100004350283858,-0.734031931083518,-0.00400017401135427,0.679029538427397
303.8,209.548,-0.721,382.108,-0.0090021652811565,-0.730175628360471,-0.00700168410756628,0.683164320781098
304.1,206.167,-0.669,381.873,-0.00899666285700529,-0.727730062211094,-0.00899666285700532,0.68574563554507
304.5,201.652,-0.602,381.603,-0.00699851297397276,-0.723846199022326,-0.00999787567710401,0.689853421720172
304.8,198.277,-0.553,381.444,-0.00799866833257471,-0.721879817014867,-0.0109981689572901,0.691884810767713
305.199999999,193.806,-0.475,381.24,-0.00900507128310066,-0.719405139172153,-0.014007888662601,0.694391052274651
305.5,190.498,-0.399,381.119,-0.0109985867723938,-0.717907754779885,-0.0139982013466831,0.695910581235098
305.9,186.105,-0.304,380.969,-0.0099991651045692,-0.716940137997611,-0.0129989146359398,0.696941807788473
306.199999999,182.84,-0.229,380.866,-0.012998290837125,-0.71690573309374,-0.0139981593630577,0.696908362575086
306.5,179.635,-0.146,380.758,-0.0119985722548475,-0.716914692227135,-0.0139983342973219,0.69691707180239
306.9,175.413,-0.043,380.62,-0.01199880017997,-0.71592841073821,-0.0139986002099649,0.697930210468255
307.2,172.291,0.031,380.529,-0.0119990041239848,-0.71494066238743,-0.013998838144649,0.698941990222117
307.5,169.244,0.082,380.454,-0.0100001550036038,-0.712011036256594,-0.0110001705039643,0.70201088125299
307.9,165.324,0.154,380.41,-0.0130000650004875,-0.70800354002655,-0.0110000550004125,0.706003530026475
308.3,161.69,0.223,380.416,-0.0139998180035489,-0.702990861178206,-0.00999987000253491,0.710990757180235
308.8,157.586,0.293,380.45,-0.0200128022818987,-0.707452560665117,-0.00600384068456957,0.706451920551022
309.2,154.649,0.35,380.37,-0.0219922710748371,-0.722745999413966,-0.00299894605565966,0.69075724148693
310,149.99,0.445,379.533,-0.028006091987583,-0.811176450068922,-0.00200043514197038,0.584127061455303
310.5,147.913,0.473,378.186,-0.0300120372408844,-0.899360715985172,-0.00100040124136273,0.436174941234188
310.9,146.749,0.492,376.659,-0.0270060095057469,-0.953212113295438,-0.00400089029714776,0.301066994860364
311.4,145.903,0.514,374.356,-0.0189957264422717,-0.988777550074035,-0.00799820060727221,0.147966711234537
311.9,145.526,0.548,371.657,-0.00699979700883007,-0.997971059258916,-0.00599982600756879,0.0629981730794707
312.5,145.327,0.567,368.019,-0.00799774495383971,-0.999718119229963,-0.00399887247691979,0.0219937986230592
313,145.224,0.582,364.513,-0.0119984043183314,-0.999867026527619,-0.000999867026527444,0.0109985372918038
313.4,145.216,0.582,361.403,0.013998614205787,0.999901014699075,0.000999901014698848,0.000999901014699075
313.9,145.288,0.57,357.121,0.0179963471122667,0.999797061792594,0.000999797061792701,0.00899817355613335
314.4,145.452,0.602,352.363,0.0109978281433913,0.999802558490122,0.00699861790943072,0.0149970383773518
314.9,145.62,0.619,347.286,0.0119978645701429,0.999822047511905,0.00399928819004809,0.0139975086651667
315.4,145.804,0.623,342.027,0.00999833041821859,0.99983304182186,0.00299949912546577,0.0149974956273279
315.9,146.005,0.606,336.681,0.0109974653763125,0.999769579664771,0.00399907831865926,0.0179958524339659
316.4,146.209,0.589,331.343,0.0139962634964031,0.999733106885937,0.00699813174820152,0.0169954628170609
316.9,146.411,0.591,326.025,0.00799881626278318,0.999852032847898,0.00599911219708743,0.0139979284598706
317.4,146.586,0.621,320.688,0.00999847534875511,0.999847534875511,0.00599908520925283,0.0129980179533816
317.9,146.731,0.677,315.209,0.0149966261386355,0.999775075909035,0.0089979756831813,0.0119973009109084
318.5,146.926,0.717,308.477,0.0169956921379953,0.999746596352667,0.00699822617446839,0.0129967057525847
319,147.099,0.79,302.738,0.0169958280362628,0.9997545903684,0.00899779131331584,0.0109973004940524
319.5,147.26,0.838,296.85,0.0169961083367353,0.99977107863149,0.00499885539315725,0.0119972529435779
320.4,147.643,0.843,286.349,0.0139963544244468,0.999739601746201,0.00599843761047724,0.0169955732296854
320.9,147.858,0.901,280.526,0.0139962704908052,0.999733606486079,0.00899760245837501,0.0159957377037773
321.4,148.076,0.89,274.753,0.00899846139464102,0.999829043849003,0.00599897426309396,0.014997435657735
321.9,148.244,0.93,269.069,0.0139974177146255,0.999815551044679,0.00199963110208936,0.0129976021635808
322.4,148.42,0.969,263.46,0.0139958718266269,0.999705130473352,0.0149955769571003,0.0129961666961536
322.9,148.615,1.026,257.975,0.00899865480165321,0.999850533517024,0.00699895373461876,0.0129980569357213
323.4,148.761,1.04,252.538,0.00899830397953479,0.999811553281636,0.013997361745943,0.00999811553281636
323.9,148.927,1.085,247.426,0.00499945258991041,0.999890517982093,0.0049994525899104,0.0129985767337672
324.5,149.142,1.069,241.785,0.0119968752209544,0.999739601746201,0.0039989584069855,0.0189950524331778
325,149.363,1.034,237.571,0.00399890245189476,0.99972561297369,0.00699807929081521,0.0219939634854212
325.5,149.584,1.036,233.933,0.00299873779702527,0.999579265675091,0.00699705485972548,0.0279882194389026
326.1,149.86,1.069,230.335,-0.00399832705012105,0.999581762530266,0.0139941446754235,0.0249895440632567
326.6,149.93,1.098,227.862,0.00599895327397257,-0.999825545662095,-0.0129977320936075,0.0119979065479451
327.2,149.504,1.107,225.312,-0.00399890844697064,-0.992729021960459,-0.00899754400568382,0.119967253409119
327.8,148.385,1.155,223.04,-0.0140067809233477,-0.966467883710989,-0.0120058122200121,0.256123994026929
328.5,146.122,1.247,220.796,-0.00900308408453891,-0.897307380425711,-0.0120041121127185,0.441151120142406
329.1,143.266,1.338,219.441,-0.00800467208964437,-0.818477721166137,-0.013007592145672,0.574335222431984
329.8,139.175,1.433,218.711,-0.0100040124136282,-0.748300128539386,-0.00500200620681399,0.663266023023547
330.4,134.892,1.537,218.442,-0.0139965222962604,-0.72382015303518,-0.00499875796295018,0.689828598887119
331.1,129,1.627,218.373,-0.0150000825006806,-0.712003916032307,0.00400002200018154,0.702003861031854
332.2,118.422,1.855,218.206,-0.020997469957296,-0.713913978548065,-0.001999759043552,0.699915665243201
332.9,111.503,1.968,217.99,-0.0220094991487664,-0.720310881232355,-0.00200086355897872,0.693299223186141
333.6,104.709,2.065,217.763,-0.0229940338222343,-0.718813492095063,0.00199948120193343,0.694819717671862
334.3,98.045,2.174,217.551,-0.0280083197066128,-0.719213638180522,0.00500148566189512,0.694206209871046
335.1,90.807,2.324,217.246,-0.0270076307336757,-0.721203768851118,0.00100028261976576,0.69219557287791
335.9,84.926,2.453,216.993,-0.0300074127465357,-0.719177658825305,-0.00300074127465369,0.694171481536525
336.6,81.238,2.546,216.971,-0.0280121879532163,-0.70130513411445,-0.00100043528404339,0.712309922238929
337.3,78.056,2.64,217.329,-0.0220001650018563,-0.634004755053494,-0.00400003000033748,0.773005797565223
338.1,74.799,2.736,218.79,-0.0109994390429129,-0.483975317888165,-0.00999949003901169,0.874955378413522
338.8,72.406,2.821,221.185,-0.000999958502583196,-0.314986928313707,-0.0159993360413311,0.948960618951453
339.6,70.878,2.814,224.948,-0.00299872731032784,-0.143938910895736,-0.00199915154021856,0.989580012408187
340.4,70.358,2.766,229.036,0.00500251189161272,-0.0310155737279988,0.00300150713496763,0.999501875944221
341.1,70.273,2.722,232.778,-0.00199936829941031,-0.0219930512935135,0.0119962097964619,0.999684149705157
341.8,69.747,2.687,236.42,-0.00400145479327411,-0.105038188323445,0.0140050917764594,0.994361516128615
342.6,67.849,2.655,239.86,0.0049990227865585,-0.308939608209316,-0.0219957002608574,0.950814134003428
343.4,64.73,2.742,242.029,-0.00899847938546493,-0.543908087299214,-0.0199966208565888,0.838858244933897
344.1,61.25,2.885,242.651,-0.00699922312934657,-0.679924532565095,-0.0219975584065178,0.732918650544434
344.9,56.544,3.036,242.595,0.000999837039842674,-0.713883646447671,-0.0229962519163814,0.699885927889873
345.7,50.567,3.204,242.472,-0.000999954003173756,-0.710967296256541,-0.0189991260603013,0.702967664231151
346.4,44.402,3.37,242.381,-0.00699954154504271,-0.714953172100791,-0.0159989521029547,0.698954219997836
347.5,33.163,3.704,241.969,-0.00599891729313407,-0.719870075176088,-0.0169969323305464,0.69387476690584
348.2,25.562,3.862,241.685,-0.00999859029814495,-0.718898642436621,-0.0139980264174028,0.694902025721073
348.9,18.085,4.057,241.319,-0.00399869463926565,-0.723763729707081,-0.0189937995365117,0.689774825273323
349.5,11.979,4.214,240.933,0.00200018602595102,-0.725067434407246,-0.0290026973762899,0.688063992927152
350.2,5.608,4.375,240.514,0.00599951705831443,-0.724941644546326,-0.0339972633304483,0.687944622686721
350.9,0.416,4.48,240.204,0.00799925610377192,-0.723932677391358,-0.0349967454540021,0.688935931937356
351.6,-3.292,4.548,240.059,0.00500160577322118,-0.710228019797408,-0.0320102769486156,0.703225771714899
352.2,-5.262,4.568,240.121,0.00800212484625748,-0.690183267989707,-0.0240063745387724,0.72319203298052
352.9,-6.865,4.581,240.335,0.0119989621346611,-0.651943609316586,-0.0189983567132134,0.757934441506092
353.5,-8.152,4.576,240.699,0.0119974508125247,-0.595873390355395,-0.0159966010833664,0.802829416871447
354.3,-10.421,4.559,242.043,0.00100031264656071,-0.449140378305759,-0.0180056276380928,0.893279193378715
355,-12.235,4.568,244.585,0.00600099324658026,-0.242040060945404,-0.0130021520342572,0.97016057486381
355.8,-13.156,4.509,249.204,0.0070021184613003,-0.0360108949438301,-0.00700211846130029,0.999302334691285
356.5,-13.221,4.434,254.542,0.0069998145073733,-0.00199994700210666,0,0.999973501053328
357.2,-13.3,4.353,260.857,0.0109989771426864,-0.00799925610377192,-0.000999907012971491,0.99990701297149
357.9,-13.469,4.242,268.233,0.0109986637435278,-0.0109986637435278,-0.000999878522138892,0.999878522138892
358.6,-13.709,4.12,276.412,0.00599937309826514,-0.0129986417129078,-0.00199979103275505,0.999895516377523
359.3,-13.997,3.962,284.976,0.00799870431484299,-0.015997408629686,-0.00199967607871075,0.999838039355374
359.9,-14.277,3.831,292.442,0.00399950409223694,-0.0139982643228293,-0.00599925613835541,0.999876023059234
360.6,-14.547,3.702,301.255,-0.000999898515450761,-0.0109988836699584,-0.00899908663905685,0.999898515450761
361.7,-14.96,3.528,315.054,0.000999715121779657,-0.0129962965831355,-0.0199943024355931,0.999715121779656
362.4,-15.257,3.425,323.945,-0.000999694639924132,-0.0129960303190137,-0.0209935874384068,0.999694639924132
363,-15.472,3.356,331.494,0,-0.0129970240222094,-0.0169961083367353,0.99977107863149
363.7,-15.722,3.296,340.075,-0.00299948113464168,-0.0159972327180889,-0.00899844340392503,0.99982704488056
364.2,-15.929,3.268,345.829,-0.00399934016330509,-0.0169971956940466,-0.00499917520413137,0.999835040826273
364.9,-16.199,3.212,353.171,-0.00299967455296555,-0.0119986982118622,-0.00799913214124146,0.999891517655182
365.4,-16.288,3.176,357.897,-0.00599970902116854,-0.00599970902116854,-0.00499975751764045,0.99995150352809
366,-16.339,3.145,362.725,-0.00399987000633716,0,-0.00699977251109003,0.999967501584289
366.6,-16.42,3.096,366.606,-0.000999830543083204,-0.0129977970600817,-0.0129977970600817,0.999830543083204
367.2,-16.78,3.073,369.716,-0.00499837828932499,-0.0919701605235799,-0.01199610789438,0.995676955233539
367.9,-18.369,3.153,372.689,-0.0229994250215616,-0.313992150294363,-0.0179995500168743,0.94897627588965
368.6,-21.25,3.353,374.514,-0.0330032509803402,-0.561055266665784,-0.00800078811644608,0.827081471537617
369.2,-24.43,3.506,374.748,-0.0300083134543998,-0.716198414445009,-0.0090024940363199,0.697193149257222
369.9,-28.722,3.713,374.123,-0.023998596123189,-0.755955777880453,-0.0169990055872589,0.6539617443569
370.6,-33.815,3.95,373.389,-0.0199985501576684,-0.75094555842045,-0.0119991300946009,0.659952155203059
371.3,-39.841,4.243,372.776,-0.0129997270085992,-0.728984691482217,-0.0239994960158755,0.68398563645245
371.9,-45.725,4.593,372.474,-0.0170022954648421,-0.722097489742117,-0.0260035107109349,0.691093303894464
372.5,-52.027,4.939,372.196,-0.0150033160993274,-0.71815873062114,-0.0280061900520779,0.695153645935504
373.1,-58.529,5.293,371.973,-0.0150027757703,-0.717132681820341,-0.0300055515406001,0.696128795741921
373.6,-63.991,5.602,371.77,-0.0140021494949339,-0.719110391918389,-0.0300046060605724,0.694106553534579
374.8,-76.889,6.351,371.255,-0.0120018184132448,-0.714108195588068,-0.0340051521708603,0.699105922571512
375.4,-83.016,6.709,371.168,-0.0140015612611258,-0.7060787321682,-0.0360040146714663,0.707078843686852
376,-88.544,6.993,371.212,-0.0170047705072848,-0.703197274507131,-0.0290081379241919,0.710199238833659
376.6,-93.773,7.281,371.153,-0.0209884385546575,-0.719603607588258,-0.0249862363745922,0.693617921758683
377.2,-98.971,7.531,370.709,-0.0109937188839741,-0.738578023205171,-0.0249857247363048,0.673615138890779
377.8,-104.494,7.836,370.173,-0.0160094002777547,-0.735431825259361,-0.0370217381423081,0.67639716173514
378.5,-111.601,8.334,369.686,-0.0119978825605756,-0.721872600727965,-0.037993294775156,0.690878070779812
379.1,-118.251,8.738,369.441,0.00200047116644608,-0.713167970838028,-0.0340080098295835,0.700164908256129
379.7,-125.325,9.138,369.424,-0.00900101267089142,-0.702078988329531,-0.0370041632025536,0.711080001000422
380.3,-132.373,9.547,369.512,-0.011995856147428,-0.704756548661393,-0.0289899856896174,0.708755167377203
380.9,-139.359,9.923,369.381,-0.0110021456276165,-0.716139660852127,-0.0320062418257935,0.697135954768062
381.4,-145.117,10.284,369.193,-0.0159991920612009,-0.717963743746388,-0.035998182137702,0.694964905158412
381.9,-150.814,10.645,368.99,-0.0199973905107965,-0.72090592791421,-0.0339955638683539,0.691909711673556
382.4,-156.425,11,368.691,-0.0149978779503944,-0.724897434269063,-0.0329953314908678,0.68790266865809
382.9,-161.944,11.371,368.37,-0.0200077244727576,-0.7262803983611,-0.0340131316036879,0.686264949415585
383.4,-167.416,11.707,368.059,-0.0159988641209697,-0.725948459488999,-0.0289979412192575,0.686951228194136
383.9,-172.753,11.978,367.736,-0.0120009481123528,-0.725057281787981,-0.0270021332527938,0.68805435844156
384.4,-178.108,12.223,367.466,-0.0130035959915062,-0.718198609377036,-0.0270074685977436,0.695192247238217
384.9,-183.533,12.462,367.377,-0.0229922184508587,-0.711759110304845,-0.0199932334355292,0.70176249358708
385.4,-189.05,12.766,367.302,-0.0209929685331149,-0.707762939116445,-0.022992298869602,0.705763608779958
386.3,-199.194,13.336,367.394,-0.0169912687312318,-0.696642017980505,-0.0289851054826894,0.716631745899601
386.8,-204.851,13.659,367.55,-0.0180016742335592,-0.693064457992029,-0.0290026973762899,0.720066969342368
387.2,-209.361,13.903,367.715,-0.0180010620939962,-0.690040713603189,-0.0270015931409944,0.723042660775516
387.6,-213.76,14.162,367.942,-0.0200061528381421,-0.682209811780645,-0.0310095368991202,0.730224578592186
388,-217.957,14.387,368.267,-0.0189970461889586,-0.672895372903638,-0.0299953360878293,0.738885112296862
388.5,-222.846,14.666,368.762,-0.0250032631387733,-0.668087191068023,-0.029003785240977,0.743096980484343
388.9,-226.442,14.856,369.145,-0.0220120769372089,-0.663363954971342,-0.0290159195990481,0.747410066913412
389.4,-230.44,15.087,369.683,-0.0200055122780535,-0.646178046581129,-0.0330090952587882,0.76221001779384
389.7,-232.514,15.182,370.109,-0.0149961165086713,-0.627837411163037,-0.0249935275144522,0.77779857624975
390,-234.406,15.271,370.616,-0.0260137779440983,-0.610323251765384,-0.0220116582603909,0.791419167453146
390.4,-236.615,15.388,371.272,-0.0300134940990782,-0.601270331784867,-0.0140062972462365,0.798358943035481
390.8,-238.587,15.498,371.816,-0.0329971953575868,-0.606948411577431,-0.0139988101517034,0.793932518603756
391.2,-240.325,15.594,372.219,-0.0329957438235525,-0.624919390597584,-0.0119984522994736,0.779899399465785
391.5,-241.553,15.653,372.396,-0.0310010695553498,-0.649022391658775,-0.0130004485232112,0.760026221356963
391.9,-243.161,15.737,372.507,-0.0300077129734787,-0.679174570299734,-0.0160041135858553,0.733188453651995
392.3,-244.749,15.822,372.506,-0.0239903817849698,-0.698719869487247,-0.0199919848208082,0.714713457343893
392.6,-246.019,15.889,372.499,-0.0220062836911188,-0.700199935626507,-0.0240068549357659,0.713203648716714
393,-247.738,15.977,372.524,-0.0180026555875632,-0.694102387653825,-0.0280041309139873,0.719106075969885
393.4,-249.475,16.07,372.642,-0.0159913909533337,-0.678634653582097,-0.0319827819066673,0.733605059984182
393.8,-251.206,16.174,372.866,-0.016004209660784,-0.661173911611139,-0.0360094717367639,0.749197064745451
394.6,-254.169,16.327,373.477,-0.0140065145442469,-0.639297342412413,-0.0270125637639048,0.768357369284403
395,-255.447,16.386,373.675,-0.0140011761481967,-0.656055110944076,-0.0280023522963934,0.754063343981453
395.4,-256.73,16.447,373.731,-0.0129955497861669,-0.695761742397858,-0.0239917842206159,0.717754211266756
395.9,-258.538,16.543,373.518,-0.0159928607811362,-0.764658656098073,-0.0259883987693464,0.643712646440731
396.3,-260.117,16.646,372.961,-0.0169953608996252,-0.826774321411178,-0.0219939964583384,0.561846636799374
396.8,-262.152,16.773,371.626,-0.0239881407958401,-0.900554785710496,-0.0159920938638935,0.433785546058108
397.4,-264.312,16.927,368.915,-0.0320151467474649,-0.962455349095664,-0.0150071000378739,0.269127327345877
397.8,-265.487,17.043,366.475,-0.0340086052658361,-0.981248287228978,-0.0160040495368641,0.189047835154207
398.3,-266.619,17.166,362.805,-0.0419992020227423,-0.991981152537151,-0.00699986700379022,0.118997739064436
398.7,-267.261,17.25,359.429,-0.041991140803837,-0.995789910490992,-0.00899810160082216,0.0809829144073999
399.1,-267.792,17.327,355.612,-0.0390121541793352,-0.996310399041484,-0.00800249316499183,0.0760236850674224
399.6,-268.537,17.441,350.472,-0.0380183292531151,-0.996480419371122,-0.010004823487662,0.0740356938086978
400,-269.132,17.542,346.097,-0.0369926207081797,-0.99680115800149,-0.0109978061564859,0.0699860391776372
400.4,-269.71,17.657,341.491,-0.0380048459268032,-0.997127141816389,-0.0140017853414541,0.0640081615609317
400.8,-270.268,17.797,336.763,-0.0400185528999006,-0.997462431030021,-0.0100046382249752,0.0580269017048558
401.2,-270.754,17.863,332.005,-0.0369944142651371,-0.997849336124509,-0.0149977355128932,0.0519921497780305
401.7,-271.246,17.997,326.118,-0.0359826245874735,-0.998517832302389,-0.0149927602447808,0.0379816592867776
402.1,-271.537,18.109,321.436,-0.0379912060535801,-0.998768811777014,-0.0169960658660749,0.026993751669649
402.5,-271.714,18.208,316.814,-0.038999337016906,-0.998983017433054,-0.0159997280069358,0.0159997280069358
402.9,-271.821,18.297,312.235,-0.0439953587344673,-0.998894622175748,-0.0149984177503865,0.00699926161684708
403.8,-271.728,18.499,302.041,0.0479864457433459,0.998717902033387,0.0139960466751425,0.00799774095722432
404.3,-271.571,18.597,296.329,0.0469844507197919,0.99866949508664,0.0139953682995128,0.0159947066280143
404.7,-271.379,18.672,291.716,0.0479752990798239,0.998485912098834,0.0139927955649486,0.0229881641424156
405.2,-271.028,18.772,285.849,0.0440184916505557,0.998419424255786,0.014005883706995,0.0320134484731314
405.7,-270.554,18.863,279.908,0.0390116662325661,0.998298535900026,0.014004187878357,0.0410122645009029
406.2,-269.943,18.962,273.914,0.0379902567485558,0.997744111448913,0.0159958975783394,0.0529864107282488
406.7,-269.169,19.066,267.845,0.036998834555067,0.996968595983832,0.0139995590208366,0.0669978895997159
407.1,-268.402,19.153,262.891,0.0350094713431708,0.99626952736566,0.017004600366683,0.0770208369549757
407.6,-267.333,19.252,256.715,0.0399967603936069,0.994919414790971,0.0159987041574427,0.0909926298954556
408,-266.359,19.332,251.826,0.04099503990024,0.99387974782533,0.0179978223952272,0.100987781217664
408.4,-265.315,19.387,246.968,0.0440027722619815,0.993062564912446,0.0150009450893117,0.108006804643046
408.8,-264.203,19.457,242.115,0.0430172533786011,0.992398031431914,0.017006821103168,0.114045741515361
409.3,-262.692,19.512,236.084,0.0449953432229521,0.990897447421013,0.0149984477409837,0.125986961024266
409.7,-261.364,19.578,231.249,0.0490161289600784,0.989325541663623,0.0180059249241101,0.136044766093279
410.2,-259.62,19.62,225.321,0.044980123177363,0.988563151609157,0.0169924909781152,0.142936835874731
410.7,-257.838,19.676,219.47,0.0439874653583049,0.9877185403183,0.0169951570702541,0.148957553145169
411.1,-256.347,19.719,214.819,0.0439921920787975,0.986824854131208,0.0149973382086806,0.154972494823037
411.5,-254.808,19.763,210.194,0.0439846080802866,0.985655081071878,0.0179937033055718,0.161943329750146
411.8,-253.591,19.795,206.757,0.0389955937468458,0.984888713862645,0.0159981923063982,0.167981019217182
412.2,-251.901,19.83,202.196,0.0370134012773328,0.983356039341031,0.0170061573436394,0.177064108813187
413.1,-247.834,19.941,192.181,0.0339821810178593,0.979486394044181,0.0169910905089295,0.197896230633416
413.4,-246.429,19.982,188.902,0.0370099570178369,0.978263188201202,0.0200053821718038,0.203054629043808
413.8,-244.48,20.052,184.57,0.0410160198842582,0.976381351391121,0.0210082053065713,0.211082443794597
414.2,-242.458,20.105,180.279,0.0389986350716583,0.974965876791458,0.0199993000367478,0.217992370400552
414.6,-240.331,20.152,175.925,0.0390081535562289,0.973203420774635,0.0160033450487093,0.226047248813019
415,-238.142,20.172,171.562,0.0439935993968978,0.970858750326994,0.0169975270397102,0.234965814960704
415.4,-235.799,20.192,167.182,0.0439833554493477,0.968633441600408,0.0179931908656423,0.243907698400928
415.7,-233.996,20.194,163.954,0.0390123688817141,0.967306684836347,0.016005074413011,0.250079287703295
416.1,-231.539,20.213,159.671,0.0379992590216736,0.964981183050394,0.0169996685096962,0.258994949647722
416.4,-229.664,20.231,156.518,0.0339919788393792,0.963772576504751,0.0179957535032008,0.263937718046944
416.7,-227.773,20.25,153.399,0.0340127571763604,0.962360953048785,0.0170063785881802,0.269100931777675
417.1,-225.202,20.257,149.298,0.0330139678632343,0.960406337839543,0.0170071955659084,0.276116822128869
417.4,-223.257,20.261,146.262,0.0350017326286488,0.9580474245213,0.016000792058811,0.284014059043892
417.7,-221.249,20.285,143.254,0.0330078402932151,0.956227130918594,0.0200047516928581,0.290068899546435
418.1,-218.511,20.327,139.263,0.0360009720393678,0.953025732042152,0.0210005670229643,0.300008100328065
418.5,-215.701,20.356,135.367,0.039002671774528,0.95006508168722,0.0190013016337442,0.309021168675106
418.9,-212.762,20.379,131.411,0.0389906238822989,0.947772088215881,0.0199951917345121,0.315924029405294
419.3,-209.746,20.391,127.483,0.0409872959070981,0.944707186151407,0.0169947324492847,0.324899296824558
419.7,-206.597,20.374,123.581,0.0370022572065365,0.942057467258307,0.0160009760893129,0.333020314858829
420.1,-203.364,20.369,119.68,0.0370062916044046,0.939159670717187,0.0170028907371591,0.34105798478654
420.8,-197.476,20.36,112.92,0.0369848023686981,0.933616362496326,0.0189921958109527,0.355853774142069
421.2,-194.005,20.358,109.14,0.0299881120698794,0.931630681637587,0.01499405603494,0.361856552309878
421.5,-191.329,20.351,106.261,0.0309988685619459,0.929966056858376,0.0159994160319718,0.365986641731361
421.8,-188.61,20.348,103.387,0.0290058742843741,0.929188179661502,0.0170034435460125,0.368074542643092
422.1,-185.853,20.342,100.525,0.0249904804400832,0.92864625315349,0.0139946690464466,0.369859110513231
422.5,-182.162,20.37,96.696,0.0189943879874021,0.928725602120872,0.0169949787255705,0.369890713438883
422.8,-179.477,20.379,93.815,0.0300041108447979,0.929127299160575,0.0190026035350387,0.368050426362854
423.1,-176.785,20.397,90.915,0.0369868904705805,0.929670490206484,0.0219922051446695,0.365870321952229
423.5,-173.183,20.427,87.08,0.032000736025393,0.931021413738777,0.0200004600158708,0.363008349288051
423.8,-170.531,20.428,84.208,0.0330134887658042,0.93138054669587,0.0170069487581417,0.362147967673367
424.1,-167.88,20.417,81.3,0.0380066707561279,0.931163433525134,0.0200035109242781,0.362063547729429
424.5,-164.369,20.423,77.49,0.0400112647567668,0.930261905594827,0.0210059139973023,0.364102509286578
424.9,-160.823,20.454,73.703,0.0369995745073397,0.929989305184485,0.0229997355045626,0.364995802572406
425.2,-158.131,20.462,70.826,0.037999810001425,0.929995350034875,0.0209998950007874,0.364998175013687
425.5,-155.443,20.482,67.959,0.0370004070067156,0.930010230168798,0.0220002420039934,0.365004015066249
425.8,-152.767,20.48,65.095,0.0370026827917571,0.930067432333355,0.0190013776498215,0.365026465378145
426.1,-150.09,20.48,62.234,0.0360156161551388,0.930403417341087,0.021009109423831,0.364157896679737
426.4,-147.442,20.507,59.402,0.0309884279828192,0.930652466193699,0.0229914143098337,0.363864122120845
426.7,-144.782,20.532,56.572,0.0269953167187887,0.93083851352564,0.0189967043576665,0.363936862431077
427,-142.135,20.552,53.736,0.0249974253977692,0.930904121812925,0.0179981462863937,0.36396251379152
427.7,-135.961,20.605,47.106,0.0299818664545342,0.930437255639044,0.0179891198727203,0.364779375196833
428.1,-132.4,20.663,43.3,0.0280078713179159,0.930261440202208,0.0230064657254306,0.365102608251404
428.4,-129.734,20.699,40.443,0.0299964006478704,0.929888420083983,0.0219973604751049,0.365956087904019
428.7,-127.062,20.761,37.575,0.0330074605292147,0.929210025201226,0.0270061040693573,0.367082970127933
429.1,-123.451,20.811,33.748,0.0329929237766935,0.929800579161361,0.0219952825177957,0.3659215182506
429.4,-120.732,20.838,30.853,0.0359885574578034,0.929704400993255,0.0219930073353243,0.365883667487668
429.8,-117.109,20.867,27.007,0.0339908067300012,0.929748537026503,0.0229937810232359,0.365901037152366
430.2,-113.48,20.925,23.136,0.0319941775894699,0.929830786193968,0.0219959970927605,0.365933406179562
430.7,-108.936,20.997,18.308,0.0310113677498023,0.929340665792463,0.0240088008385567,0.367134579489595
431.1,-105.308,21.055,14.482,0.0270130369362417,0.929448567176614,0.0240115883877704,0.36717720576299
431.6,-100.793,21.158,9.723,0.0230128447520579,0.929518816289642,0.0250139616870193,0.367204957565445
432,-97.268,21.247,5.957,0.0259979592402963,0.929927003595214,0.0249980377310539,0.365971272382633
432.4,-93.811,21.336,2.21,0.0299959358260247,0.9308738751343,0.0289960712984906,0.362950823494899
432.8,-90.407,21.418,-1.499,0.0339876647161558,0.931661868101684,0.0249909299383498,0.360869028309772
433.2,-87.023,21.49,-5.217,0.034009438929136,0.932258737704552,0.028007773235759,0.359099663987054
433.7,-82.93,21.591,-9.694,0.0300013800952273,0.932042874958395,0.0280012880888786,0.360016561142728
434.1,-79.77,21.674,-13.109,0.026000130000975,0.931004655034913,0.0280001400010498,0.363001815013613
434.5,-76.753,21.743,-16.339,0.0270063472374889,0.930218627069061,0.0260061121546187,0.365085805247535
434.9,-73.906,21.802,-19.39,0.0319956328941446,0.928873217458135,0.0279961787823768,0.367949778282663
435.3,-71.227,21.846,-22.145,0.0279933243881052,0.925779227978052,0.0289930859733948,0.375910356068842
436.3,-65.124,21.923,-27.626,0.0219893926764334,0.895567992640195,0.0229889105253625,0.443785924924382
436.7,-62.582,21.937,-29.183,0.0180112244903761,0.862537528372454,0.0190118480731747,0.505314909313329
437.1,-59.926,21.936,-30.227,0.0109973939264226,0.81380715055527,0.0139966831790833,0.580862351931956
437.4,-57.888,21.926,-30.676,0.0109957674441442,0.766704875423511,0.0139946131107291,0.641752972649145
437.8,-55.172,21.895,-30.743,0.0119983203527177,0.69390286039884,0.0099986002939314,0.719899221163062
438.1,-53.197,21.862,-30.42,0.0110018979911193,0.634109393306332,0.0070012078125305,0.773133377012294
438.5,-50.73,21.801,-29.548,0.00699688707772158,0.559750966217727,0,0.828631341061598
439,-47.874,21.717,-28.128,0.00799916013227685,0.516945723548392,-0.0109988451818808,0.855910134153623
439.4,-45.657,21.628,-26.929,0.00800085213613116,0.515054856263444,-0.00700074561911481,0.857091285083051
439.8,-43.511,21.551,-25.82,0.0089974360960169,0.523850723812539,-0.00299914536533899,0.851757283756267
440.3,-41.022,21.462,-24.647,0.012998290837125,0.537929266951788,0.000999868525932753,0.842889167361259
440.7,-39.222,21.394,-23.864,0.0140039776945781,0.548155698330629,0.00600170472624771,0.836237525190522
441.3,-37.011,21.324,-22.965,0.013995927777439,0.560836820224519,0.00899738214263942,0.827759157122819
441.8,-35.704,21.276,-22.449,0.0190082608844215,0.564245217832301,0.00700304348373427,0.825358696297249
442.4,-34.345,21.216,-21.837,0.0230011270828413,0.542026559952173,0.00300014701080542,0.840041163025507
443,-33.122,21.16,-21.088,0.0289979847100915,0.486966157028089,0,0.87293933282448
443.6,-31.682,21.054,-19.86,0.0199956614121593,0.407911492808049,0.000999783070607962,0.912801943465071
444.2,-30.197,20.964,-18.029,0.0199974005068902,0.311959447907487,0.00399948010137805,0.949876524077283
444.8,-28.803,20.869,-15.329,0.0149942358242754,0.199923144323672,0.0119953886594203,0.979623407185992
445.4,-27.843,20.762,-11.671,0.0180069970778112,0.0930361515686913,0.015005830898176,0.995386782912342
446.5,-27.106,20.46,-3.004,0.0170040219268348,0.0340080438536696,0.00900212925538312,0.999236347347527
447,-26.826,20.28,1.64,0.0170056212869065,0.0320105812459417,0.00500165331967839,0.999330333271743
447.6,-26.527,20.07,7.599,0.0139950955783491,0.0209926433675237,0.00799719747334235,0.999649684167793
448.1,-26.381,19.906,12.861,0.0159958656030434,0.0149961240028532,0.00599844960114127,0.999741600190211
448.6,-26.245,19.737,18.299,0.0139970819126001,0.010997707217043,0.00999791565185724,0.999791565185723
449.2,-26.134,19.537,24.946,0.00899860532425374,0.0149976755404229,0.00199969007205639,0.999845036028193
449.7,-25.964,19.377,30.564,0.00999749594086095,0.0199949918817219,-0.000999749594086098,0.999749594086095
450.2,-25.739,19.199,36.252,0.0119962097964619,0.0219930512935135,0.00199936829941031,0.999684149705157
450.7,-25.474,19.034,42.071,0.006997754081352,0.0229926205530137,0.00799743323583085,0.999679154478856
451.2,-25.237,18.868,47.963,0.0139945362002125,0.0239906334860786,0.00299882918575982,0.999609728586608
451.8,-24.934,18.66,55.133,0.00599829372811701,0.0229934592911152,0.00199943124270567,0.999715621352835
452.3,-24.68,18.443,61.021,0.0159934360414811,0.022990564309629,0.00599753851555539,0.999589752592566
452.9,-24.367,18.219,68.016,0.00599794305823606,0.0249914294093169,0.00499828588186338,0.999657176372676
453.5,-24.048,18.028,74.859,0.00599765837151965,0.0269894626718384,0.00399843891434644,0.999609728586608
